Производитель;Артикул;Наименование;Цена
WSM;20-705;"WSM 20-705 Copper Oil Drain Washer; Polaris";0
WSM;HR4421;"WSM HR4421 Crankshaft; Polaris RZR 900 RZR XP 11-12 With Rods";0
WSM;003-105-03;"WSM 003-105-03 Drive Shaft Bellow; Sea-Doo 1630 25-26";0
WSM;78-205;WSM 78-205 Fuel Injector: Polaris 925 / 1000 / 2000 14-26;0
WSM;005-450;WSM 005-450 kjh;0
WSM;GNH9950;"WSM GNH9950 Piston Rings; Polaris 300";0
WSM;010-967;"WSM 010-967 Piston Rings; Sea-Doo 1630 4-Tec 325 Hp 24-26 Standard";0
WSM;779-108;"WSM 779-108 Sender, Oil Pressure; Yamaha 150-350Hp 4 Stroke 2007-19";0
WSM;002-043;"WSM 002-043 Steering Cable; Kawasaki 650 SX 91-93";0
WSM;002-046-13;"WSM 002-046-13 Steering Cable; Sea-Doo 1630 20-26";0
WSM;003-118-09;"WSM 003-118-09 Support Ring; Sea-Doo 1630 GTX LTD / RXP X / RXT X 325 24-26";0
WSM;710-120;"WSM 710-120 Water Pump Housing; Mercruiser Bravo";0
WSM;005-453;"WSM 005-453 Yamaha 115Hp 2006-2014, JB,LB,XB; Engine Service Kit";0
WSM;005-455;"WSM 005-455 Yamaha 150-200Hp; Service Kit";0
WSM;014-050;"WSM 014-050 Fuel Valve Screw; Stainless Steel";0,16
WSM;525-05;"WSM 525-05 O-Ring, Crankshaft; Johnson / Evinrude 88 - 300 Hp 86-01";0,18
WSM;014-99;"WSM 014-99 Bolt, Hex Cap; 6 x 12 Stainless";0,26
WSM;014-025;"WSM 014-025 Bolt, Hex Cap; 5mm x 12mm";0,28
WSM;014-030;"WSM 014-030 Bolt, Socket Cap; 5mm x 16mm";0,28
WSM;008-681;"WSM 008-681 Jet Pump O-Ring; Polaris 650 / 750 SL / SLT 92-94";0,28
WSM;014-100;"WSM 014-100 Bolt, Socket Cap; 6mm x 16mm Stainless";0,3
WSM;008-642;"WSM 008-642 Jet Pump Outlet O-Ring; Sea-Doo 580 - 1630 89-26";0,3
WSM;527-95;"WSM 527-95 O-Ring, Crankshaft; Yamaha 25 Hp 4-Stroke 98-07";0,32
WSM;0555-10-01;"WSM 555-10-01 Drain Plug Gasket; Mercury / Mariner / Yamaha 2 - 350 / 500 - 700";0,34
WSM;007-488;"WSM 007-488 Crankcase Gasket; Yamaha 500 - 1900 89-26";0,38
WSM;007-476;"WSM 007-476 Exhaust Gasket; Yamaha 500 - 1200 89-00";0,38
WSM;008-668;"WSM 008-668 Head Bolt O-Ring; Polaris 1200 Genesis / Virage TXI 99-02";0,4
WSM;008-669;"WSM 008-669 Oil Pump O-Ring; Polaris 700 - 1200 96-04";0,4
WSM;014-104;"WSM 014-104 Bolt, Socket Cap Head; 6mm x 20mm";0,42
WSM;527-113;"WSM 527-113 O-Ring, Crankshaft; Yamaha 2.5 - 20 / 75 - 115 / 300 / 350 Hp 94-22";0,44
WSM;010-482;"WSM 010-482 Rotary Shaft Snap Ring; Sea-Doo 580 - 800 92-05";0,46
WSM;525-06;"WSM 525-06 O-Ring, Crankshaft; Johnson / Evinrude 20 - 35 Hp Cross Flow 76-05";0,48
WSM;008-683-22;"WSM 008-683-22 Crankcase O-Ring; Yamaha 1050 16-26";0,49
WSM;515-21;"WSM 515-21 Gasket, Crankcase; Johnson / Evinrude 6 / 88 - 115 Hp 73-98";0,49
WSM;555-45;"WSM 555-45 Gasket, Intake; Yamaha 9.9 Hp 4-Stroke 85-05";0,49
WSM;526-08;"WSM 526-08 O-Ring, Temperature Sensor; Mercruiser / Mercury / Mariner 20 - 400 Hp 96-18";0,5
WSM;008-587;"WSM 008-587 Oil Injector Pump O-Ring; Sea-Doo 580 - 951 92-07";0,52
WSM;525-03;"WSM 525-03 O-Ring, Crankshaft; Johnson / Evinrude / Yamaha 25 - 75 Hp 74-16";0,52
WSM;527-93;"WSM 527-93 O-Ring, Crankshaft; Yamaha 25 Hp 4-Stroke 98-07";0,52
WSM;555-15-01;"WSM 555-15-01 Drain Plug Gasket; Johnson / Evinrude / Mercury 5 - 15 Hp";0,53
WSM;525-13;"WSM 525-13 O-Ring, End Cap; Johnson / Evinrude 150 / 175 Hp 60 Degree 91-93";0,53
WSM;525-11;"WSM 525-11 O-Ring, End Cap; Johnson / Evinrude 20 - 35 / 90 - 175 Hp 76-06";0,53
WSM;525-08;"WSM 525-08 O-Ring, Crankshaft / Gearcase; Johnson / Evinrude 60 - 300 Hp 73-92";0,55
WSM;527-13;"WSM 527-13 O-Ring, Crankshaft; Yamaha 50 - 100 Hp 84-22";0,55
WSM;008-447;"WSM 008-447 Nose Cone O-Ring; Kawasaki 300 - 1100 86-11";0,56
WSM;008-410;"WSM 008-410 Oil Pump O-Ring; Kawasaki 300 / 650 - 1100 86-11";0,56
WSM;515-17;"WSM 515-17 Gasket, Thermostat; Johnson / Evinrude / OMC 65 - 75 Hp 72-85";0,58
WSM;515-20;"WSM 515-20 Gasket, Thermostat; Johnson / Evinrude 85 - 140 Hp V4 CrossFlow 77-98";0,58
WSM;008-667;"WSM 008-667 Injector O-Ring; Polaris 1200 Genesis / MSX 140 03-04";0,58
WSM;525-14;"WSM 525-14 O-Ring, Thermostat; Johnson / Evinrude 9.9 - 35 / 200 - 300 Hp 80-14";0,58
WSM;008-689-12;"WSM 008-689-12 Washer, Oil Cooler Bolt; Yamaha 1800 / 1900 09-26";0,58
WSM;700-310A;"WSM 700-310A Water Pump Impeller Key; Johnson / Evinrude 85 - 300 Hp";0,58
WSM;008-607;WSM 008-607 Oil Cap O-Ring: Kawasaki 110 - 400 81-11;0,59
WSM;810-250;"WSM 810-250 Screw, Oil Injection Block Off; Mercury / Mariner 50 - 200 Hp";0,59
WSM;008-599-01;"WSM 008-599-01 Crankcase Washer; Sea-Doo 951 98-07";0,6
WSM;008-672;"WSM 008-672 Cylinder Stud O-Ring; Tiger Shark 900 - 1100 95-99";0,6
WSM;555-78;"WSM 555-78 Head Plug Gasket; Mercury / Mariner / Yamaha 25 - 300 Hp 84-21";0,6
WSM;008-680;"WSM 008-680 Jet Pump O-Ring; Polaris 650 - 1200 94-04";0,6
WSM;008-677;"WSM 008-677 Jet Pump O-Ring; Polaris 650 / 750 SL 92-93";0,6
WSM;014-310;"WSM 014-310 Bolt, Hex Head Case; Polaris 650 - 785 92-00";0,61
WSM;008-419;"WSM 008-419 Crankshaft O-Ring; Kawasaki 900 STS / STX / ZXi 95-06";0,61
WSM;008-638-02;"WSM 008-638-02 Support Ring O-Ring; Sea-Doo 900 / 1503 / 1630 04-26";0,61
WSM;008-638;"WSM 008-638 Drive Line O-Ring; Kawasaki / Polaris / Sea-Doo 580 - 1500 93-13";0,64
WSM;008-415;"WSM 008-415 Electric Case O-Ring; Kawasaki / Mercury 300 - 1100 76-11";0,64
WSM;650-10;"WSM 650-10 Fuse; 12V 10 Amp";0,64
WSM;650-15;"WSM 650-15 Fuse; 12V 15 Amp";0,64
WSM;650-30;"WSM 650-30 Fuse; 12V 30 Amp";0,64
WSM;014-50;WSM 014-50 Plastic Barb;0,64
WSM;006-518;"WSM 006-518 Plastic T Fitting; 1/8'' x 1/8'' x 1/8''";0,64
WSM;0555-12-01;"WSM 555-12-01 Drain Plug Gasket; Volvo";0,65
WSM;014-106;"WSM 014-106 Bolt, Socket Head Cover; Sea-Doo 720 - 3000 99-20";0,66
WSM;555-13-01;"WSM 555-13-01 Drain Plug Gasket; Mercury / Nissan / Tohstsu 2.5 - 140 Hp";0,66
WSM;007-496;"WSM 007-496 Flame Arrestor Gasket; Kawasaki 550 87-90";0,66
WSM;584-125;"WSM 584-125 Gasket, Push Rod Cover Bolt; Mercruiser GM 4 Cylinder";0,66
WSM;008-611;"WSM 008-611 Head Sensor O-Ring; Sea-Doo 580 - 720 89-96";0,66
WSM;008-599-17;"WSM 008-599-17 Oil Pump O-Ring; Sea-Doo 1503 4-Tec 02-05";0,66
WSM;008-593;"WSM 008-593 Cylinder Head Stud O-Ring; Sea-Doo 951 97-02";0,68
WSM;541-10;"WSM 541-10 Gasket, Bearing Cage; Chrysler / Force 35 - 55 Hp";0,68
WSM;520-03;"WSM 520-03 Gasket, Bypass Cover; Johnson / Evinrude 85 - 235 Hp V4 / V6 Cross Flow 77-98";0,68
WSM;525-07;"WSM 525-07 O-Ring, Crankshaft; Johnson / Evinrude / Sea-Doo / Can-Am / Yamaha 4 - 150 Hp / 500-1000/1503/1630";0,68
WSM;0555-11-01;"WSM 555-11-01 Drain Plug Gasket; Johnson / Evinrude / Mercury / Mariner / Mercruiser / Force / OMC 5 - 300 Hp";0,7
WSM;555-14-01;"WSM 555-14-01 Drain Plug Gasket; Johnson / Evinrude / Suzuki 2 - 115 Hp 4-Stroke";0,7
WSM;540-02;"WSM 540-02 Gasket, Fuel Pump; Johnson / Evinrude 3 - 140 Hp 75-07";0,7
WSM;008-427;"WSM 008-427 Crankshaft O-Ring; Kawasaki 300 / 650 / 750 86-95";0,72
WSM;008-600;"WSM 008-600 Crankshaft O-Ring; Sea-Doo 580 / 650 89-96";0,72
WSM;008-644;"WSM 008-644 Impeller Shaft O-Ring; Kawasaki 550 - 750 88-94";0,72
WSM;008-421-01;"WSM 008-421-01 Jet Pump O-Ring; Kawasaki 1500 160 / 300 / 310 / LX 11-26";0,72
WSM;007-597-02;"WSM 007-597-02 Oil Pipe Gasket; Yamaha 1000 / 1100 03-15";0,72
WSM;526-31;"WSM 526-31 O-Ring, Oil Drain Tube; Mercury 75 - 400 Hp 4 / 6 Cyl Verado";0,72
WSM;010-454;"WSM 010-454 Rotary Shaft C-Clip; Sea-Doo 580 - 800 89-05";0,73
WSM;008-422;WSM 008-422 Crankcase Pipe / Oil O-Ring: Kawasaki 360 - 1000 / 1200 / 1500 94-26;0,74
WSM;008-601;"WSM 008-601 Crankshaft O-Ring; Sea-Doo 580 / 650 89-96";0,74
WSM;008-441;"WSM 008-441 Injection Nozzle O-Ring; Kawasaki / Yamaha 250 / 450 / 620 - 1800 03-26";0,74
WSM;525-12;"WSM 525-12 O-Ring, Thermostat; Johnson / Evinrude 9.9 / 15 / 40 - 50 / 90 - 175 Hp 89-06";0,74
WSM;001-103;"WSM 001-103 WSM Sticker; 5''";0,74
WSM;014-107;"WSM 014-107 Bolt, Socket Cap Head; 6mm x 30mm";0,76
WSM;520-01;"WSM 520-01 Gasket, Thermostat; Johnson / Evinrude 150 - 235 Hp V6 Cross Flow 77-92";0,76
WSM;007-533;"WSM 007-533 Oil Pump Gasket; Yamaha 650 - 760 90-04";0,76
WSM;584-112;"WSM 584-112 Valve Stem O-Ring; Gen V 7.4L 454 CI.";0,76
WSM;517-32;"WSM 517-32 Gasket, Valve Bypass; Chrysler / Force 55 - 140 Hp";0,77
WSM;008-676;"WSM 008-676 Jet Pump O-Ring; Polaris 650 / 750 SL 92-93";0,77
WSM;008-679;"WSM 008-679 Thermostat O-Ring; Polaris 650 - 1200 94-04";0,77
WSM;007-537;"WSM 007-537 Water Manifold Gasket; Polaris 650 - 780 92-97";0,77
WSM;516-29;"WSM 516-29 Gasket, Attenuator To Carburetor; Mercury / Mariner 105 - 210 Hp 81-05";0,78
WSM;517-28;"WSM 517-28 Gasket, Carburetor; Chrysler 70 - 85 Hp 3 Cyl 79-80";0,78
WSM;516-24;"WSM 516-24 Gasket, Carburetor; Mercury / Mariner 120 - 200 Hp 76-94";0,78
WSM;516-10;"WSM 516-10 Gasket, Carburetor; Mercury / Mariner 20 - 45 Hp 73-97";0,78
WSM;540-30;"WSM 540-30 Gasket, Cork; Mercury 105 - 300 Hp";0,78
WSM;517-13;"WSM 517-13 Gasket, Cylinder Drain Cover; Chrysler / Force 35 - 50 Hp";0,78
WSM;516-11;"WSM 516-11 Gasket, Transfer Port; Mercury / Mariner 30 - 45 Hp 87-97";0,78
WSM;516-12;"WSM 516-12 Gasket, Water Tube; Mercury / Mariner 30 - 45 Hp 87-97";0,78
WSM;010-497-06;"WSM 010-497-06 Power Valve Component; Yamaha 800 / 1200 /  1300 99-05";0,8
WSM;007-528;"WSM 007-528 Flame Arrestor Gasket; Yamaha 650 / 700 90-97";0,82
WSM;0515-03-01;"WSM 515-03-01 Gasket, Carburetor; Johnson / Evinrude 5 - 15 Hp 74-05";0,82
WSM;516-37;"WSM 516-37 Gasket, Carburetor; Mercury / Mariner 105 - 225 Hp 76-99";0,82
WSM;541-26;"WSM 541-26 Gasket, Fuel Pump; Mariner / Yamaha 25 - 300 Hp 85-15";0,82
WSM;515-01;"WSM 515-01 Gasket, Reed; Johnson / Evinrude 85 - 235 Hp V4 / V6 Cross Flow 73-98";0,82
WSM;008-559;"WSM 008-559 Joint Pipe O-Ring; Yamaha 650 - 1300 90-20";0,82
WSM;526-17;"WSM 526-17 O-Ring, Gearcase; Mercury";0,82
WSM;517-40;"WSM 517-40 Gasket, Carburetor; Chrysler / Force / Mercury 40 - 150 Hp";0,83
WSM;014-108;"WSM 014-108 Bolt, Socket Cap Head; 6mm x 35mm";0,84
WSM;008-425;"WSM 008-425 Crankshaft Bearing O-Ring; Kawasaki / Sea-Doo 440 - 650 77-95";0,84
WSM;014-940;"WSM 014-940 Bolt, Hex Cap; 1/4'' x 1'' Stainless";0,85
WSM;014-942;"WSM 014-942 Bolt, Hex Cap; 1/4'' x 1.5''";0,85
WSM;014-939;"WSM 014-939 Bolt, Hex Cap; 1/4'' x 3/4''";0,85
WSM;014-945;"WSM 014-945 Bolt, Hex Cap; 1/4'' x 3/4''";0,85
WSM;517-12;"WSM 517-12 Gasket, Cylinder Drain Plate; Chrysler / Force 35 - 50 Hp";0,85
WSM;517-14;"WSM 517-14 Gasket, Intake; Chrysler / Force 20 - 50 Hp 77-99";0,85
WSM;517-11;"WSM 517-11 Gasket, Thermostat; Force 40 / 50 Hp 2 Cyl 92-99";0,85
WSM;517-31;"WSM 517-31 Gasket, Thermostat; Force 75 - 120 Hp 96-00";0,85
WSM;014-501-01;"WSM 014-501-01 Washer, Lock; 1/4'' Stainless - Pack Of 10";0,85
WSM;008-653;"WSM 008-653 Drain Plug O-Ring; Yamaha";0,86
WSM;515-03;"WSM 515-03 Gasket, Carburetor; Johnson / Evinrude 85 - 235 Hp Cross Flow 80-98";0,86
WSM;525-16;"WSM 525-16 Gasket, Thermostat; Johnson / Evinrude 40 - 200 Hp E-Tec 04-17";0,86
WSM;515-19;"WSM 515-19 Gasket, Thermostat; Johnson / Evinrude 40 - 70 / 120 - 140 / 250 / 300 Hp 86-05";0,86
WSM;007-339;"WSM 007-339 Intake Manifold Plug Washer; Kawasaki 1200 / 1500 03-22";0,86
WSM;008-416;"WSM 008-416 Oil Cap O-Ring; Kawasaki 400 - 1200 77-11";0,86
WSM;007-296;"WSM 007-296 Oil Pump Gasket; Yamaha 800 / 1100-1300 95-14";0,86
WSM;0525-05-01;"WSM 525-05-01 O-Ring, Crankshaft; Johnson / Evinrude 88 - 300 Hp 86-01";0,86
WSM;008-426;"WSM 008-426 O-Ring; Kawasaki 440 - 550 / 1200 - 1500 77-23";0,86
WSM;007-560;"WSM 007-560 Reed Valve Gasket; Yamaha 700 93-97";0,86
WSM;517-26;"WSM 517-26 Gasket, Reed; Force 75 / 95 Hp";0,89
WSM;526-38;"WSM 526-38 O-Ring, Oil Pump Mounting; Mercury 200 / 400 Hp Verado 6 Cyl";0,89
WSM;526-07;"WSM 526-07 O-Ring, Temperature Sensor; Mercruiser / Mercury / Yamaha 30 - 350 Hp / 1000 / 1100";0,89
WSM;541-14;"WSM 541-14 Bearing Cage O-Ring; Chrysler / Force 55 - 140 Hp";0,9
WSM;COU109UA;"WSM COU109UA Countersink Hex Head Plug; 1/8''";0,9
WSM;008-422-05;"WSM 008-422-05 Crankcase O-Ring; Kawasaki 1200 / 1500 STX-F / Ultra 250 03-08";0,9
WSM;516-16;"WSM 516-16 Gasket, Carburetor; Mercury / Mariner 50 / 60 Hp 3 Cyl 84-90";0,9
WSM;527-58;"WSM 527-58 O-Ring; Mercruiser / Mercury / Mariner / Yamaha 6 - 225 Hp / 700 - 1200";0,9
WSM;007-494;"WSM 007-494 Carburetor Gasket; Kawasaki / Polaris / Yamaha 300 - 780 77-04";0,91
WSM;008-683;"WSM 008-683 Carburetor O-Ring; Yamaha 800 / 1200 98-05";0,91
WSM;525-02;"WSM 525-02 O-Ring, End Cap, Bearing Carrier; Johnson / Evinrude 75 - 235 Hp 73-98";0,91
WSM;526-102;"WSM 526-102 O-Ring, Telltale / Jet Pump; Mercury 75 - 115 Hp 4 Stroke 175 - 240 Sport Jet";0,91
WSM;006-521;"WSM 006-521 Plastic T Fitting; 1/4'' x 1/4'' x 1/8''";0,91
WSM;008-584;"WSM 008-584 Spark Plug O-Ring; Sea-Doo 580 - 800 89-05";0,91
WSM;007-537-01;"WSM 007-537-01 Water Manifold Gasket; Polaris 700 - 1200 96-04";0,91
WSM;515-33;"WSM 515-33 Gasket, Carburetor; Johnson / Evinrude 25 / 35 Hp Cross Flow 76-81";0,92
WSM;517-48;"WSM 517-48 Gasket, Cylinder Drain Plate; Chrysler / Force 90 - 140 Hp 77-88";0,92
WSM;517-49;"WSM 517-49 Gasket, Cylinder Drain; Chrysler / Force 90 - 140 Hp 77-88";0,92
WSM;527-57;"WSM 527-57 O-Ring, Oil Pump; Yamaha 9.9 Hp 4-Stroke 90-05";0,92
WSM;517-30;"WSM 517-30 Gasket, Cylinder Drain; Chrysler / Force 70 - 90 Hp";0,95
WSM;516-36;"WSM 516-36 Gasket, Carburetor; Mercury / Mariner 105 - 225 Hp 96-06";0,97
WSM;527-66;"WSM 527-66 O-Ring, Fuel Filter; Yamaha 9.9 - 225 Hp 94-21";0,97
WSM;526-16;"WSM 526-16 O-Ring, Gearcase; Johnson / Evinrude / Mercury / Mercruiser 6 - 300 Hp";0,97
WSM;008-429-01;"WSM 008-429-01 Cam Sensor O-Ring; Kawasaki 820 / 1000 - 1500 01-26";0,98
WSM;008-573;"WSM 008-573 Drive Shaft O-Ring; Kawasaki 300 - 550 JS 77-92";1,01
WSM;540-26;"WSM 540-26 Gasket, Thermostat; Mercury / Mariner 40 - 60 Hp 3 Cyl 91-07";1,01
WSM;525-10;"WSM 525-10 O-Ring, Crankshaft; Johnson / Evinrude 9.9 - 15 Hp 74-07";1,01
WSM;526-15;"WSM 526-15 O-Ring, End Cap; Mercury / Mariner /  Mercruiser 65 - 300 Hp";1,01
WSM;008-585;"WSM 008-585 Drive Shaft O-Ring; Sea-Doo 580 / 720 / 800 95-97";1,02
WSM;520-02;"WSM 520-02 Gasket, Bypass Cover; Johnson / Evinrude 85 - 235 Hp V4 / V6 Cross Flow 73-98";1,02
WSM;700-310C;"WSM 700-310C O-Ring, Water Pump Tube; Johnson / Evinrude 3.3 / 3.4 Liter";1,02
WSM;007-527;"WSM 007-527 Reed Valve Gasket; Yamaha 650 90-96";1,02
WSM;014-501-02;"WSM 014-501-02 Washer, Lock; 5/16'' Stainless - Pack Of 10";1,02
WSM;008-692;"WSM 008-692 Oil Pipe O-Ring; Yamaha 1000 / 1100 02-15";1,03
WSM;527-53;"WSM 527-53 O-Ring, Crankshaft; Yamaha 6 - 15 Hp 84-22";1,03
WSM;007-536;"WSM 007-536 Flame Arrestor Gasket; Polaris 650 - 780 92-97";1,04
WSM;010-497-07;"WSM 010-497-07 Power Valve Component; Yamaha 800 / 1200 /  1300 99-05";1,04
WSM;002-519;"WSM 002-519 Washer Rubber Cable Nut; Sea-Doo 720 - 1630 98-26";1,04
WSM;007-588-01;"WSM 007-588-01 Cam Chain Plug Gasket; Sea-Doo / Can-Am 500 - 1000 / 1503 / 1630 02-26";1,06
WSM;540-32;"WSM 540-32 Gasket, Thermostat; Johnson / Evinrude / Mercury / Mariner 6 - 300 Hp 74-18";1,06
WSM;540-26-02;"WSM 540-26-02 Gasket, Thermostat; Mercury / Mariner 30 - 60 Hp 3 Cyl 97-14";1,06
WSM;526-13;"WSM 526-13 O-Ring, Crankshaft; Chrysler / Force / Mercury / Mariner /  Mercruiser / Yamaha 6 - 300 Hp";1,06
WSM;526-29;"WSM 526-29 O-Ring, Crankshaft; Mercury / Mariner 35 - 300 Hp";1,06
WSM;700-310B;"WSM 700-310B O-Ring, Water Pump Impeller; Johnson / Evinrude 85 - 300 Hp";1,06
WSM;008-641;"WSM 008-641 Nose Cone O-Ring; Kawasaki / Sea-Doo 580 - 1500 89-26";1,07
WSM;008-675;"WSM 008-675 Nose Cone O-Ring; Polaris 650 / 750 SL 92-93";1,07
WSM;008-619;"WSM 008-619 Power Valve O-Ring; Sea-Doo 800 / 951 95-99";1,07
WSM;010-459;"WSM 010-459 Rotary Shaft Bearing Washer; Sea-Doo 580 - 800 92-05";1,07
WSM;COU109XA;"WSM COU109XA Hex Head Plug; 1/8''";1,09
WSM;008-431;"WSM 008-431 Air Filter Cover O-Ring; Kawasaki 1200 / 1500 03-26";1,12
WSM;010-486;"WSM 010-486 Crankshaft Shim; Polaris 650 - 780 92-96";1,12
WSM;584-115;"WSM 584-115 Gasket, Distributor; Mercruiser / OMC / Volvo 4.3 / 5.0 / 5.7 / 7.4L V6 / V8";1,12
WSM;540-28;"WSM 540-28 Gasket, Relief Valve; Mercury / Mariner 105 - 240 Hp 76-06";1,12
WSM;526-30;"WSM 526-30 O-Ring, Coupler; Chrysler / Force / Mercury / Mariner / Mercruiser / OMC 5 - 400 Hp";1,12
WSM;007-534;"WSM 007-534 Reed Valve Gasket; Polaris 650 / 750 - 785 92-00";1,12
WSM;584-110;"WSM 584-110 Valve Stem O-Ring; Mercruiser / OMC";1,12
WSM;515-46;"WSM 515-46 Washer, Fiber; Mercury / Mariner / Yamaha 25 - 300 Hp 2 / 4-Stroke 84-21";1,12
WSM;003-450;"WSM 003-450 Jet Pump Dowel Pins; Yamaha 250 / 800 - 1900 99-26";1,14
WSM;445-118;"WSM 445-118 O-Ring, Drive Shaft Bearing; Johnson / Evinrude 40 - 300 Hp";1,14
WSM;526-10;"WSM 526-10 O-Ring, End Cap; Mercury / Mariner / Mercruiser 30 - 135 Hp";1,14
WSM;527-99;"WSM 527-99 O-Ring, Oil Pump; Mercury 60 Hp 4-Stroke 95-21";1,15
WSM;555-88;"WSM 555-88 Washer; Yamaha 25 - 225 Hp / 50 - 700 / 1000 - 1200 / 1900";1,15
WSM;008-557;"WSM 008-557 Bearing Housing O-Ring; Yamaha 500 / 650 89-93";1,16
WSM;008-451;"WSM 008-451 Crankshaft O-Ring; Yamaha 500 Wave Jammer / Wave Runner 87-93";1,16
WSM;008-552;"WSM 008-552 Crankshaft O-Ring; Yamaha 500 Wave Runner 87-93";1,16
WSM;008-599-28;"WSM 008-599-28 Oil Pump O-Ring; Sea-Doo / Can-Am 900 14-26";1,16
WSM;008-599-26;"WSM 008-599-26 Oil Tube O-Ring; Sea-Doo / Can-Am 900 / 1000 14-26";1,16
WSM;526-100;"WSM 526-100 O-Ring; Mercury / Mercruiser 75 - 150 Hp / 3.0 - 6.2L";1,16
WSM;006-539;"WSM 006-539 Carburetor Plug, Brass; Keihin";1,18
WSM;006-537;"WSM 006-537 Carburetor Plug, Brass; Mikuni";1,18
WSM;010-481;"WSM 010-481 Flywheel Key; Sea-Doo 720 - 951 98-07";1,18
WSM;541-28;"WSM 541-28 Gasket, Bypass Cover; Yamaha 115 - 250 Hp 84-15";1,18
WSM;517-16;"WSM 517-16 Gasket, Carburetor; Chrysler / Force 20 - 60 Hp 77-88";1,18
WSM;518-29;"WSM 518-29 Gasket, Reed; Yamaha 200 - 300 Hp 3.3L HPDI 03-10";1,18
WSM;540-07;"WSM 540-07 Gasket, Regulator; Johnson / Evinrude 75 - 175 Hp 91-06";1,18
WSM;541-33;"WSM 541-33 Gasket, Thermostat; Yamaha 20 - 50 / 200 - 250 Hp 84-08";1,18
WSM;007-501;"WSM 007-501 Intake Manifold Gasket; Kawasaki 440 / 550 JS 77-92";1,18
WSM;525-04;"WSM 525-04 O-Ring, End Cap; Johnson / Evinrude 120 - 300 Hp 85-01";1,18
WSM;526-23;"WSM 526-23 O-Ring, Oil Block Off; Force / Mercruiser / Mercury / Mariner 9.9 - 250 Hp 88-98";1,18
WSM;526-22;"WSM 526-22 O-Ring, Oil Pump; Mercruiser / Mercury / Mariner 30 - 300 Hp 90-21";1,18
WSM;516-17;"WSM 516-17 Gasket, Carburetor; Mercury / Mariner 30 - 125 Hp";1,19
WSM;007-594-17;"WSM 007-594-17 Oil Pipe Gasket; Yamaha 1800 08-11";1,19
WSM;400-335;"WSM 400-335 Piston Clips; Yamaha 200 - 250 Hp 4-Stroke 07-10";1,19
WSM;770-110;"WSM 770-110 Water Pump Housing Washer; Mercury / Mariner / Yamaha 8 - 15 /  115 - 300 Hp";1,2
WSM;515-18;"WSM 515-18 Seal, Thermostat; Johnson / Evinrude 60 - 70 / 120 - 300 Hp 76-93";1,22
WSM;010-002-05;"WSM 010-002-05 Valve Spring Seat; Yamaha 1100";1,22
WSM;010-002-06;"WSM 010-002-06 Valve Spring Seat; Yamaha 1100";1,22
WSM;600-518;"WSM 600-518 Carburetor Needle Retainer, Adjusting; Johnson / Evinrude 6 - 75 Hp";1,24
WSM;541-12;"WSM 541-12 Gasket, Base Plate; Chrysler / Force 40 - 50 Hp";1,24
WSM;540-28-01;"WSM 540-28-01 Gasket, Relief Valve; Mercury / Mariner / Mercruiser 135 - 300 Hp";1,24
WSM;007-538-01;"WSM 007-538-01 Air Intake Gasket; Tiger Shark 640 / 770 94-99";1,25
WSM;007-538-03;"WSM 007-538-03 Air Intake Gasket; Tiger Shark 900 - 1100 95-99";1,25
WSM;650-055;WSM 650-055 Jaw Slide Black 7/8;1,25
WSM;008-678;"WSM 008-678 Nose Cone O-Ring; Polaris 650 - 1200 94-04";1,25
WSM;53-227;"WSM 53-227 Piston Clips; Honda 420 - 520 / 1200 / 1500 98-26";1,25
WSM;007-570;"WSM 007-570 Starter Gasket; Sea-Doo 580 / 650 89-94";1,25
WSM;20-603;"WSM 20-603 Water Inlet Gasket; Yamaha 350 Banshee 87-06";1,25
WSM;007-320;"WSM 007-320 Water Manifold Gasket; Kawasaki 1200 Ultra 150 / STX-R 99-05";1,25
WSM;006-452;"WSM 006-452 Carburetor 115 Gram Spring; Mikuni SBN";1,26
WSM;006-450;"WSM 006-450 Carburetor 80 Gram Spring; Mikuni SBN";1,26
WSM;006-451;"WSM 006-451 Carburetor 95 Gram Spring; Mikuni SBN";1,26
WSM;007-585;"WSM 007-585 Exhaust Valve Gasket; Sea-Doo 800 95-99";1,26
WSM;13-161-03;"WSM 13-161-03 Hose Clamp; 1/2'' - 1''";1,26
WSM;13-161;"WSM 13-161 Hose Clamp; 1/4'' - 5/8''";1,26
WSM;13-161-01;"WSM 13-161-01 Hose Clamp; 5/16'' - 7/8''";1,26
WSM;008-570;"WSM 008-570 Impeller Shaft O-Ring; Kawasaki 550 JS 82-89";1,26
WSM;002-520;"WSM 002-520 Washer Rubber Cable Nut; Sea-Doo 580 - 1503 4-Tec 96-12";1,26
WSM;008-561;"WSM 008-561 Jet Pump O-Ring; Yamaha 700 / 1050 16-26";1,28
WSM;010-029;"WSM 010-029 Power Valve Clip Spring; Sea-Doo 800 / 951 97-05";1,28
WSM;369-110;"WSM 369-110 Spark Plug Boot; 90° Black";1,28
WSM;369-120;"WSM 369-120 Spark Plug Boot; 90° Black";1,28
WSM;369-100;"WSM 369-100 Wires, Ignition Boot; Black";1,28
WSM;007-574-01;"WSM 007-574-01 Carburetor Gasket; Sea-Doo 580 - 800 94-05";1,3
WSM;520-28;"WSM 520-28 Gasket, Water Cover; Johnson / Evinrude 9.9 / 15 Hp Cross Flow 76-87";1,3
WSM;13-161-04;"WSM 13-161-04 Hose Clamp; 13/16'' - 1.5''";1,3
WSM;527-56;"WSM 527-56 O-Ring, Cylinder Block; Yamaha 150 - 200 Hp L4 2.8L 4-Stroke";1,3
WSM;555-25;"WSM 555-25 Drain Plug Gasket; Johnson / Evinrude / Suzuki 25 - 300 Hp 4-Stroke 98-21";1,31
WSM;007-487-01;"WSM 007-487-01 Flame Arrestor Gasket; Polaris 700 / 800 - 1200 96-04";1,31
WSM;008-553;"WSM 008-553 Crankshaft O-Ring; Yamaha 650 / 700 90-09";1,32
WSM;555-47;"WSM 555-47 Gasket, Breather; Yamaha 9.9 Hp 4-Stroke 85-05";1,32
WSM;555-46;"WSM 555-46 Gasket, Intake; Yamaha 9.9 Hp 4-Stroke 85-05";1,32
WSM;007-499;"WSM 007-499 Reed Valve Gasket; Kawasaki 300 / 650 86-96";1,32
WSM;785-100-05;WSM 785-100-05 Washer, Poppet Valve: Mercury  40 - 200 Hp;1,32
WSM;010-481-01;"WSM 010-481-01 Flywheel Key; Kawasaki 300 - 1200 86-11";1,33
WSM;521-16;"WSM 521-16 Gasket, Baffle Plate; Mercury / Mariner 50 / 60 Hp 3 Cyl 87-90";1,33
WSM;541-34-01;"WSM 541-34-01 Gasket, Crankcase Cover; Yamaha 300 Hp HPDI 04-10";1,33
WSM;540-04;"WSM 540-04 Gasket, Thermostat; Johnson / Evinrude 185 - 250 Hp";1,33
WSM;13-161-05;"WSM 13-161-05 Hose Clamp; 3/4'' - 1.75''";1,33
WSM;008-435;"WSM 008-435 Jet Pump O-Ring; Kawasaki 550 - 1500 86-11";1,33
WSM;008-689-02;"WSM 008-689-02 Oil Cooler Connector O-Ring; Yamaha 1000 - 1100 / 1800 / 1900 02-26";1,33
WSM;517-23;"WSM 517-23 Gasket, Reed Block; Force 75 - 95 Hp 3 Cyl 91-99";1,34
WSM;13-161-02;"WSM 13-161-02 Hose Clamp; 1.25'' - 2''";1,34
WSM;007-594-18;"WSM 007-594-18 Oil Pipe Gasket; Yamaha 1800 / 1900 08-26";1,34
WSM;526-18;"WSM 526-18 O-Ring, End Cap; Mercury / Mariner /  Mercruiser 70 - 240 Hp";1,34
WSM;526-19;"WSM 526-19 O-Ring, End Cap; Mercury / Mariner /  Mercruiser 90 - 485 Hp";1,34
WSM;526-20;"WSM 526-20 O-Ring, End Cap; Mercury / Mariner 110 - 300 Hp";1,34
WSM;007-538;"WSM 007-538 Reed Valve Gasket; Tiger Shark 640 - 1100 94-99";1,34
WSM;526-12;"WSM 526-12 O-Ring, End Cap; Mercury / Mariner /  Mercruiser 30 - 150 Hp 72-97";1,36
WSM;003-102-01;"WSM 003-102-01 Drive Shaft Bellow Clamp; Sea-Doo 580 / 650 / 800";1,37
WSM;515-26;"WSM 515-26 Gasket, Throttle Body; Johnson / Evinrude 120 - 300 Hp 85-95";1,37
WSM;520-09;"WSM 520-09 Gasket, Water Passage; Johnson / Evinrude 85 - 200 Hp Cross Flow 73-79";1,37
WSM;527-22;"WSM 527-22 O-Ring, Air Box To Plate; Yamaha 75 - 100 Hp 4-Stroke 99-04";1,39
WSM;008-594-01;"WSM 008-594-01 Power Valve Stem O-Ring; Sea-Doo 951 DI 00-07";1,39
WSM;520-23;"WSM 520-23 	Gasket, Exhaust; Johnson / Evinrude 85 - 140 Hp V4 Inner";1,4
WSM;527-14;"WSM 527-14 O-Ring, Intake; Yamaha 25 / 60 - 90 Hp 92-21";1,4
WSM;007-356;"WSM 007-356 Exhaust Gasket; Yamaha 760 96-00";1,42
WSM;20-402;"WSM 20-402 Exhuast Gasket; Honda 250 ATC-R / TRX-R 81-89";1,42
WSM;008-599-22;"WSM 008-599-22 Filler Tube Gasket; Sea-Doo 1503 4-Tec 06-17";1,42
WSM;515-02;"WSM 515-02 Gasket, Air Silencer; Johnson / Evinrude 85 - 235 Hp CrossFlow 76-98";1,42
WSM;555-126;"WSM 555-126 Gasket, Crankcase; Yamaha 200 - 350 Hp 4-Stroke 05-21";1,42
WSM;540-10;"WSM 540-10 Gasket, Fuel Pump; Mercury / Mariner 70 - 90 / 135 / 150 / 220 Hp 87-91";1,42
WSM;517-46;"WSM 517-46 Gasket, Reed Plate; Chrysler / Force 90 - 150 Hp";1,42
WSM;515-28;"WSM 515-28 Gasket, Reed; Johnson / Evinrude 120 - 300 Hp 86-05";1,42
WSM;584-527;"WSM 584-527 Gasket, Thermostat; Mercruiser";1,42
WSM;541-34;"WSM 541-34 Gasket, Thermostat; Yamaha 200 - 300 Hp HPDI 03-10";1,42
WSM;584-155;"WSM 584-155 Gasket, Water Pump; Mercruiser / Yamaha 4.3 / 5.0 / 5.7L. 262 / 305 / 350 CI.";1,42
WSM;006-712;"WSM 006-712 Hose / Bleed Line, Oil Injection; Sold Per Foot I.D 3mm";1,42
WSM;003-430;"WSM 003-430 Jet Pump Fitting; Sea-Doo 580 - 800 89-02";1,42
WSM;010-483;"WSM 010-483 Rotary Shaft Snap Ring; Sea-Doo 580 - 800 89-05";1,42
WSM;007-573-04;"WSM 007-573-04 Solenoid Shut Off Gasket; Sea-Doo 1503 GTX 4-Tec 02-05";1,42
WSM;010-137W;"WSM 010-137W Upper Rod Washer; Force / Mercury / Mariner 30 - 240 Hp";1,42
WSM;014-400;"WSM 014-400 Washer, Flat; 5mm Stainless - Pack Of 10";1,42
WSM;40-135;"WSM 40-135 Water Pump Seal; Polaris 400 96-13 #2";1,42
WSM;008-602;"WSM 008-602 Crankshaft O-Ring; Sea-Doo 580 / 650 90-93";1,43
WSM;526-21;"WSM 526-21 O-Ring, Oil Pump; Mercury / Mariner 105 - 300 Hp";1,43
WSM;008-609;"WSM 008-609 Rotary Shaft O-Ring; Sea-Doo 580 - 800 92-05";1,44
WSM;COU109UC;"WSM COU109UC Countersink Hex Head Plug; 1/4''";1,45
WSM;555-22;"WSM 555-22 Drain Plug Gasket; Mercury / Mariner / Yamaha 9.9 - 350 Hp";1,45
WSM;COU109XC;"WSM COU109XC Hex Head Plug; 1/4''";1,45
WSM;COU220C;"WSM COU220C Hose Barb; 1/4'' Hose x 1/8'' Male";1,45
WSM;527-60;"WSM 527-60 O-Ring, Oil Pump; Yamaha 9.9 Hp 4-Stroke 90-05";1,45
WSM;008-586;"WSM 008-586 Balance Shaft O-Ring; Sea-Doo 800 / 951 95-07";1,46
WSM;007-493;"WSM 007-493 Carburetor Gasket; Kawasaki 550 SX 87-90";1,46
WSM;007-526;"WSM 007-526 Carburetor Gasket; Yamaha 650 / 700 90-97";1,46
WSM;584-354;"WSM 584-354 Gasket, Thermostat; Mercruiser";1,46
WSM;008-649;"WSM 008-649 Jet Pump O-Ring; Sea-Doo 1503 04-09";1,46
WSM;008-421;"WSM 008-421 Jet Pump Outlet O-Ring; Kawasaki 1100 - 1500 99-26";1,46
WSM;526-104;"WSM 526-104 O-Ring, Cooling Fitting; Mercury 75 - 115 Hp 4 Stroke";1,46
WSM;008-558;"WSM 008-558 O-Ring, Crankshaft; Yamaha 9.9 / 15 / 60 - 90 Hp / 500 - 1300";1,46
WSM;541-44;"WSM 541-44 O-Ring, Oil Pump; Yamaha 200 - 300 Hp 90-10";1,46
WSM;584-227;"WSM 584-227 O-Ring, Thermostat; Mercruiser";1,46
WSM;008-594;"WSM 008-594 Power Valve Stem O-Ring; Sea-Doo 800 / 951 95-05";1,49
WSM;014-500;"WSM 014-500 Washer, Lock; 5mm Stainless - Pack Of 10";1,49
WSM;008-450;"WSM 008-450 Waterbox O-Ring; Kawasaki 650 / 750 89-99";1,5
WSM;515-16;"WSM 515-16 Gasket, Thermostat; Johnson / Evinrude 60 - 75 Hp Looper 72-88";1,51
WSM;014-401;"WSM 014-401 Washer, Flat; 6mm Stainless - Pack Of 10";1,51
WSM;014-402;"WSM 014-402 Washer, Flat; 8mm Stainless - Pack Of 10";1,51
WSM;014-501;"WSM 014-501 Washer, Lock; 6mm Stainless - Pack Of 10";1,51
WSM;014-502;"WSM 014-502 Washer, Lock; 8mm Stainless - Pack Of 10";1,51
WSM;003-095-01;"WSM 003-095-01 Bearing Housing Snap Ring; Yamaha 1800 / 1900 08-26";1,52
WSM;011-516;"WSM 011-516 Exhaust Bushing Sleeve; Sea-Doo 580 - 800 93-07";1,52
WSM;518-13;"WSM 518-13 Gasket, Carburetor; Yamaha 85 / 90 Hp 84-91";1,52
WSM;555-120;"WSM 555-120 Washer, Fiber; Yamaha 9.9 / 15 / 115 - 220 Hp";1,52
WSM;008-630;"WSM 008-630 Crankshaft Coupler O-Ring; Yamaha 650 - 760 / 1100 - 1200 96-20";1,54
WSM;008-603;"WSM 008-603 Crankshaft O-Ring; Sea-Doo 800 / 951 95-07";1,54
WSM;010-481-02;"WSM 010-481-02 Flywheel Key; Yamaha 650 - 1300 90-14 / 9.9 - 30 Hp 84-21";1,54
WSM;516-39;"WSM 516-39 Gasket, Thermostat; Mercury / Mariner 200 / 225 Hp";1,54
WSM;20-306;"WSM 20-306 Intake Gasket; Polaris 250 - 400 90-99";1,54
WSM;008-650;"WSM 008-650 Jet Pump O-Ring; Kawasaki 550 JS 82-89";1,54
WSM;008-662;"WSM 008-662 O-Ring, Spark Plug; Polaris 700 - 1200 96-04 / Yamaha 200 - 300 Hp 10-22 / 250 / 450 / 1200 02-26";1,54
WSM;008-422-02;"WSM 008-422-02 Timing Chain Tensioner O-Ring; Kawasaki 650 / 700 / 1000 / 1200 / 1500 02-26";1,54
WSM;014-328;"WSM 014-328 Bolt, Hex Head; Yamaha 700 Wave Raider 94-97";1,56
WSM;006-7110;"WSM 006-7110 Carburetor High Speed Jet; Keihin - 110";1,56
WSM;006-7115;"WSM 006-7115 Carburetor High Speed Jet; Keihin - 115";1,56
WSM;006-7120;"WSM 006-7120 Carburetor High Speed Jet; Keihin - 120";1,56
WSM;006-7125;"WSM 006-7125 Carburetor High Speed Jet; Keihin - 125";1,56
WSM;006-7128;"WSM 006-7128 Carburetor High Speed Jet; Keihin - 128";1,56
WSM;006-7130;"WSM 006-7130 Carburetor High Speed Jet; Keihin - 130";1,56
WSM;006-7132;"WSM 006-7132 Carburetor High Speed Jet; Keihin - 132";1,56
WSM;006-7135;"WSM 006-7135 Carburetor High Speed Jet; Keihin - 135";1,56
WSM;006-7138;"WSM 006-7138 Carburetor High Speed Jet; Keihin - 138";1,56
WSM;006-7140;"WSM 006-7140 Carburetor High Speed Jet; Keihin - 140";1,56
WSM;006-7142;"WSM 006-7142 Carburetor High Speed Jet; Keihin - 142";1,56
WSM;006-7145;"WSM 006-7145 Carburetor High Speed Jet; Keihin - 145";1,56
WSM;006-7148;"WSM 006-7148 Carburetor High Speed Jet; Keihin - 148";1,56
WSM;006-7150;"WSM 006-7150 Carburetor High Speed Jet; Keihin - 150";1,56
WSM;006-7152;"WSM 006-7152 Carburetor High Speed Jet; Keihin - 152";1,56
WSM;006-7155;"WSM 006-7155 Carburetor High Speed Jet; Keihin - 155";1,56
WSM;006-7158;"WSM 006-7158 Carburetor High Speed Jet; Keihin - 158";1,56
WSM;006-7160;"WSM 006-7160 Carburetor High Speed Jet; Keihin - 160";1,56
WSM;006-7162;"WSM 006-7162 Carburetor High Speed Jet; Keihin - 162";1,56
WSM;006-7165;"WSM 006-7165 Carburetor High Speed Jet; Keihin - 165";1,56
WSM;006-8100;"WSM 006-8100 Carburetor High Speed Jet; Mikuni SBN - 100";1,56
WSM;006-8102;"WSM 006-8102 Carburetor High Speed Jet; Mikuni SBN - 102.5";1,56
WSM;006-8105;"WSM 006-8105 Carburetor High Speed Jet; Mikuni SBN - 105";1,56
WSM;006-8107;"WSM 006-8107 Carburetor High Speed Jet; Mikuni SBN - 107.5";1,56
WSM;006-8110;"WSM 006-8110 Carburetor High Speed Jet; Mikuni SBN - 110";1,56
WSM;006-8112;"WSM 006-8112 Carburetor High Speed Jet; Mikuni SBN - 112.5";1,56
WSM;006-8115;"WSM 006-8115 Carburetor High Speed Jet; Mikuni SBN - 115";1,56
WSM;006-8117;"WSM 006-8117 Carburetor High Speed Jet; Mikuni SBN - 117.5";1,56
WSM;006-8120;"WSM 006-8120 Carburetor High Speed Jet; Mikuni SBN - 120";1,56
WSM;006-8122;"WSM 006-8122 Carburetor High Speed Jet; Mikuni SBN - 122.5";1,56
WSM;006-8125;"WSM 006-8125 Carburetor High Speed Jet; Mikuni SBN - 125";1,56
WSM;006-8127;"WSM 006-8127 Carburetor High Speed Jet; Mikuni SBN - 127.5";1,56
WSM;006-8130;"WSM 006-8130 Carburetor High Speed Jet; Mikuni SBN - 130";1,56
WSM;006-8132;"WSM 006-8132 Carburetor High Speed Jet; Mikuni SBN - 132.5";1,56
WSM;006-8135;"WSM 006-8135 Carburetor High Speed Jet; Mikuni SBN - 135";1,56
WSM;006-8137;"WSM 006-8137 Carburetor High Speed Jet; Mikuni SBN - 137.5";1,56
WSM;006-8140;"WSM 006-8140 Carburetor High Speed Jet; Mikuni SBN - 140";1,56
WSM;006-8142;"WSM 006-8142 Carburetor High Speed Jet; Mikuni SBN - 142.5";1,56
WSM;006-8145;"WSM 006-8145 Carburetor High Speed Jet; Mikuni SBN - 145";1,56
WSM;006-8147;"WSM 006-8147 Carburetor High Speed Jet; Mikuni SBN - 147.5";1,56
WSM;006-8150;"WSM 006-8150 Carburetor High Speed Jet; Mikuni SBN - 150";1,56
WSM;006-8152;"WSM 006-8152 Carburetor High Speed Jet; Mikuni SBN - 152.5";1,56
WSM;006-8155;"WSM 006-8155 Carburetor High Speed Jet; Mikuni SBN - 155";1,56
WSM;006-8157;"WSM 006-8157 Carburetor High Speed Jet; Mikuni SBN - 157.5";1,56
WSM;006-8160;"WSM 006-8160 Carburetor High Speed Jet; Mikuni SBN - 160";1,56
WSM;006-8162;"WSM 006-8162 Carburetor High Speed Jet; Mikuni SBN - 162";1,56
WSM;006-8165;"WSM 006-8165 Carburetor High Speed Jet; Mikuni SBN - 165";1,56
WSM;006-8167;"WSM 006-8167 Carburetor High Speed Jet; Mikuni SBN - 167";1,56
WSM;006-8170;"WSM 006-8170 Carburetor High Speed Jet; Mikuni SBN - 170";1,56
WSM;006-8172;"WSM 006-8172 Carburetor High Speed Jet; Mikuni SBN - 172";1,56
WSM;006-8175;"WSM 006-8175 Carburetor High Speed Jet; Mikuni SBN - 175";1,56
WSM;006-8177;"WSM 006-8177 Carburetor High Speed Jet; Mikuni SBN - 177";1,56
WSM;006-8180;"WSM 006-8180 Carburetor High Speed Jet; Mikuni SBN - 180";1,56
WSM;006-8182;"WSM 006-8182 Carburetor High Speed Jet; Mikuni SBN - 182";1,56
WSM;006-8185;"WSM 006-8185 Carburetor High Speed Jet; Mikuni SBN - 185";1,56
WSM;006-8187;"WSM 006-8187 Carburetor High Speed Jet; Mikuni SBN - 187";1,56
WSM;006-8190;"WSM 006-8190 Carburetor High Speed Jet; Mikuni SBN - 190";1,56
WSM;006-8192;"WSM 006-8192 Carburetor High Speed Jet; Mikuni SBN - 192";1,56
WSM;006-8195;"WSM 006-8195 Carburetor High Speed Jet; Mikuni SBN - 195";1,56
WSM;006-8200;"WSM 006-8200 Carburetor High Speed Jet; Mikuni SBN - 200";1,56
WSM;006-8210;"WSM 006-8210 Carburetor High Speed Jet; Mikuni SBN - 210";1,56
WSM;006-8090;"WSM 006-8090 Carburetor High Speed Jet; Mikuni SBN - 90";1,56
WSM;006-8092;"WSM 006-8092 Carburetor High Speed Jet; Mikuni SBN - 92.5";1,56
WSM;006-8095;"WSM 006-8095 Carburetor High Speed Jet; Mikuni SBN - 95";1,56
WSM;006-8097;"WSM 006-8097 Carburetor High Speed Jet; Mikuni SBN - 97.5";1,56
WSM;006-6035;"WSM 006-6035 Carburetor Low Speed Jet; Keihin - 35";1,56
WSM;006-6038;"WSM 006-6038 Carburetor Low Speed Jet; Keihin - 38";1,56
WSM;006-6040;"WSM 006-6040 Carburetor Low Speed Jet; Keihin - 40";1,56
WSM;006-6043;"WSM 006-6043 Carburetor Low Speed Jet; Keihin - 43";1,56
WSM;006-6045;"WSM 006-6045 Carburetor Low Speed Jet; Keihin - 45";1,56
WSM;006-6048;"WSM 006-6048 Carburetor Low Speed Jet; Keihin - 48";1,56
WSM;006-6050;"WSM 006-6050 Carburetor Low Speed Jet; Keihin - 50";1,56
WSM;006-6055;"WSM 006-6055 Carburetor Low Speed Jet; Keihin - 55";1,56
WSM;006-6060;"WSM 006-6060 Carburetor Low Speed Jet; Keihin - 60";1,56
WSM;006-6065;"WSM 006-6065 Carburetor Low Speed Jet; Keihin - 65";1,56
WSM;006-6068;"WSM 006-6068 Carburetor Low Speed Jet; Keihin - 68";1,56
WSM;006-6070;"WSM 006-6070 Carburetor Low Speed Jet; Keihin - 70";1,56
WSM;006-6075;"WSM 006-6075 Carburetor Low Speed Jet; Keihin - 75";1,56
WSM;006-6078;"WSM 006-6078 Carburetor Low Speed Jet; Keihin - 78";1,56
WSM;006-6080;"WSM 006-6080 Carburetor Low Speed Jet; Keihin - 80";1,56
WSM;006-6082;"WSM 006-6082 Carburetor Low Speed Jet; Keihin - 82";1,56
WSM;006-6085;"WSM 006-6085 Carburetor Low Speed Jet; Keihin - 85";1,56
WSM;006-6088;"WSM 006-6088 Carburetor Low Speed Jet; Keihin - 88";1,56
WSM;006-6090;"WSM 006-6090 Carburetor Low Speed Jet; Keihin - 90";1,56
WSM;006-6092;"WSM 006-6092 Carburetor Low Speed Jet; Keihin - 92";1,56
WSM;006-6095;"WSM 006-6095 Carburetor Low Speed Jet; Keihin - 95";1,56
WSM;006-6072;"WSM 006-6072 Carburetor Low Speed Jet; Keihin -72";1,56
WSM;006-9100;"WSM 006-9100 Carburetor Low Speed Jet; Mikuni SBN - 100";1,56
WSM;006-9102;"WSM 006-9102 Carburetor Low Speed Jet; Mikuni SBN - 102.5";1,56
WSM;006-9105;"WSM 006-9105 Carburetor Low Speed Jet; Mikuni SBN - 105";1,56
WSM;006-9107;"WSM 006-9107 Carburetor Low Speed Jet; Mikuni SBN - 107.5";1,56
WSM;006-9110;"WSM 006-9110 Carburetor Low Speed Jet; Mikuni SBN - 110";1,56
WSM;006-9112;"WSM 006-9112 Carburetor Low Speed Jet; Mikuni SBN - 112.5";1,56
WSM;006-9115;"WSM 006-9115 Carburetor Low Speed Jet; Mikuni SBN - 115";1,56
WSM;006-9117;"WSM 006-9117 Carburetor Low Speed Jet; Mikuni SBN - 117.5";1,56
WSM;006-9120;"WSM 006-9120 Carburetor Low Speed Jet; Mikuni SBN - 120";1,56
WSM;006-9125;"WSM 006-9125 Carburetor Low Speed Jet; Mikuni SBN - 125";1,56
WSM;006-9130;"WSM 006-9130 Carburetor Low Speed Jet; Mikuni SBN - 130";1,56
WSM;006-9050;"WSM 006-9050 Carburetor Low Speed Jet; Mikuni SBN - 50";1,56
WSM;006-9052;"WSM 006-9052 Carburetor Low Speed Jet; Mikuni SBN - 52.5";1,56
WSM;006-9055;"WSM 006-9055 Carburetor Low Speed Jet; Mikuni SBN - 55";1,56
WSM;006-9057;"WSM 006-9057 Carburetor Low Speed Jet; Mikuni SBN - 57";1,56
WSM;006-9060;"WSM 006-9060 Carburetor Low Speed Jet; Mikuni SBN - 60";1,56
WSM;006-9062;"WSM 006-9062 Carburetor Low Speed Jet; Mikuni SBN - 62.5";1,56
WSM;006-9065;"WSM 006-9065 Carburetor Low Speed Jet; Mikuni SBN - 65";1,56
WSM;006-9067;"WSM 006-9067 Carburetor Low Speed Jet; Mikuni SBN - 67";1,56
WSM;006-9070;"WSM 006-9070 Carburetor Low Speed Jet; Mikuni SBN - 70";1,56
WSM;006-9072;"WSM 006-9072 Carburetor Low Speed Jet; Mikuni SBN - 72";1,56
WSM;006-9075;"WSM 006-9075 Carburetor Low Speed Jet; Mikuni SBN - 75";1,56
WSM;006-9077;"WSM 006-9077 Carburetor Low Speed Jet; Mikuni SBN - 77.5";1,56
WSM;006-9080;"WSM 006-9080 Carburetor Low Speed Jet; Mikuni SBN - 80";1,56
WSM;006-9085;"WSM 006-9085 Carburetor Low Speed Jet; Mikuni SBN - 85";1,56
WSM;006-9090;"WSM 006-9090 Carburetor Low Speed Jet; Mikuni SBN - 90";1,56
WSM;006-9095;"WSM 006-9095 Carburetor Low Speed Jet; Mikuni SBN - 95";1,56
WSM;006-9097;"WSM 006-9097 Carburetor Low Speed Jet; Mikuni SBN - 97.5";1,56
WSM;517-15;"WSM 517-15 Gasket, Intake; Chrysler / Force 20 - 50 Hp 77-99";1,56
WSM;007-472;"WSM 007-472 Thermostat Gasket; Polaris 650 - 785 / 900 - 1200 93-04";1,56
WSM;008-686;"WSM 008-686 Crankcase O-Ring; Yamaha 1800 / 1900 08-26";1,57
WSM;515-27;"WSM 515-27 Gasket, Reed; Johnson / Evinrude 120 - 140 / 275 / 300 Hp Looper 85-95";1,58
WSM;010-054;"WSM 010-054 Valve Spring Seat; Yamaha 1800 / 1900 08-26";1,61
WSM;007-594-14;"WSM 007-594-14 Cam Chain Tensioner Gasket; Yamaha 1800 08-26";1,62
WSM;515-08;"WSM 515-08 Gasket, Air Silencer; Johnson / Evinrude 30 - 60 Hp 76-05";1,62
WSM;007-315-02;"WSM 007-315-02 Ventalation Plate Gasket; Kawasaki 1200 / 1500 03-26";1,62
WSM;518-11;"WSM 518-11 Gasket, Carburetor; Yamaha 60 / 70 Hp 84-17";1,64
WSM;584-145;"WSM 584-145 Gasket, Water Pump; MercruiserGen IV / V 7.4L 454 CI.";1,64
WSM;008-663;"WSM 008-663 Head O-Ring; Polaris 700 - 1200 96-04";1,64
WSM;526-27;"WSM 526-27 O-Ring, End Cap; Mercury / Mariner 150 - 250 Hp";1,64
WSM;010-032;"WSM 010-032 Valve Spring, Exhaust; Yamaha 1000 / 1100 02-26";1,64
WSM;009-708;"WSM 009-708 Jet Pump Oil Seal; Yamaha 650 - 760 / 1100 90-97";1,66
WSM;008-560;"WSM 008-560 Bearing Housing O-Ring; Yamaha 650 - 1200 90-04";1,67
WSM;010-474;"WSM 010-474 Crankshaft Shim; Sea-Doo 580 /  720 / 800 95-05";1,67
WSM;517-55;"WSM 517-55 Gasket, Fuel Pump; Chrysler / Force 20 - 150 Hp";1,67
WSM;007-352;"WSM 007-352 Air Cooler Gasket; Yamaha 760 96-00";1,68
WSM;014-334-02;"WSM 014-334-02 Bolt, Crankcase; Yamaha 650 - 800 / 1100 / 1200 90-20";1,68
WSM;008-620-01;"WSM 008-620-01 Oil Pick Up O-Ring; Yamaha 1050 16-26";1,68
WSM;008-620-02;"WSM 008-620-02 Oil Pick Up O-Ring; Yamaha 1050 16-26";1,68
WSM;008-422-01;"WSM 008-422-01 Timing Chain Tensioner O-Ring; Kawasaki 650 / 700 / 1000 / 1200 / 1500 02-26";1,68
WSM;007-487;"WSM 007-487 Carburetor Gasket; Kawasaki 550 - 750 91-99";1,69
WSM;785-100-04;WSM 785-100-04 Carrier, Poppet Valve: Mercury 30-125 HP 2, 3, & 4 Cyl;1,69
WSM;007-284;"WSM 007-284 Exhaust Gasket; Yamaha 800 98-05";1,69
WSM;516-14;"WSM 516-14 Gasket, Intake; Mercury / Mariner 30 / 40 Hp 2 Cyl 94-05";1,69
WSM;584-415;"WSM 584-415 Gasket, Thermostat; Mercruiser / OMC 2.5L  / 3.0L 4 Cyl";1,69
WSM;008-439;"WSM 008-439 Nose Cone O-Ring; Kawasaki / Sea-Doo 900 - 1200 99-26";1,69
WSM;526-11;"WSM 526-11 O-Ring, End Cap; Mercury / Mariner 200 - 300 Hp";1,69
WSM;775-35;"WSM 775-35 Thermostat Washer; Mercury 60 - 300 Hp L3 / V6";1,69
WSM;518-28;"WSM 518-28 Gasket, Reed; Yamaha 150 - 250 Hp 90-15";1,72
WSM;515-21-02;"WSM 515-21-02 Seal, Thermostat; Johnson / Evinrude 5 - 15 Hp 91-07";1,72
WSM;007-511;"WSM 007-511 Reed Valve Gasket; Kawasaki 550 SX 91-95";1,73
WSM;008-395;WSM 008-395 Steering Cable O-Ring: Sea-Doo 1503 4-Tec 2009;1,73
WSM;014-329;"WSM 014-329 Bolt, Hex Head; Yamaha 700 / 760 / 1200 99-20";1,74
WSM;014-221;"WSM 014-221 Bolt, Socket Cap Case; Polaris 650 / 750 92-95";1,74
WSM;527-76;"WSM 527-76 O-Ring, Cylinder Crankcase; Yamaha 200 - 425 Hp 4-Stroke 10-21";1,75
WSM;008-683-19;"WSM 008-683-19 Crankcase O-Ring; Yamaha 1000 / 1100 02-15";1,76
WSM;007-457;"WSM 007-457 Exhaust Gasket; Yamaha 500 89-93";1,76
WSM;007-573-12;"WSM 007-573-12 Spark Plug Passage Gasket; Sea-Doo / Can-Am 500 - 1000 14-26";1,76
WSM;20-403;"WSM 20-403 Exhuast Gasket; Yamaha 350 Banshee 87-06";1,78
WSM;527-71;"WSM 527-71 O-Ring, Throttle Body; Mercury / Mariner / Yamaha 25 - 115 Hp 95-09";1,78
WSM;014-126;"WSM 014-126 Bolt, Socket Cap Case Outter; Sea-Doo 580 - 800 / 1503 89-10";1,79
WSM;014-128;"WSM 014-128 Bolt, Socket Cap Head; Sea-Doo 580 / 720 / 800 90-05";1,79
WSM;006-611;"WSM 006-611 Fuel Knob; Sea-Doo 720 - 951 96-05";1,79
WSM;517-50;"WSM 517-50 Gasket, Fuel Pump Mounting; Chrysler / Force 20 - 150 Hp";1,79
WSM;0515-10-01;"WSM 515-10-01 Gasket, Intake; Johnson / Evinrude 9.9 - 15 Hp 75-89";1,79
WSM;008-421-02;"WSM 008-421-02 Jet Pump O-Ring; Kawasaki 1500 11-26";1,79
WSM;526-39;"WSM 526-39 O-Ring, Adapter Plate; Mercury / Mercuriser Verado 6 Cyl";1,79
WSM;400-65;"WSM 400-65 Piston Clips; Mercury 65 - 115 4 Cyl 4-Stroke";1,79
WSM;007-525;"WSM 007-525 Carburetor Gasket; Kawasaki 650 SX / X2 86-90";1,8
WSM;010-052;"WSM 010-052 Seal, Valve Stem, Exhaust; Yamaha 1000 - 1100 02-26";1,8
WSM;540-25;"WSM 540-25 Gasket, Crankcase; Mercury / Mariner 50 - 70 Hp 3 Cyl 72-90";1,81
WSM;526-90;"WSM 526-90 O-Ring, Bearing Carrier / Water Pump; Yamaha 9.9 - 30 / 90 - 350 Hp 84-22";1,81
WSM;COU109UE;"WSM COU109UE Countersink Hex Head Plug; 3/8''";1,82
WSM;008-691;"WSM 008-691 Exhaust Channel O-Ring; Yamaha 650 - 1300 90-20";1,82
WSM;008-689-03;"WSM 008-689-03 Oil Pump Connector O-Ring; Yamaha 700 - 1000 / 1800 / 1900 08-26";1,82
WSM;006-529;"WSM 006-529 Plastic T Fitting; 1/4'' x 1/4'' x 1/4''";1,82
WSM;006-527;"WSM 006-527 Plastic Y Fitting; 1/4'' x 1/4'' x 1/4''";1,82
WSM;555-727;"WSM 555-727 Washer, Fiber; Yamaha 9.9 / 15 Hp 86-95";1,82
WSM;527-73;"WSM 527-73 O-Ring, Crankshaft; Yamaha 150 - 250 Hp 4-Stroke 02-22";1,85
WSM;526-40;"WSM 526-40 O-Ring, Tensioner Cap; Mercury 75 / 400 Hp 4 / 6 Cyl Verado";1,85
WSM;584-150;"WSM 584-150 Drain Plug Gasket; Mercruiser / GM";1,87
WSM;515-11;"WSM 515-11 Gasket, Air Box; Johnson / Evinrude 50 - 75 Hp Looper 77-01";1,87
WSM;515-31;"WSM 515-31 Gasket, Bypass; Johnson / Evinrude 20 - 35 Hp 76-05";1,87
WSM;518-15;"WSM 518-15 Gasket, Reed; Yamaha 115 - 220 Hp 84-10";1,87
WSM;584-190;"WSM 584-190 Gasket, Water Pump; Mercruiser / GM 3.0L 4 Cylinder 181 CI.";1,87
WSM;007-573-05;"WSM 007-573-05 Intake Rubber Ring Gasket; Sea-Doo 1503 / 1630 02-26";1,87
WSM;584-101;"WSM 584-101 Valve Stem Seal, Exhaust; Mercruiser 4.3 / 6.2L 305 / 350 CI.";1,87
WSM;584-100;"WSM 584-100 Valve Stem Seal, Intake; Mercruiser 4.3 - 6.2L V6 / V8";1,87
WSM;007-528-01;"WSM 007-528-01 Air Cover Gasket; Yamaha 700 94-20";1,9
WSM;520-26;"WSM 520-26 Gasket, Exhaust Cover, Outer; Johnson / Evinrude 20 - 35 Hp";1,9
WSM;010-051;"WSM 010-051 Seal, Valve Stem, Intake; Yamaha 1000 / 1100 02-15";1,9
WSM;770-130;"WSM 770-130 Seal, Water Pump Sleeve; Yamaha 200 - 300 Hp 4 Stroke";1,9
WSM;510-50;"WSM 510-50 Gasket, Base; Chrysler / Force 35 - 50 Hp 2 Cyl";1,91
WSM;009-706;"WSM 009-706 Jet Pump Oil Seal; Yamaha 500 / 650 89-93";1,91
WSM;010-003-07;"WSM 010-003-07 Valve Keepers; Kawasaki 140 / 650 - 800 / 1200 / 1500 02-26  Pack of 2";1,91
WSM;010-472;"WSM 010-472 Crankshaft Shim; Sea-Doo 580 - 720 90-96";1,92
WSM;010-473;"WSM 010-473 Crankshaft Shim; Sea-Doo 580 - 800 89-05";1,92
WSM;007-597;"WSM 007-597 Cam Chain Tensioner Gasket; Yamaha 1000 / 1100 02-15";1,93
WSM;007-498-01;"WSM 007-498-01 Carburetor Gasket; Kawasaki 650 87-90";1,93
WSM;007-597-07;"WSM 007-597-07 Crankcase Cover Gasket; Yamaha 1800 / 1900 09-26";1,93
WSM;008-420-03;"WSM 008-420-03 Crankshaft Coupler O-Ring; Kawasaki 110 - 800 / 1200 / 1500 93-26";1,93
WSM;008-420-04;"WSM 008-420-04 Crankshaft Generator O-Ring; Kawasaki 1200 / 1500 03-26";1,93
WSM;008-556;"WSM 008-556 Drive Shaft Cap O-Ring; Sea-Doo / Yamaha 500 / 650 / 1503 / 1630 89-26";1,93
WSM;0515-10-02;"WSM 515-10-02 Gasket, Intake; Johnson / Evinrude 9.9 - 15 Hp 74-07";1,93
WSM;516-20;"WSM 516-20 Gasket, Reed Block; Mercury / Mariner 70 - 125 Hp 83-06";1,93
WSM;518-21;"WSM 518-21 Gasket, Reed; Yamaha 150 - 225 Hp 87-09";1,93
WSM;555-48;"WSM 555-48 Gasket, Thermostat; Yamaha 6 - 9.9 Hp 4-Stroke 85-21";1,93
WSM;COU220CC;"WSM COU220CC Hose Barb; 1/4'' Hose x 1/4'' Male";1,93
WSM;008-617;"WSM 008-617 Oil Cap O-Ring; Sea-Doo 800 97-05";1,93
WSM;008-599-14;"WSM 008-599-14 Oil Pump Housing O-Ring; Sea-Doo 1503 Supercharged 4-Tec 04-05";1,93
WSM;008-599-19;"WSM 008-599-19 Oil Separator Cover O-Ring; Sea-Doo 1503 Supercharger 4-Tec 04-05";1,93
WSM;008-599-10;"WSM 008-599-10 Oil Separator Housing O-Ring; Sea-Doo 1503 4-Tec 02-05";1,93
WSM;008-599-20;"WSM 008-599-20 Oil Separator Housing O-Ring; Sea-Doo 1503 4-Tec 02-05";1,93
WSM;008-599-11;"WSM 008-599-11 Oil Sleeve Cover O-Ring; Sea-Doo 1503 GTX 4-Tec 02-05";1,93
WSM;527-20;"WSM 527-20 O-Ring, Insulator to Manifoild; Mercury / Mariner / Yamaha 9.9 / 15 / 75 - 200 Hp";1,93
WSM;527-94;"WSM 527-94 O-Ring, Oil Pump; Yamaha 25 - 60 Hp 4-Stroke 95-08";1,93
WSM;010-664;"WSM 010-664 Piston Clips; Sea-Doo / Can-Am 900 / 1000 14-26";1,93
WSM;006-538;"WSM 006-538 Primer Inlet, Brass; Keihin";1,93
WSM;006-536;"WSM 006-536 Primer Inlet; Brass: Mikuni";1,93
WSM;004-101;"WSM 004-101 Start / Stop Switch Button; Sea-Doo 720 - 1503 GTX 99-08";1,93
WSM;505-09;"WSM 505-09 Gasket, Head Cover; Johnson / Evinrude 85 - 140 Hp Cross Flow 73-98";1,96
WSM;540-01;"WSM 540-01 Gasket, Shift Housing; Johnson / Evinrude 85 - 300 Hp V4 - V8 79-10";1,96
WSM;008-671;"WSM 008-671 Head O-Ring; Tiger Shark 900 / 1000 95-99";1,96
WSM;007-538-02;"WSM 007-538-02 Thermostat Gasket; Tiger Shark 640 / 650 93-99";1,96
WSM;008-563;"WSM 008-563 Jet Pump O-Ring; Yamaha 1050 / 1800 / 1900 08-26";1,97
WSM;008-564;"WSM 008-564 Jet Pump O-Ring; Yamaha 1800 / 1900 11-26";1,97
WSM;008-562;"WSM 008-562 O-Ring, Drive Line; Yamaha 800 - 1300 99-25";1,97
WSM;400-317;"WSM 400-317 Piston Clips; Honda / Husqvarna / Kawasaki / KTM / Suzuki / Yamaha / GAS GAS 115 / 225 - 700 82-26";1,97
WSM;007-563;"WSM 007-563 Reed Valve Gasket; Kawasaki 750 - 1200 92-11";1,97
WSM;520-27;"WSM 520-27 	Gasket, Exhaust; Johnson / Evinrude 9.9-15 Hp";1,98
WSM;805-106;"WSM 805-106 Bolt, Connecting Rod; Johnson / Evinrude 20 - 235 Hp (Sold Each)";1,98
WSM;007-573-14;"WSM 007-573-14 Camshaft Housing O-Ring; Sea-Doo / Can-Am 500 - 1000 14-26";1,98
WSM;515-31-01;"WSM 515-31-01 Gasket, Bypass; Johnson / Evinrude 9.9 - 15 Hp Cross Flow 74-07";1,98
WSM;582-305;"WSM 582-305 Gasket, Intake; Mercruiser 5.0 / 5.7L 305 / 350 CI.";1,99
WSM;008-422-04;"WSM 008-422-04 Oil Pump Housing O-Ring; Kawasaki 700 / 1200 / 1500 03-26";1,99
WSM;003-095;"WSM 003-095 Bearing Housing Snap Ring; Yamaha 650 - 1300 90-17";2
WSM;008-438;"WSM 008-438 Impeller Shaft Damper; Kawasaki 1100 / 1200 99-05";2
WSM;010-453;"WSM 010-453 Rotary Shaft Spring; Sea-Doo 580 - 800 89-05";2
WSM;007-573;"WSM 007-573 Water Pump Gasket; Sea-Doo 580 GT / SP 89-90";2
WSM;555-20;"WSM 555-20 Drain Plug Gasket; Mercury / Mariner 8 - 115 Hp";2,03
WSM;584-418;"WSM 584-418 Gasket, Thermostat; Mercruiser / OMC";2,03
WSM;008-421-03;"WSM 008-421-03 Jet Pump O-Ring; Kawasaki 1500 Ultra 250 - 310 07-26";2,03
WSM;008-620;"WSM 008-620 Oil Pump O-Ring; Yamaha 1050 16-26";2,03
WSM;650-015;WSM 650-015 Bimini Deck Hinge Black;2,04
WSM;008-683-06;"WSM 008-683-06 Crankcase O-Ring; Yamaha 1000 FX 140 02-04";2,04
WSM;650-035;WSM 650-035 External Eye End 7/8 Black;2,04
WSM;526-14;"WSM 526-14 O-Ring, End Cap; Mercury / Mariner 65 - 250 Hp";2,04
WSM;7-59401;"WSM 7-59401 Coupler Safety Pin; 1/4'' x 1-3/4''";2,05
WSM;584-529;"WSM 584-529 Gasket, Thermostat Cover; Mercruiser";2,05
WSM;007-594-03;"WSM 007-594-03 Exhaust Gasket; Yamaha 1000 / 1100 02-15";2,06
WSM;555-77;"WSM 555-77 Gasket, Air Box; Yamaha 40 - 70 Hp 84-08";2,06
WSM;008-605;"WSM 008-605 Rotary Cover Front O-Ring; Sea-Doo 580 - 800 89-05";2,06
WSM;014-315;"WSM 014-315 Bolt, Crankcase; Yamaha 1200 / 1300 99-08";2,08
WSM;014-314;"WSM 014-314 Bolt, Crankcase; Yamaha 800 98-05";2,08
WSM;517-25;"WSM 517-25 Gasket, Reed Block; Chrysler / Force 75 - 95 Hp";2,09
WSM;555-124;"WSM 555-124 Gasket, Crankcase; Yamaha 600 / 850 - 1200 / 2.5 - 20 / 60 - 250 Hp 4-Stroke";2,12
WSM;527-19;"WSM 527-19 Grommet, Crankcase; Mercury / Yamaha 75 - 350 / 1000 / 1050 / 1100 / 1800 / 1900";2,12
WSM;20-300;"WSM 20-300 Intake Gasket; Suzuki 250 / 500 Quadracer 87-92";2,12
WSM;540-35;"WSM 540-35 Divider Plate Seal; Mercury / Mariner 105 - 240 Hp 76-18";2,15
WSM;770-155-01;"WSM 770-155-01 Water Pump Impeller Key; Mercury / Mariner / Mercruiser 30 / 300 Hp";2,15
WSM;517-47;"WSM 517-47 Gasket, Cylinder Drain; Force 120 - 150 Hp";2,17
WSM;008-647;"WSM 008-647 Oil Cap O-Ring; Sea-Doo 900 /1503 / 1630 02-26";2,17
WSM;008-599-15;"WSM 008-599-15 Oil Filter Cover O-Ring; Sea-Doo 1503 / 1630 4-Tec 03-26 / Can-Am 500 / 650 Quest / Traxter 04-05";2,17
WSM;008-599-16;"WSM 008-599-16 Oil Filter Cover O-Ring; Sea-Doo 900 / 1503 / 1630 4-Tec 02-26 / Can-Am 330 - 1000 03-26";2,17
WSM;517-45;"WSM 517-45 Gasket, Carburetor; Chrysler / Force / Mercury 90 - 150 Hp";2,2
WSM;COU222C;"WSM COU222C Hose Mender; 1/4'' x 1/4''";2,2
WSM;COU222D;"WSM COU222D Hose Mender; 5/16'' x 5/16''";2,2
WSM;010-497-05;"WSM 010-497-05 Power Valve Component; Yamaha 800 / 1200 /  1300 99-05";2,2
WSM;521-20;"WSM 521-20 Gasket, Exhaust Tube; Mercury / Mariner 50 / 60 Hp 3 Cyl 87-90";2,21
WSM;010-475;"WSM 010-475 Crankshaft Bearing Washer; Sea-Doo 580 GTS / SP 1996";2,22
WSM;010-477;"WSM 010-477 Crankshaft Shim; Sea-Doo 720 95-05";2,22
WSM;010-470;"WSM 010-470 Crankshaft Thrust Washer; Sea-Doo 951 97-07";2,22
WSM;011-158;"WSM 011-158 Drain Plug; Polaris / Sea-Doo / Yamaha 580 - 3000 95-26";2,22
WSM;003-121;"WSM 003-121 Drive Shaft Bellow Clamp; Kawasaki 1500 STX-15F 2004";2,22
WSM;003-122;"WSM 003-122 Drive Shaft Bellow Clamp; Sea-Doo 580 - 800";2,22
WSM;009-755;"WSM 009-755 Drive Shaft Oil Seal; Kawasaki 550 - 1500 86-26";2,22
WSM;006-510-01;"WSM 006-510-01 Fuel Filter O-Ring; Sea-Doo 580 - 951 89-05";2,22
WSM;555-127;"WSM 555-127 Gasket, Crankcase; Yamaha 25 - 300 Hp 4-Stroke";2,22
WSM;008-599-18;"WSM 008-599-18 O-Ring, Cylinder Head / Water Pump; Sea-Doo / Can-Am  / Yamaha 150 - 1000 / 1503 / 1630 02-26";2,22
WSM;770-115;"WSM 770-115 Water Pump Wave Washer; Mercury / Mariner / Yamaha 8 - 15 /  115 - 300 Hp";2,22
WSM;584-333;"WSM 584-333 Gasket, Carburetor; Mercruiser 2 BBL For Mercarb";2,23
WSM;518-16;"WSM 518-16 Gasket, Carburetor; Yamaha 115 - 225 Hp 84-10";2,23
WSM;584-165;"WSM 584-165 Gasket, Fuel Pump; Mercuriser 5.0 / 5.7L";2,23
WSM;990-280;WSM 990-280 Tire Valve Tool;2,23
WSM;007-461;"WSM 007-461 Exhaust Gasket; Yamaha 650 / 700 90-20";2,26
WSM;540-18;"WSM 540-18 Gasket, Carburetor; Mercuriser";2,26
WSM;526-60;"WSM 526-60 O-Ring, Bearing Carrier; Mercury / Mariner / Mercruiser 105 - 300 Hp";2,26
WSM;527-119;"WSM 527-119 O-Ring, Crankshaft; Yamaha 30 / 40 Hp 4-Stroke 00-08";2,26
WSM;526-58;"WSM 526-58 O-Ring, Tilt Inner;Yamaha 115 - 300 Hp 2 / 4 Stroke";2,26
WSM;526-57;"WSM 526-57 O-Ring, Tilt Outer; Yamaha 115 - 300 Hp 2 / 4 Stroke";2,26
WSM;555-119;"WSM 555-119 Gasket, Thermostat; Mercury / Yamaha 9.9 / 15 Hp 2 Cylinder 84-09";2,27
WSM;20-301;"WSM 20-301 Intake Gasket; Suzuki 250 / 500 88-98";2,27
WSM;20-305;"WSM 20-305 Intake Gasket; Yamaha 200 Blaster 88-06";2,27
WSM;008-429-12;"WSM 008-429-12 Oil Cooler O-Ring; Kawasaki 1200 / 1500 STX-F 03-09 / Yamaha 115 / 200 Hp 4-Stroke 98-21";2,27
WSM;527-85;"WSM 527-85 O-Ring, Crankshaft; Yamaha 9.9 - 225 Hp 94-21";2,27
WSM;527-81;"WSM 527-81 O-Ring, Crankshaft; Yamaha 9.9 - 50 Hp / 500 / 650 84-21";2,27
WSM;527-25;"WSM 527-25 Damper, Crankcase; Mercury Verado 75 - 350 Hp";2,32
WSM;010-033;"WSM 010-033 Valve Spring, Exhaust; Yamaha 1000 / 1100";2,32
WSM;007-433;"WSM 007-433 Base Gasket; Polaris 650 / 750 92-95";2,33
WSM;007-524;"WSM 007-524 Carburetor Gasket; Tiger Shark 640 - 1100 94-99";2,33
WSM;007-510;"WSM 007-510 Exhaust Gasket; Kawasaki 440 JS 77-92";2,33
WSM;20-302;"WSM 20-302 Intake Gasket; Honda 250 / 350 / 400 85-94";2,33
WSM;20-302-01;"WSM 20-302-01 Intake Gasket; Honda 250 / 350 85-89";2,33
WSM;009-758;"WSM 009-758 Jet Pump Oil Seal; Kawasaki 550 - 750 86-97";2,33
WSM;40-134;"WSM 40-134 Water Pump Seal; Polaris 400 96-13";2,33
WSM;770-120;"WSM 770-120 Water Pump Sleeve; Yamaha 225 - 350 Hp 4-Stroke";2,33
WSM;505-37;"WSM 505-37 Gasket, Head Cover; Mercury / Mariner 135 - 200 Hp 6 Cyl 78-88";2,34
WSM;008-599-24;"WSM 008-599-24 Dipstick O-Ring; Sea-Doo / Can-Am 900 / 1000 14-26";2,35
WSM;006-610;"WSM 006-610 Fuel Knob; Sea-Doo 580 - 720 89-96";2,35
WSM;541-27;"WSM 541-27 Gasket, Thermostat; Yamaha  75 - 225 Hp 84-15";2,35
WSM;008-600-11;"WSM 008-600-11 Oil Radiator Gasket; Sea-Doo / Can-Am 900 / 1000 14-26";2,35
WSM;010-458;"WSM 010-458 Rotary Shaft Case Plug; Sea-Doo 580 - 800 89-03";2,35
WSM;20-200;"WSM 20-200 Base Gasket; Suzuki 250 Quadracer 87-92";2,36
WSM;008-600-04;"WSM 008-600-04 Crankcase O-Ring; Sea-Doo 1503 / 1630 4-Tec 02-26 / Can-Am 500 / 650 / 900 05 / 17-20";2,36
WSM;518-25;"WSM 518-25 Gasket, Air Box Carburetor; Yamaha 150 - 200 Hp 84-99";2,36
WSM;510-10;"WSM 510-10 Gasket, Crankcase Plate; Johnson / Evinrude 20 - 35 Hp 76-05";2,36
WSM;COU109XE;"WSM COU109XE Hex Head Plug; 3/8''";2,36
WSM;008-605-01;"WSM 008-605-01 Throttle Positioning Sensor O-Ring; Sea-Doo 1503 4-Tec 03-11";2,36
WSM;527-12;"WSM 527-12 O-Ring, Lower End Cap; Mercury / Yamaha 40 - 90 / 200 - 454 Hp 84-00";2,38
WSM;527-77;"WSM 527-77 O-Ring, Relief Valve; Yamaha 75 - 300 Hp 4 Stroke 10-22";2,38
WSM;526-51;"WSM 526-51 O-Ring, Trim; Yamaha 115 - 300 Hp 2 / 4 Stroke";2,38
WSM;008-692-02;"WSM 008-692-02 O-Ring; Yamaha 250 - 1050 / 1800 / 1900 87-26";2,38
WSM;400-17;"WSM 400-17 Piston Clips; Chrysler / Force / Mercury 40 - 150 Hp";2,38
WSM;400-19;"WSM 400-19 Piston Clips; Johnson / Evinrude / Mercury / Mariner 25 - 240 Hp";2,38
WSM;400-24;"WSM 400-24 Piston Clips; Johnson / Evinrude 120 - 300 Hp";2,38
WSM;400-22;"WSM 400-22 Piston Clips; Johnson / Evinrude 28 - 60 Hp";2,38
WSM;400-14;"WSM 400-14 Piston Clips; Johnson / Evinrude 9.9 - 15 Hp Cross Flow";2,38
WSM;400-18;"WSM 400-18 Piston Clips; Mercury / Mariner / Yamaha 15 - 50 Hp";2,38
WSM;400-49;"WSM 400-49 Piston Clips; Mercury / Mariner 135 - 175 Hp 2.5L Optimax 01-14";2,38
WSM;400-27;"WSM 400-27 Piston Clips; Mercury / Mariner 75 - 300 Hp 1.5L Optimax";2,38
WSM;400-215;"WSM 400-215 Piston Clips; Yamaha 115 - 225 Hp";2,38
WSM;400-23;"WSM 400-23 Piston Clips; Yamaha 115 - 225 Hp";2,38
WSM;400-325;"WSM 400-325 Piston Clips; Yamaha 150 - 350 Hp 4-Stroke 11-22";2,38
WSM;400-26;"WSM 400-26 Piston Clips; Yamaha 200 - 250 Hp";2,38
WSM;400-295;"WSM 400-295 Piston Clips; Yamaha 200 - 300 Hp HPDI";2,38
WSM;400-20;"WSM 400-20 Piston Clips; Yamaha 25 - 85 Hp / 500";2,38
WSM;008-429-02;"WSM 008-429-02 Fuel Injector Insulator Seal; Kawasaki / Yamaha 1200 - 1500 03-22";2,4
WSM;008-429-09;"WSM 008-429-09 Oil Pump Housing O-Ring; Kawasaki 1200 / 1500 03-26";2,4
WSM;008-429-03;"WSM 008-429-03 Throttle Body Plate O-Ring; Kawasaki 1500 Ultra 250 / 260 07-10";2,4
WSM;010-476;"WSM 010-476 Crankshaft Shim; Sea-Doo 720 95-05";2,42
WSM;552-31;"WSM 552-31 Oil Seal; Yamaha 25 / 30 / 50 Hp 97-02";2,42
WSM;552-13;"WSM 552-13 Oil Seal; Yamaha 4 - 8 Hp 84-10";2,42
WSM;552-11;"WSM 552-11 Oil Seal; Yamaha 6 - 9.9 Hp 84-22";2,42
WSM;006-508;"WSM 006-508 Fuel Filter; Yamaha 1100 / 1200 96-00";2,44
WSM;805-208;"WSM 805-208 Bolt, Connecting Rod; Mercury / Mariner 135 - 220 Hp";2,45
WSM;540-26-01;"WSM 540-26-01 Gasket, Thermostat; Mercury / Mariner 30 - 60 Hp 91-07";2,45
WSM;003-437;"WSM 003-437 Brake Gate / Steering Cone Bushing; Sea-Doo 580 - 1630 90-26";2,46
WSM;584-412;"WSM 584-412 Gasket, Thermostat Housing; Mercruiser / OMC 2.5L / 3.0L 4 Cyl";2,46
WSM;555-73;"WSM 555-73 Gasket, Thermostat; Yamaha 25 / 30 Hp 2 Cylinder 92-97";2,46
WSM;447-328;"WSM 447-328 Gasket, Water Pump; Force / Mercury / Mariner / Mercruiser 30 - 350 Hp";2,46
WSM;008-661;"WSM 008-661 Crankshaft O-Ring; Polaris 700 - 1200 96-04";2,47
WSM;985-125-06;"WSM 985-125-06 Flywheel Puller Shoulder Screw; Johnson / Evinrude";2,47
WSM;985-125-07;"WSM 985-125-07 Flywheel Puller Shoulder Screw; Johnson / Evinrude";2,47
WSM;515-32;"WSM 515-32 Gasket, Base; Johnson / Evinrude 20 - 35 Hp Cross Flow 79-05";2,47
WSM;541-37;"WSM 541-37 Gasket, Oil Plug; Yamaha 150 Hp 4-Stroke 04-22";2,47
WSM;008-554;"WSM 008-554 Jet Pump O-Ring; Yamaha 700 - 1300 04-15";2,47
WSM;008-616;"WSM 008-616 Oil Pump O-Ring; Polaris 650 / 750 - 785 92-00";2,47
WSM;007-487-02;"WSM 007-487-02 Carburetor Gasket; Polaris 700 - 1200 96-04";2,48
WSM;007-551;"WSM 007-551 Exhaust Manifold Gasket; Sea-Doo 580 89-91";2,48
WSM;447-329;"WSM 447-329 Gasket, Water Pump; Force / Mercury / Mariner / Mercruiser 40 - 300 Hp";2,48
WSM;003-431;"WSM 003-431 Jet Pump Fitting; Sea-Doo 580 - 800 90-02";2,48
WSM;550-07;WSM 550-07 Thermostat Seal  Johnson / Evinrude 90 - 250 Hp 91-06;2,48
WSM;008-683-07;"WSM 008-683-07 Fuel Injector Insulator Seal; Kawasaki / Yamaha 750 - 1000 / 1100 / 1500 02-26";2,5
WSM;53-205;"WSM 53-205 Piston Clips; Honda 250 TRX-R 1986";2,5
WSM;53-210;"WSM 53-210 Piston Clips; Honda 250 TRX-R 87-89";2,5
WSM;53-300;"WSM 53-300 Piston Clips; Polaris 250 86-06";2,5
WSM;53-310;"WSM 53-310 Piston Clips; Polaris 300 94-99";2,5
WSM;53-600;"WSM 53-600 Piston Clips; Suzuki 250 Quadracer 88-92";2,5
WSM;53-610;"WSM 53-610 Piston Clips; Suzuki 400 - 750 00-25";2,5
WSM;53-605;"WSM 53-605 Piston Clips; Suzuki 500 Quadracer 87-90";2,5
WSM;53-530;"WSM 53-530 Piston Clips; Yamaha 200 Blaster 88-06";2,5
WSM;007-530;"WSM 007-530 Exhaust Gasket; Yamaha 650 91-93";2,51
WSM;527-109;"WSM 527-109 Gasket, Breather; Mercury / Yamaha 9.9 / 15 Hp 4-Stroke 98-07";2,51
WSM;445-130;"WSM 445-130 O-Ring, Bearing Carrier; Johnson / Evinrude 40 - 140 Hp";2,51
WSM;008-430;"WSM 008-430 O-Ring, Generator Cover; Kawasaki / Yamaha 440 / 550 JS / SX 77-95";2,51
WSM;003-100-02;"WSM 003-100-02 Rubber Boot Clamp; Sea-Doo 580 - 951 89-06";2,51
WSM;2000-445;"WSM 2000-445 Trailer Hitch Pin; 5/8''-3/4'' Diameter x 4-1/2''";2,51
WSM;527-63;"WSM 527-63 Gasket, Carburetor; Yamaha 20 / 25 Hp 88-08";2,52
WSM;523-40;"WSM 523-40 Gasket, Oil Filter Mount; Yamaha 115 Hp L4 1.8L 4-Stroke";2,53
WSM;COU222E;"WSM COU222E Hose Mender; 3/8'' x 3/8''";2,54
WSM;012-801;"WSM 012-801 WSM Decal; 4'' - Black";2,54
WSM;012-803;"WSM 012-803 WSM Decal; 4'' - Blue";2,54
WSM;012-800;"WSM 012-800 WSM Decal; 4'' - Grey";2,54
WSM;012-802;"WSM 012-802 WSM Decal; 4'' - White";2,54
WSM;526-37;"WSM 526-37 O-Ring, Drive Shaft Oil Pump; Mercury 75 / 450 Hp Verado 4 / 6 Cyl";2,56
WSM;526-36;"WSM 526-36 O-Ring, Fitting Assembly; Mercury 30 / 400 Hp Verado 4 / 6 Cyl";2,56
WSM;008-596;"WSM 008-596 Water Channel Cover O-Ring; Sea-Doo 800 / 951 DI / RFI 98-07";2,57
WSM;555-62;"WSM 555-62 Gasket, Thermostat; Mariner / Yamaha 40 Hp";2,58
WSM;007-594-23;"WSM 007-594-23 Cam Chain Tensioner Gasket; Yamaha 1050 16-26";2,6
WSM;584-359;"WSM 584-359 Gasket, Carburetor; Mercruiser";2,6
WSM;517-29;"WSM 517-29 Gasket, Cylinder Drain; Chrysler / Force 70 - 90 Hp";2,6
WSM;584-120;"WSM 584-120 Gasket, Distributor; Mercruiser";2,6
WSM;586-870A;"WSM 586-870A Gasket, Timing Cover; Mercruiser / OMC 2.5 / 3.0L 4 Cylinder";2,6
WSM;009-714;"WSM 009-714 Jet Pump Oil Seal; Yamaha 800 - 1300 99-26";2,6
WSM;584-314;WSM 584-314 Manifold End Cap Gasket: Mercruiser;2,6
WSM;007-594-15;"WSM 007-594-15 Oil Pipe Gasket; Yamaha 1800 08-26";2,6
WSM;010-048;"WSM 010-048 Seal, Valve Stem; Kawasaki 1200 / 1500 03-26";2,6
WSM;010-050;"WSM 010-050 Seal, Valve Stem; Sea-Doo / Can-Am 1000 / 1503 / 1630 4-Tec 03-26";2,6
WSM;007-478;"WSM 007-478 Case Upper Gasket; Yamaha 500 89-93";2,62
WSM;007-459;"WSM 007-459 Exhaust Gasket; Yamaha 500 89-93";2,62
WSM;584-125-04K;"WSM 584-125-04K Gasket Kit, Push Rod Cover Bolt; Mercruiser GM 4 Cylinder 4 Pack";2,62
WSM;006-518-01;WSM 006-518-01 Metal T Fitting: 1/8'' x 1/8'' x 1/8'';2,62
WSM;007-331;"WSM 007-331 Carburetor Gasket; Kawasaki 900 / 1200 96-06";2,63
WSM;527-118;"WSM 527-118 O-Ring; Yamaha 25 - 60 Hp / 200 - 700 85-12";2,63
WSM;555-71;"WSM 555-71 Gasket, Intake; Yamaha 25 / 30 Hp Commercial 92-97";2,65
WSM;527-54;"WSM 527-54 O-Ring, Crankshaft; Yamaha 4 - 55 Hp 84-21";2,65
WSM;014-900;"WSM 014-900 Bolt, Rocker Arm; Sea-Doo 1503 / 1630 02-26";2,66
WSM;006-535;"WSM 006-535 Brass T Fitting; 1/4'' x 1/4'' x 1/8''";2,66
WSM;006-516;"WSM 006-516 Fuel Filter; Yamaha 500 / 650 89-92";2,66
WSM;516-25;"WSM 516-25 Gasket, Reed Valve; Mercury / Mariner 135 - 275 Hp V6 76-94";2,66
WSM;527-61;"WSM 527-61 O-Ring, Throttle Body; Mercury / Mariner / Yamaha 115 Hp 4-Stroke 00-11";2,66
WSM;79-100;"WSM 79-100 Throttle Tube; Kawasaki / Suzuki / Yamaha 200 - 450 01-26";2,69
WSM;014-332;"WSM 014-332 Bolt, Hex Cap Case; Kawasaki / Sea-Doo / Yamaha 440 - 1200 88-14";2,7
WSM;014-330;"WSM 014-330 Bolt, Hex Head; Sea-Doo 580 / 720 / 800 90-05";2,7
WSM;518-10;"WSM 518-10 Gasket, Reed; Yamaha 60 / 70 Hp 85-17";2,7
WSM;014-700;"WSM 014-700 Nut, Lock; 5mm Stainless - Pack Of 10";2,7
WSM;527-10;"WSM 527-10 O-Ring; Yamaha 9.9 / 15 / 60 - 90 Hp / 500 - 1300";2,7
WSM;552-12;"WSM 552-12 Oil Seal; Yamaha 6 - 9.9 Hp 84-22";2,71
WSM;008-618;"WSM 008-618 Rotary Valve Cover O-Ring; Sea-Doo 800 96-05";2,74
WSM;008-595-01;"WSM 008-595-01 Air Injection Hose O-Ring; Sea-Doo 951 DI 00-07";2,75
WSM;008-595-02;"WSM 008-595-02 Air Injection O-Ring; Sea-Doo 951 DI 00-06";2,75
WSM;008-595-04;"WSM 008-595-04 Air Injection O-Ring; Sea-Doo 951 DI 02-07";2,75
WSM;008-595-03;"WSM 008-595-03 Air Injection O-Ring; Sea-Doo 951 GTX DI / RX DI 00-02";2,75
WSM;40-130;"WSM 40-130 Crankshaft Oil Seal; Polaris 250 85-06";2,75
WSM;40-131;"WSM 40-131 Crankshaft Oil Seal; Polaris 250 85-06";2,75
WSM;40-132;"WSM 40-132 Crankshaft Oil Seal; Polaris 400 96-10";2,75
WSM;40-110;"WSM 40-110 Crankshaft Oil Seal; Suzuki 250 / 500 Quadracer 87-92";2,75
WSM;40-115;"WSM 40-115 Crankshaft Oil Seal; Suzuki 250 / 500 Quadracer 87-92";2,75
WSM;007-458;"WSM 007-458 Exhaust Gasket; Yamaha 500 87-90 Inner";2,75
WSM;541-38;"WSM 541-38 Gasket, Thermostat; Yamaha 200 - 300 Hp 4.2L 4-Stroke 12-22";2,75
WSM;551-13;"WSM 551-13 Oil Seal, Crankshaft; Yamaha 75 - 90 Hp 84-09";2,75
WSM;010-484-01;"WSM 010-484-01 Rotary Shaft Spring Holder; Sea-Doo 580 - 800 89-05";2,75
WSM;007-502;"WSM 007-502 Electric Case Gasket; Kawasaki 650 X2 86-90";2,76
WSM;007-452;"WSM 007-452 Exhaust Cover Gasket; Yamaha 500 89-93";2,76
WSM;007-453;"WSM 007-453 Exhaust Cover Gasket; Yamaha 500 89-93";2,76
WSM;505-16;"WSM 505-16 Gasket, Head Cover; Johnson / Evinrude 20 - 35 Hp 2 Cylinder 79-05";2,76
WSM;516-22;"WSM 516-22 Gasket, Intake; Mercury / Mariner 80 - 125 Hp 4 Cyl 85-05";2,76
WSM;515-15;"WSM 515-15 Gasket, Leaf Plate; Johnson / Evinrude 20 - 35 Hp 76-05";2,76
WSM;007-506;"WSM 007-506 Muffler Gasket; Kawasaki 300 JS 86-88";2,76
WSM;527-18;"WSM 527-18 O-Ring, Crankshaft; Yamaha 200 - 300 Hp 3.3L HPDI 04-10";2,76
WSM;014-129-01;"WSM 014-129-01 Bolt, Socket Cap Case Inner; Sea-Doo 580 89-96";2,77
WSM;505-40;"WSM 505-40 Gasket, Head Cover; Mercury / Mariner 150 - 225 Hp V6 76-88";2,78
WSM;008-580;"WSM 008-580 Cylinder Head O-Ring; Sea-Doo 580 89-96";2,8
WSM;007-566;"WSM 007-566 Exhaust Manifold Gasket; Kawasaki 650 - 800 91-11";2,8
WSM;008-683-16;"WSM 008-683-16 Fuel Injector Seal; Yamaha 1050 / 1100 / 1800 / 1900 12-26";2,8
WSM;007-561;"WSM 007-561 Intake Manifold Gasket; Yamaha 700 93-97";2,8
WSM;007-562;"WSM 007-562 Intake Manifold Gasket; Yamaha 700 93-97";2,8
WSM;008-646;"WSM 008-646 Jet Pump O-Ring; Sea-Doo 1503 GTX 4-Tec 02-03";2,8
WSM;008-645;"WSM 008-645 O-Ring, Jet Pump; Sea-Doo 900 - 1630 02-26 / Yamaha 40 / 50 Hp 84-94";2,8
WSM;014-110;"WSM 014-110 Bolt, Socket Cap Head; 6mm x 120mm Stainless";2,81
WSM;010-479;"WSM 010-479 Crankshaft Shim; Sea-Doo 580 - 720 89-96";2,81
WSM;014-805;"WSM 014-805 Nut, Head; Sea-Doo 951";2,81
WSM;527-116;"WSM 527-116 O-Ring, Crankshaft; Yamaha 9.9 - 30 Hp";2,83
WSM;520-11;"WSM 520-11 	Gasket, Exhaust; Johnson / Evinrude 40 - 60 Hp Looper";2,84
WSM;541-25;"WSM 541-25 Gasket, Thermostat Cover; Yamaha 15 Hp 4-Stroke 01-04";2,84
WSM;20-303;"WSM 20-303 Intake Gasket; Yamaha 350 Banshee 87-06";2,84
WSM;009-759;"WSM 009-759 Crankshaft Oil Seal; Yamaha 500 87-93";2,87
WSM;007-298;"WSM 007-298 Air Cooler Gasket; Yamaha 1200 97-14";2,9
WSM;650-285;"WSM 650-285 Drain Plug; 1'' Brass Twist Type";2,9
WSM;540-03;"WSM 540-03 Gasket, Rectifier; Johnson / Evinrude 120 - 300 Hp 85-14";2,9
WSM;515-65;"WSM 515-65 Gasket, Thermostat; Johnson / Evinrude /  Mercury / Mariner / Nissan / Tohatsu 4 - 30 Hp 4-Stroke";2,9
WSM;009-712;"WSM 009-712 Jet Pump Oil Seal; Yamaha 700 - 800 / 1200 97-04";2,9
WSM;527-15;"WSM 527-15 O-Ring, Crankshaft; Yamaha 115 - 300 Hp 84-21";2,9
WSM;527-16;"WSM 527-16 O-Ring, Lower Bearing Housing; Yamaha 115 - 225 Hp 84-15";2,9
WSM;805-200;"WSM 805-200 Bolt, Connecting Rod; Force / Mercury / Mariner 20 - 150 Hp";2,92
WSM;014-341-01;"WSM 014-341-01 Bolt, Hex Head; 10mm x 40mm 1.25 Pitch";2,92
WSM;014-075;"WSM 014-075 Cylinder Stud; Kawasaki 300 / 650 - 1200 86-11";2,92
WSM;003-101-02;"WSM 003-101-02 Drive Shaft Bellow Clamp; Sea-Doo 900 - 1503";2,92
WSM;20-400;"WSM 20-400 Exhuast Gasket; Suzuki 230 - 300 85-14";2,92
WSM;20-401;"WSM 20-401 Exhuast Gasket; Suzuki 500 Quadracer 87-90";2,92
WSM;505-11;"WSM 505-11 Gasket, Head Cover; Johnson / Evinrude 35 - 60 Hp 2 Cylinder Looper 76-92";2,92
WSM;584-152;"WSM 584-152 Gasket, Oil Pump; Mercruiser 3.0L 4 Cylinder 181 CI.";2,92
WSM;552-22;"WSM 552-22 Oil Seal, Crankshaft / Drive Shaft; Yamaha 250 / 350 Banshee / YZ 85-23 / 8 - 25 Hp";2,92
WSM;551-18;"WSM 551-18 Oil Seal, Crankshaft; Yamaha 200 - 300 Hp 90-21";2,92
WSM;552-48;"WSM 552-48 Oil Seal; Yamaha 25 - 40 Hp 4-Stroke 00-22";2,92
WSM;552-50T;"WSM 552-50T Oil Seal; Yamaha 3 - 15 Hp 84-10";2,92
WSM;552-33;"WSM 552-33 Oil Seal; Yamaha 40 - 60 Hp 95-22";2,92
WSM;552-49;"WSM 552-49 Oil Seal; Yamaha 9.9 / 15 Hp 84-00";2,92
WSM;008-608;"WSM 008-608 Rotary Rubber O-Ring; Sea-Doo 580 / 650 90-96";2,92
WSM;014-600;"WSM 014-600 Nut, Hex; 5mm Stainless - Pack Of 10";2,93
WSM;008-600-08;"WSM 008-600-08 Oil Cover Screw O-Ring; Sea-Doo 1503 / 1630 4-Tec 02-26 / Can-Am 500 / 650 02-05";2,93
WSM;COU109E;"WSM COU109E Square Head Plug; 3/8''";2,93
WSM;777-105;"WSM 777-105 Water Outlet Hose Elbow; Johnson / Evinrude";2,94
WSM;008-599-27;"WSM 008-599-27 Cam Sensor O-Ring; Sea-Doo 900 / 1503 / 1630 10-26 / Can-Am 800 - 1000 11-12 / 17-26";2,95
WSM;008-590;"WSM 008-590 Cylinder Head O-Ring; Sea-Doo 650 / 720 93-05";2,95
WSM;008-610;"WSM 008-610 Rotary Cover Rear O-Ring; Sea-Doo 580 - 800 92-05";2,95
WSM;010-050-02;"WSM 010-050-02 Seal, Valve Stem; Sea-Doo / Can-Am 900 / 1000 14-26";2,95
WSM;805-300;"WSM 805-300 Bolt, Connecting Rod; Yamaha  55 / 85 - 225 Hp (Sold Each)";2,96
WSM;805-310;"WSM 805-310 Bolt, Connecting Rod; Yamaha 200 - 300 Hp (Sold Each)";2,96
WSM;820-105;"WSM 820-105 Bolts, Head; Mercury 110 - 300 Hp V6 2.5L / 3L";2,96
WSM;008-600-01;"WSM 008-600-01 Cam Cover O-Ring; Sea-Doo 1503 / 1630 4-Tec 02-26 / Can-Am 650 / 1000 02 / 24-26";2,96
WSM;007-500;"WSM 007-500 Control Valve Gasket; Kawasaki 650 Jet Mate 91-92";2,96
WSM;008-600-07;"WSM 008-600-07 Crankshaft O-Ring; Sea-Doo 1503 / 1630 4-Tec 02-26 / Can-Am 175 / 450 / 650 / 800 02-15";2,96
WSM;008-400;"WSM 008-400 Engine Block Aluminum Washer; Sea-Doo 1503 / 1630 4-Tec 02-26 / Can-Am 500 - 1000 99-05/23-26";2,96
WSM;990-275;WSM 990-275 Tire Valve Tool;2,96
WSM;20-202;"WSM 20-202 Base Gasket; Honda 250 TRX-R 86-89";2,99
WSM;007-519;"WSM 007-519 Exhaust Gasket; Kawasaki 650 SX / X2 86-88";2,99
WSM;007-544;"WSM 007-544 Exhaust Manifold Gasket; Sea-Doo 650 / 720 94-05";2,99
WSM;007-597-09;"WSM 007-597-09 Oil Cooler Gasket; Yamaha 1050 16-26";2,99
WSM;527-72;"WSM 527-72 O-Ring, Crankshaft; Yamaha 40 Hp 2 Cylinder 90-97";2,99
WSM;007-297;"WSM 007-297 Air Cooler Gasket; Yamaha 1100 95-98";3
WSM;014-344;"WSM 014-344 Bolt, Hex Head; Yamaha 650-1300 Stainless";3
WSM;523-29;"WSM 523-29 Gasket, Exhaust; Yamaha 9.9 / 15 Hp 84-95";3
WSM;555-85;"WSM 555-85 Gasket, Breather Cover; Yamaha 25 Hp 4-Stroke 98-01";3,01
WSM;515-22;"WSM 515-22 Gasket, Intake; Johnson / Evinrude 85 - 140 Hp V4 Cross Flow 73-98";3,01
WSM;775-60-01;"WSM 775-60-01 Hose Clamp, Oetiker Thermostat; Mercury 135 - 400 Hp Verado";3,01
WSM;527-130;"WSM 527-130 O-Ring, Drive Shaft Housing; Mercury / Yamaha 75 - 250 Hp 2 / 4-Stroke";3,01
WSM;526-56;"WSM 526-56 O-Ring, Tilt; Yamaha 115 - 300 Hp 2 / 4 Stroke";3,01
WSM;007-552;"WSM 007-552 Exhaust Manifold Gasket; Sea-Doo 580 92-96";3,04
WSM;555-84;"WSM 555-84 Grommet, Sending Unit; Mercury / Mariner / Yamaha 75 - 115 Hp 4-Stroke 00-21";3,04
WSM;008-665;"WSM 008-665 Head O-Ring; Polaris 900 SL 96-97";3,04
WSM;007-576;"WSM 007-576 Magneto Housing Gasket; Sea-Doo 580 - 800 92-05";3,04
WSM;010-160W;"WSM 010-160W Upper Rod Washer; Yamaha 115 - 225 Hp 92-15";3,04
WSM;014-403;"WSM 014-403 Washer, Flat; 10mm Stainless - Pack Of 10";3,04
WSM;014-503;"WSM 014-503 Washer, Lock; 10mm Stainless - Pack Of 10";3,04
WSM;014-502-01;"WSM 014-502-01 Washer, Lock; 3/8'' Stainless - Pack of 10";3,04
WSM;007-595;"WSM 007-595 Power Valve Gasket; Yamaha 800 / 1200 / 1300 98-05";3,05
WSM;007-585-01;"WSM 007-585-01 Power Valve O-Ring; Sea-Doo 800 / 951 98-07";3,05
WSM;0555-10-10;"WSM 555-10-10 Drain Plug Gasket; Mercury / Yamaha 2 - 350 / 500 - 700 Pack of 10";3,06
WSM;650-645;WSM 650-645 Scupper Valve;3,06
WSM;335-308;"WSM 335-308 Tilt Seal; Yamaha 150 - 300 Hp 2 / 4 Stroke";3,06
WSM;010-053;"WSM 010-053 Valve Stem Seal; Mercury / Mariner / Suzuki / Yamaha 2.5 - 350 Hp / 350 / 450 /1000-1200 1800 / 1900";3,06
WSM;584-523;"WSM 584-523 Gasket, Exhaust Elbow; Mercruiser 5.0 / 7.4 Liter V-8";3,07
WSM;010-480;"WSM 010-480 Flywheel Nut; Sea-Doo 720 98-05";3,08
WSM;008-421-04;"WSM 008-421-04 Jet Pump O-Ring; Kawasaki 900 - 1500 03-26";3,08
WSM;400-345;"WSM 400-345 Piston Clips; Yamaha 150 - 300 Hp 4-Stroke 2.8L - 4.2L";3,08
WSM;120-027;"WSM 120-027 Valve Retainer; Yamaha 150 - 350 Hp 4-Stroke 09-22";3,08
WSM;120-104;"WSM 120-104 Valve Stem Seal; Mercury / Yamaha 75 - 115 Hp 4-Stroke 99-21";3,08
WSM;007-571;"WSM 007-571 Compressor Cover Gasket; Sea-Doo 951 DI 00-07";3,11
WSM;770-100;"WSM 770-100 Water Pump Sleeve; Mercury / Mariner / Yamaha 8 - 15 /  115 - 300 Hp";3,11
WSM;20-406;"WSM 20-406 Exhuast Gasket; Polaris 250 - 400 85-06";3,12
WSM;20-404;"WSM 20-404 Exhuast Gasket; Polaris 250 - 400 86-99";3,12
WSM;516-15;"WSM 516-15 Gasket, Transfer Port; Mercury 65 Hp 3 Cyl 72-75";3,12
WSM;527-117;"WSM 527-117 O-Ring, Intake; Mercury / Yamaha 9.9 - 60 Hp 88-21";3,12
WSM;PH365-0009;"WSM PH365-0009 Condenser; Johnson / Evinrude 2 - 4.5 Hp 81-88";3,13
WSM;523-35-02;"WSM 523-35-02 Gasket, Oil Filter Connector; Yamaha 300 - 350 Hp 5.3L V8 4-Stroke 09-21";3,13
WSM;775-70-01;"WSM 775-70-01 Hose Clamp, Oetiker Thermostat; Mercury 3.4L - 4.6L Verado";3,13
WSM;010-161W;"WSM 010-161W Piston Pin Washer; Yamaha 200 - 300 Hp 76 Degree";3,13
WSM;555-76;"WSM 555-76 Gasket, Carburetor Mounting; Yamaha 40 / 50 Hp 89-08";3,16
WSM;523-21;"WSM 523-21 Gasket, Exhaust Cover; Yamaha 25 Hp 88-09";3,16
WSM;518-36;"WSM 518-36 Gasket, Reed; Yamaha 40 / 50 Hp 84-08";3,16
WSM;555-75;"WSM 555-75 Gasket, Upper Housing; Yamaha 40 / 50 Hp 84-08";3,16
WSM;010-003-02;"WSM 010-003-02 Valve Keepers;  Yamaha 1000 / 1100 02-26 Exhaust Pack of 2";3,16
WSM;010-003-01;"WSM 010-003-01 Valve Keepers; Yamaha 1000 / 1100 02-15 Intake Pack of 2";3,16
WSM;007-504;"WSM 007-504 Exhaust Gasket; Kawasaki 300 SX 87-91";3,18
WSM;552-19;"WSM 552-19 Oil Seal; Yamaha 20 / 25 Hp 88-09";3,18
WSM;008-422-03;"WSM 008-422-03 Dipstick O-Ring; Kawasaki 140 - 250 / 1200 / 1500 83-85 / 03-26";3,19
WSM;520-25;"WSM 520-25 	Gasket, Exhaust; Johnson / Evinrude 20 - 35 Hp Inner";3,2
WSM;009-751;"WSM 009-751 Crankshaft Oil Seal; Kawasaki 440 - 550 JS / SX 77-95";3,2
WSM;985-125-08;"WSM 985-125-08 Flywheel Puller Shoulder Screw; Johnson / Evinrude";3,2
WSM;985-125-03;"WSM 985-125-03 Flywheel Puller Washers; Johnson / Evinrude";3,2
WSM;505-31;"WSM 505-31 Gasket, Head Cover; Mercury / Mariner 45 / 50 Hp 4 Cyl 80-87";3,2
WSM;009-754;"WSM 009-754 Crankshaft Oil Seal; Kawasaki 650 / 750 86-11";3,22
WSM;009-762;"WSM 009-762 Jet Pump Oil Seal; Kawasaki 550 JS 82-89";3,22
WSM;516-38;"WSM 516-38 Gasket, Adaptor Plate; Mercury / Mariner 200 - 300 Hp 3L EFI / DFI 95-05";3,23
WSM;55-1010;"WSM 55-1010 Oil Filter; Kawasaki / Suzuki 250 / 450 04-26";3,23
WSM;551-16;"WSM 551-16 Oil Seal, Crankshaft; Yamaha 115 - 225 Hp 84-10";3,23
WSM;527-135;"WSM 527-135 O-Ring, Housing Cover; Yamaha 150 - 300 Hp 2 / 4-Stroke";3,23
WSM;515-29;"WSM 515-29 Gasket, Intake; Johnson / Evinrude 185 - 250 Hp 86-05";3,24
WSM;526-34;"WSM 526-34 O-Ring, Hose Fitting; Mercury 135 / 400 Hp 4 / 6 Cyl Verado";3,24
WSM;007-433-03;"WSM 007-433-03 Base Gasket; Polaris 700 - 1200 01-04";3,26
WSM;805-210;"WSM 805-210 Bolt, Connecting Rod; Mercury / Mariner 105 - 250 Hp Top Guided (Sold each)";3,26
WSM;007-524-01;"WSM 007-524-01 Carburetor Gasket; Sea-Doo 951 98-03";3,26
WSM;008-664;"WSM 008-664 Head O-Ring; Polaris 700 / 1050 96-04";3,26
WSM;010-620-14;"WSM 010-620-14 Piston Clips; Kawasaki / Polaris / Sea-Doo / Yamaha 700 - 1200 92-20";3,26
WSM;010-622-14;"WSM 010-622-14 Piston Clips; Kawasaki / Polaris / Yamaha 750 - 1200 95-11";3,26
WSM;010-618-10;"WSM 010-618-10 Piston Clips; Kawasaki / Polaris 650 / 780 86-97";3,26
WSM;010-621-14;"WSM 010-621-14 Piston Clips; Kawasaki / Sea-Doo 951 / 1200 / 1500 97-08";3,26
WSM;010-624-15;"WSM 010-624-15 Piston Clips; Kawasaki 1200 STX-12F / Ultra 150 99-05";3,26
WSM;010-644;"WSM 010-644 Piston Clips; Kawasaki 400 / 450 / 1000 / 1200 / 1500 93-26";3,26
WSM;010-616-10;"WSM 010-616-10 Piston Clips; Kawasaki 440 / 550 JS / SX 77-95";3,26
WSM;010-616;"WSM 010-616 Piston Clips; Kawasaki 440 JS 77-92";3,26
WSM;010-660;"WSM 010-660 Piston Clips; Sea-Doo 1503 GTI / GTX 03-07";3,26
WSM;010-661;"WSM 010-661 Piston Clips; Sea-Doo 1503 GTX SC 05-06";3,26
WSM;010-665;"WSM 010-665 Piston Clips; Sea-Doo 1630 16-26";3,26
WSM;010-618-15;"WSM 010-618-15 Piston Clips; Sea-Doo 580 89-96";3,26
WSM;010-620-15;"WSM 010-620-15 Piston Clips; Sea-Doo 650 - 800 93-03";3,26
WSM;010-620-10;"WSM 010-620-10 Piston Clips; Tiger Shark / Yamaha 650 - 770 / 1000 / 1100 / 1200 90-20";3,26
WSM;010-617-11;"WSM 010-617-11 Piston Clips; Yamaha  850 / 1000 - 1200 02-26";3,26
WSM;010-673;"WSM 010-673 Piston Clips; Yamaha 1800 / 1900 08-26 / 600 / 660 Grizzly / Raptor / Rhino 98-08";3,26
WSM;527-59;"WSM 527-59 O-Ring; Yamaha 9.9 Hp / 450 / 660 85-09";3,28
WSM;785-100-03;"WSM 785-100-03 Spring, Poppet Valve; Mercury";3,28
WSM;003-102-02;"WSM 003-102-02 Drive Shaft Bellow Clamp; Sea-Doo 900 Spark 14-17";3,29
WSM;584-160;"WSM 584-160 Gasket, Fuel Pump; Mercuriser 4.3L 262 CI.";3,29
WSM;540-24;"WSM 540-24 Gasket, Thermostat; Mercury / Mariner 75 - 125 Hp 3 Cyl 1.5L";3,29
WSM;COU220F;"WSM COU220F Hose Barb; 1/2'' Hose x 3/8'' Male";3,29
WSM;COU221EE;"WSM COU221EE Hose Barb; 3/8'' Hose x 1/4'' Female";3,29
WSM;007-484;"WSM 007-484 Intake Manifold Gasket; Yamaha 650 90-96";3,29
WSM;527-92;"WSM 527-92 O-Ring, Crankshaft; Yamaha 25 Hp 4-Stroke 98-07";3,29
WSM;009-701;"WSM 009-701 Jet Pump Oil Seal; Yamaha 500 - 800 / 1050 - 1200 89-26";3,3
WSM;527-98;"WSM 527-98 O-Ring, Oil Pump; Yamaha 25 - 60 Hp 4-Stroke 95-08";3,3
WSM;007-426;"WSM 007-426 Base Gasket; Kawasaki 400 - 550 JS 76-92";3,32
WSM;447-332;"WSM 447-332 Gasket, Water Pump; Force / Mercury / Mariner 30 - 60 Hp";3,32
WSM;014-334-01;"WSM 014-334-01 Bolt, Hex Head; Yamaha 1000 / 1200 / 1300 99-08";3,35
WSM;007-532;"WSM 007-532 Exhaust Gasket; Yamaha 650 / 700 90-20";3,35
WSM;555-60;"WSM 555-60 Gasket, Exhaust; Mariner / Yamaha 40 Hp 90-97";3,35
WSM;555-61;"WSM 555-61 Gasket, Exhaust; Mariner / Yamaha 40 Hp 90-97";3,35
WSM;523-25;"WSM 523-25 Gasket, Exhaust; Yamaha 40 / 50 Hp 84-08";3,35
WSM;506-24;"WSM 506-24 Gasket, Head Cover; Mariner / Yamaha 40 Hp 2 Cylinder 82-97";3,35
WSM;516-33;"WSM 516-33 Gasket, Reed Block; Mercury / Mariner 200 Hp 6 Cyl 78-90";3,35
WSM;520-12;"WSM 520-12 Gasket, Water Cover; Evinrude 115 - 200 Hp E-TEC";3,35
WSM;014-701;"WSM 014-701 Nut, Nylon Lock; 6mm Stainless - Pack Of 10";3,35
WSM;008-683-09;"WSM 008-683-09 Cylinder Head Pipe Seal; Yamaha 1000 / 1100 02-15";3,37
WSM;007-572;"WSM 007-572 Ignition Gasket; Sea-Doo 580 SP / XP 1991";3,37
WSM;009-778;"WSM 009-778 Crankshaft Oil Seal; Sea-Doo 580 - 800 89-03";3,38
WSM;518-12;"WSM 518-12 Gasket, Reed; Yamaha 85 / 90 Hp 84-91";3,38
WSM;445-145;"WSM 445-145 O-Ring, Bearing Carrier; Johnson / Evinrude 185 - 300 Hp";3,38
WSM;009-776;"WSM 009-776 Crankshaft Oil Seal; Sea-Doo 580 89-96";3,42
WSM;515-23;"WSM 515-23 Gasket, Air Silencer; Johnson / Evinrude 85 - 140 Hp V4 Cross Flow 77-98";3,42
WSM;540-27;"WSM 540-27 Gasket, Thermostat; Mercury / Mariner 65 - 125 Hp 99-05";3,42
WSM;007-485;"WSM 007-485 Intake Manifold Gasket; Yamaha 650 90-96";3,42
WSM;009-717;"WSM 009-717 Jet Pump Oil Seal; Yamaha 1100 05-15";3,42
WSM;009-707;"WSM 009-707 Jet Pump Oil Seal; Yamaha 500 / 650 89-93";3,42
WSM;600-302;"WSM 600-302 Oil Filter; Mercury 75 - 300 Hp";3,42
WSM;541-45;"WSM 541-45 O-Ring, Crankshaft; Yamaha 200 - 300 Hp HPDI 03-10";3,42
WSM;007-573-03;"WSM 007-573-03 Solenoid Shut Off Gasket; Sea-Doo 1503 04-05";3,42
WSM;008-692-01;"WSM 008-692-01 Dipstick O-Ring; Yamaha 1000 / 1100 02-15";3,43
WSM;011-805;"WSM 011-805 Compartment Latch; Sea-Doo 720 - 1503 02-11";3,44
WSM;522-10;"WSM 522-10 Gasket, Exhaust Plate; Chrysler / Force 35 - 50 Hp 77-89";3,44
WSM;517-17;"WSM 517-17 Gasket, Exhaust; Chrysler / Force 35 - 50 Hp 77-88";3,44
WSM;007-586;"WSM 007-586 Ignition Housing Gasket; Sea-Doo 800 95-05";3,44
WSM;009-779;"WSM 009-779 Rotary Shaft Oil Seal; Sea-Doo 580 - 800 89-05";3,46
WSM;510-03;"WSM 510-03 Gasket, Base; Johnson / Evinrude 40 - 60 Hp 76-16";3,47
WSM;526-67;"WSM 526-67 O-Ring, Bearing Carrier; Mercury 3.4L V6 / 4.6 V8  5.44'' TORPEDO";3,47
WSM;014-130-01;"WSM 014-130-01 Bolt, Socket Cap Case; Sea-Doo 580 / 720 89-96";3,48
WSM;517-10;"WSM 517-10 Gasket, Port Cover; Chrysler / Force 35 - 150 Hp";3,48
WSM;850-320K;"WSM 850-320K Flywheel Key; Yamaha 30 - 250 Hp";3,49
WSM;008-420;"WSM 008-420 Generator Cover O-Ring; Kawasaki 1200 STX-R / Ultra 150 99-05";3,5
WSM;010-495-07;"WSM 010-495-07 Power Valve Bellow Spring; Sea-Doo 800 / 951 98-05";3,5
WSM;010-484;"WSM 010-484 Rotary Shaft Barrel; Sea-Doo 580 - 720 92-05";3,5
WSM;COU220D;"WSM COU220D Hose Barb; 5/16'' Hose x 1/8'' Male";3,52
WSM;600-114-01;"WSM 600-114-01 O-Ring, VST Boost Pump; Mercury / Mariner 75 - 300 Hp DFI";3,52
WSM;526-95;"WSM 526-95 O-Ring, Water Pump Housing; Yamaha 90 - 300 Hp 84-21";3,52
WSM;780-150-01;"WSM 780-150-01 Thermostat Valve; Johnson / Evinrude 85 - 140 Hp V4 Cross Flow 73-98";3,52
WSM;120-052;"WSM 120-052 Valve Keeper; Yamaha 150 - 350 Hp 4-Stroke 09-22";3,52
WSM;010-623-12;"WSM 010-623-12 Piston Clips; Sea-Doo 1503 4-Tec 03-20";3,53
WSM;53-520F;"WSM 53-520F Piston Clips; Yamaha 350 Banshee 87-06";3,53
WSM;COU220DD;"WSM COU220DD Hose Barb; 5/16'' Hose x 1/4'' Male";3,54
WSM;008-600-12;"WSM 008-600-12 Camshaft V-Ring; Sea-Doo / Can-Am 900 / 1000 14-26";3,55
WSM;008-588;"WSM 008-588 Magneto Cover O-Ring; Sea-Doo 580 - 800 92-05";3,55
WSM;552-25;"WSM 552-25 Oil Seal; Yamaha 25 - 50 Hp 84-92";3,55
WSM;527-82;"WSM 527-82 O-Ring, Crankshaft; Yamaha 30 Hp / 250 93-06";3,55
WSM;007-573-08;"WSM 007-573-08 PTO Cover Gasket; Sea-Doo / Can-Am 900 / 1000 14-26";3,55
WSM;009-798-01;"WSM 009-798-01 Water Pump Oil Seal; Sea-Doo / Can-Am 500 / 800 - 1000 14-26";3,55
WSM;007-597-08;"WSM 007-597-08 Crankcase Cover Gasket; Yamaha 1050 16-26";3,56
WSM;009-721;"WSM 009-721 Crankshaft Oil Seal; Kawasaki  / Sea-Doo / Polaris 650 - 1100 92-07";3,56
WSM;520-18;"WSM 520-18 Gasket, Megaphone; Johnson / Evinrude 40 - 70 Hp Looper 86-01";3,56
WSM;008-640-01;"WSM 008-640-01 Jet Pump Rubber Ring; Sea-Doo 720 - 1630 98-26";3,56
WSM;008-455;"WSM 008-455 Oil Pump O-Ring; Kawasaki 900 / 1100 95-06";3,56
WSM;551-10;"WSM 551-10 Oil Seal, Crankshaft; Yamaha 75 - 90 Hp 84-09";3,56
WSM;986-300;"WSM 986-300 Washer, Tilt Tube; Johnson / Evinrude 25-135 Hp";3,56
WSM;007-430;"WSM 007-430 Base Gasket; Sea-Doo 580 89-91";3,58
WSM;805-204;"WSM 805-204 Bolt, Connecting Rod; Mercury / Mariner 65 - 125 / 200 - 300 Hp (Sold Each)";3,58
WSM;007-463;"WSM 007-463 Exhaust Gasket; Yamaha 650 / 700 90-20";3,58
WSM;505-02;"WSM 505-02 Gasket, Head Cover; Johnson / Evinrude 150 - 235 Hp V6 Cross Flow 76-92";3,58
WSM;518-26;"WSM 518-26 Gasket, Intake; Yamaha 225 / 250 Hp 6 Cylinder 90-96";3,58
WSM;003-075;"WSM 003-075 Impeller Housing Bushing; Sea-Doo 1503 4-Tec 04-12";3,58
WSM;518-17;"WSM 518-17 Gasket, Carburetor; Yamaha 115 / 130 Hp 85-95";3,6
WSM;20-203;"WSM 20-203 Base Gasket; Yamaha 350 Banshee 87-06";3,61
WSM;008-583;"WSM 008-583 Cylinder Head O-Ring; Sea-Doo  720 / 800 95-05";3,61
WSM;008-592;"WSM 008-592 Cylinder Head O-Ring; Sea-Doo 800 95-05";3,61
WSM;007-475;"WSM 007-475 Exhaust Outer Cover Gasket; Yamaha 700 94-04";3,61
WSM;600-121-01;"WSM 600-121-01 Fuel Pump Seal; Mercury / Mariner 75 - 350 Hp 4-Stroke";3,61
WSM;517-20;"WSM 517-20 Gasket, Exhaust; Force 40 / 50 Hp 2 Cyl 89-99";3,61
WSM;006-512;WSM 006-512 In Tank Pickup Filter;3,62
WSM;120-102;"WSM 120-102 Valve Stem Seal; Mercury / Yamaha 75 - 115 Hp 4-Stroke 99-17";3,62
WSM;541-34-07;"WSM 541-34-07 Gasket, Crankcase Cover; Yamaha 300 - 350 Hp 5.3L V8 4-Stroke 07-19";3,64
WSM;526-59;"WSM 526-59 O-Ring, Tilt; Yamaha 115 - 300 Hp 2 / 4 Stroke";3,64
WSM;COU109UF;"WSM COU109UF Countersink Hex Head Plug; 1/2''";3,67
WSM;COU221DD;"WSM COU221DD Hose Barb; 5/16'' Hose x 1/4'' Female";3,67
WSM;47-300;"WSM 47-300 Balance Shaft Bearing; Polaris 900 - 1500 13-25";3,72
WSM;47-200BLU;"WSM 47-200BLU Connecting Rod Bearing; Polaris 850 - 1000 17-22 Blue";3,72
WSM;47-200RED;"WSM 47-200RED Connecting Rod Bearing; Polaris 850 - 1000 17-22 Red";3,72
WSM;47-200WHT;"WSM 47-200WHT Connecting Rod Bearing; Polaris 850 - 1000 17-22 White";3,72
WSM;47-200YLW;"WSM 47-200YLW Connecting Rod Bearing; Polaris 850 - 1000 17-22 Yellow";3,72
WSM;47-205BLU;"WSM 47-205BLU Connecting Rod Bearing; Polaris 900 - 1000 12-23 Blue";3,72
WSM;47-205GRN;"WSM 47-205GRN Connecting Rod Bearing; Polaris 900 - 1000 12-23 Green";3,72
WSM;47-205WHT;"WSM 47-205WHT Connecting Rod Bearing; Polaris 900 - 1000 12-23 White";3,72
WSM;520-20;"WSM 520-20 Gasket, Exhaust Manifold; Johnson / Evinrude 85 - 140 Hp V4 Cross Flow 79-98";3,72
WSM;518-35;"WSM 518-35 Gasket, Intake; Mariner / Yamaha 40 Hp";3,72
WSM;445-310;"WSM 445-310 Gasket, Water Pump; Yamaha 115 - 300 Hp";3,72
WSM;008-640;"WSM 008-640 Jet Pump Rubber Gasket; Sea-Doo 720 / 800 GS / GTI / XP 97-98";3,72
WSM;003-131;"WSM 003-131 Jet Pump Snap Ring; Kawasaki 900 - 1500 99-26";3,72
WSM;47-100BLU;"WSM 47-100BLU Main Bearing; Polaris 900 - 1000 11-25 Blue";3,72
WSM;47-100GRN;"WSM 47-100GRN Main Bearing; Polaris 900 - 1000 11-25 Green";3,72
WSM;47-100RED;"WSM 47-100RED Main Bearing; Polaris 900 - 1000 11-25 Red";3,72
WSM;47-100WHT;"WSM 47-100WHT Main Bearing; Polaris 900 - 1000 11-25 White";3,72
WSM;47-100YLW;"WSM 47-100YLW Main Bearing; Polaris 900 - 1000 11-25 Yellow";3,72
WSM;47-105BLU;"WSM 47-105BLU Main Bearing; Polaris 925 / 1000 14-26 Blue";3,72
WSM;47-105GRN;"WSM 47-105GRN Main Bearing; Polaris 925 / 1000 14-26 Green";3,72
WSM;47-105YLW;"WSM 47-105YLW Main Bearing; Polaris 925 / 1000 14-26 Yellow";3,72
WSM;552-51T;"WSM 552-51T Oil Seal, Crankshaft; Mariner / Yamaha 9.9 / 15 Hp 84-09";3,72
WSM;447-471;"WSM 447-471 Oil Seal, Prop Shaft; Suzuki 150 - 300 Hp 4-Stroke";3,72
WSM;540-34;"WSM 540-34 Poppet Valve Diaphragm; Mercury 40 - 400 Hp 72-21";3,72
WSM;007-338;"WSM 007-338 Throttle Body Gasket; Kawasaki 1200 / 1500 03-22";3,72
WSM;004-100;"WSM 004-100 VTS Switch Button; Sea-Doo 580 - 951 93-04";3,72
WSM;990-330;WSM 990-330 Carburetor Cleaner Wire Set;3,73
WSM;586-871A1;"WSM 586-871A1 Gasket, Timing Cover; Mercruiser / GM V8";3,73
WSM;983-300-04;"WSM 983-300-04 Gimbal Bearing Puller; Nut";3,73
WSM;008-674;"WSM 008-674 Head O-Ring; Tiger Shark 900 - 1100 95-99";3,73
WSM;525-21;"WSM 525-21 Water Shut Grommet; Yamaha 150 - 200 Hp L4 2.8L 4 Stroke";3,73
WSM;510-06;"WSM 510-06 Gasket, Base; Johnson / Evinrude 40 - 70 Hp Looper 86-01";3,74
WSM;009-780;"WSM 009-780 Crankshaft Oil Seal; Sea-Doo 580 - 720 89-05";3,76
WSM;527-74;"WSM 527-74 O-Ring; Yamaha 250 - 1050 / 1800 / 1900 87-26";3,76
WSM;008-606;"WSM 008-606 Rotary Valve O-Ring; Sea-Doo 650 - 720 94-97";3,76
WSM;009-722;"WSM 009-722 Crankshaft Oil Seal; Polaris 650 - 785 92-00";3,77
WSM;30-225;"WSM 30-225 Lever, Brake; Kawasaki 200 / 250 84-85";3,77
WSM;552-34-01;"WSM 552-34-01 Oil Seal, Shift Shaft; Yamaha 225 - 300 Hp 4-Stroke 14-22";3,77
WSM;013-271-005;"WSM 013-271-005 Thread Lock; Red 271 High Strength .5ml";3,77
WSM;010-180W;"WSM 010-180W Upper Rod Washer; Yamaha 40 / 50 Hp";3,77
WSM;584-525;"WSM 584-525 Gasket, Thermostat; Mercruiser";3,78
WSM;785-200-02;"WSM 785-200-02 Grommet, Poppet Valve; Mercury / Yamaha 75 - 300 Hp";3,78
WSM;552-15;"WSM 552-15 Oil Seal; Yamaha 6 / 8 Hp 86-10";3,78
WSM;003-104-02;"WSM 003-104-02 Drive Shaft Bellow Clamp; Sea-Doo 580 - 300 89-15";3,79
WSM;650-450;WSM 650-450 Garboard Drain Plug: Brass Plug Only;3,79
WSM;650-330;WSM 650-330 Thru Hull Fitting: 3/4'' Nylon;3,79
WSM;600-120-02;"WSM 600-120-02 Fuel Pump Seal; Mercury Verado 75 - 350 Hp 4-Stroke";3,8
WSM;515-07;"WSM 515-07 Gasket, Air Cover; Johnson / Evinrude 40 - 60 Hp Looper 76-84";3,83
WSM;011-515;"WSM 011-515 Exhaust Bushing; Sea-Doo 580 / 720 - 951 95-07";3,84
WSM;007-580-04;"WSM 007-580-04 Exhaust Gasket; Tiger Shark 900 95-99";3,84
WSM;510-05;"WSM 510-05 Gasket, Base; Johnson / Evinrude 60 - 75 Hp Looper 85-88";3,84
WSM;780-150-04;"WSM 780-150-04 Thermostat Diaphram; Johnson / Evinrude 150 - 235 Hp V6 Cross Flow 76-92";3,84
WSM;520-07;"WSM 520-07 	Gasket, Exhaust; Johnson / Evinrude 150 - 235 Hp V6 Cross Flow 76-92";3,85
WSM;003-119-02;"WSM 003-119-02 Drive Shaft C-Clip; Sea-Doo 1503 / 1630 4-Tec 04-26";3,85
WSM;003-119;"WSM 003-119 Drive Shaft C-Clip; Sea-Doo 720 - 951 95-07";3,85
WSM;003-119-01;"WSM 003-119-01 Drive Shaft C-Clip; Sea-Doo 900 / 1503 / 1630 4-Tec 02-26";3,85
WSM;521-10;"WSM 521-10 Gasket, Exhaust; Mercury / Mariner 30 / 40 Hp 89-97";3,85
WSM;COU220FC;"WSM COU220FC Hose Barb; 1/2'' Hose x 1/4'' Male";3,85
WSM;COU220EEE;"WSM COU220EEE Hose Barb; 3/8'' Hose x 3/8'' Male";3,85
WSM;003-100-01;"WSM 003-100-01 Rubber Boot Clamp; Sea-Doo 580 - 951 89-06";3,85
WSM;780-150-07;"WSM 780-150-07 Thermostat Grommet; Johnson 85 - 140 Hp V4 Cross Flow 77-98";3,85
WSM;510-21;"WSM 510-21 Gasket, Adapter Plate; Mercury / Mariner 30 - 60 Hp 87-97";3,86
WSM;505-71;"WSM 505-71 Gasket, Head Cover; Chrysler / Force 40 - 50 Hp 2 Cyl 77-99";3,86
WSM;COU220E;"WSM COU220E Hose Barb; 3/8'' Hose x 1/8'' Male";3,86
WSM;428HSO-L;WSM 428HSO-L Master Link, Chain: 428 HSO;3,86
WSM;552-42;"WSM 552-42 Oil Seal; Yamaha 8 - 20 Hp 84-21";3,86
WSM;008-589;"WSM 008-589 Cylinder Head O-Ring; Sea-Doo 580 89-96";3,88
WSM;20-405;"WSM 20-405 Exhuast Gasket; Yamaha 200 Blaster 88-06";3,88
WSM;008-613-01;"WSM 008-613-01 Generator Cover O-Ring; Sea-Doo 580 - 800 93-05";3,88
WSM;008-613;"WSM 008-613 Head Cover O-Ring; Sea-Doo 650 93-96";3,88
WSM;007-309;"WSM 007-309 Reed Valve Gasket; Kawasaki 750-1200 95-11";3,88
WSM;007-577;"WSM 007-577 Reed Valve Gasket; Yamaha 700 / 760 94-20";3,88
WSM;770-125;"WSM 770-125 Seal, Water Pump; Yamaha 115 - 300 Hp";3,88
WSM;523-12;"WSM 523-12 Gasket, Exhaust; Yamaha 75 - 90 Hp 84-09";3,89
WSM;30-563;"WSM 30-563 Lever, Brake; Yamaha 50 PW 85-26";3,89
WSM;30-562;"WSM 30-562 Lever, Clutch; Yamaha 50 PW 92-26";3,89
WSM;006-613;"WSM 006-613 Fuel Knob; Universal";3,92
WSM;006-613-01;"WSM 006-613-01 Fuel Knob; Universal";3,92
WSM;006-612;"WSM 006-612 Fuel Knob; Yamaha 500 - 1200 87-05";3,92
WSM;527-17;"WSM 527-17 O-Ring, Crankshaft; Yamaha 200 - 250 Hp 90-05";3,92
WSM;515-05;"WSM 515-05 Gasket, Air Box; Johnson / Evinrude 150 - 235 Hp V6 Cross Flow 76-92";3,95
WSM;010-162W;"WSM 010-162W Upper Rod Washer; Yamaha 25 - 90 Hp";3,95
WSM;600-114-03;"WSM 600-114-03 O-Ring, VST Fuel Pump; Mercury / Mariner 75 - 300 Hp DFI";3,97
WSM;770-123;"WSM 770-123 Seal, Water Pump; Yamaha 40 - 60 Hp 4 Stroke";3,97
WSM;007-288;"WSM 007-288 Carburetor Gasket; Yamaha 800 / 1200 98-05";3,98
WSM;770-155;"WSM 770-155 Grommet,Water Pump Housing; Mercury / Mariner / Mercruiser 30 / 300 Hp";3,98
WSM;COU220DE;"WSM COU220DE Hose Barb; 5/16'' Hose x 3/8'' Male";3,98
WSM;986-205;"WSM 986-205 Bushing, Tilt Tube; Johnson / Evinrude 85 - 235 Hp Cross Flow 77-83";4
WSM;515-06;"WSM 515-06 Gasket, Intake; Johnson / Evinrude 35 - 60 Hp Looper 76-05";4
WSM;515-10;"WSM 515-10 Gasket, Intake; Johnson / Evinrude 50 - 75 Hp Looper 72-01";4
WSM;540-36;"WSM 540-36 Poppet Valve Diaphragm; Mercury / Mariner 30 - 125 Hp 91-14";4
WSM;555-49;"WSM 555-49 Gasket, Intake; Yamaha 9.9 Hp 4-Stroke 85-05";4,01
WSM;555-70;"WSM 555-70 Gasket, Valve Seat; Yamaha 25 / 30 Hp Commercial 96-97";4,01
WSM;012-801-01;"WSM 012-801-01 WSM Decal; 8'' - Black";4,01
WSM;012-803-01;"WSM 012-803-01 WSM Decal; 8'' - Blue";4,01
WSM;012-800-01;"WSM 012-800-01 WSM Decal; 8'' - Grey";4,01
WSM;012-802-01;"WSM 012-802-01 WSM Decal; 8'' - White";4,01
WSM;55-1014;"WSM 55-1014 Oil Filter; Honda / Kawasaki / Suzuki 110 - 650 81-26";4,02
WSM;55-1203;"WSM 55-1203 Oil Filter; Johnson / Suzuki 8 - 15 Hp 4-Stroke 96-11 / 50 - 185 83-26";4,02
WSM;55-1220;"WSM 55-1220 Oil Filter; Kawasaki / Suzuki 400 / 450 00-24";4,02
WSM;526-54;"WSM 526-54 O-Ring, Trim; Yamaha 115 - 300 Hp 2 / 4 Stroke";4,02
WSM;010-162-01W;"WSM 010-162-01W Upper Rod Washer; Yamaha 115 - 225 Hp 84-92";4,02
WSM;009-781;"WSM 009-781 Crankshaft Oil Seal; Sea-Doo 800 95-05";4,03
WSM;007-468;"WSM 007-468 Muffler Gasket; Yamaha 700 94-04";4,04
WSM;007-467;"WSM 007-467 Muffler Gasket; Yamaha 700 94-98";4,04
WSM;725-157-01;"WSM 725-157-01 Water Pump Plate; Mercury / Mariner / Mercruiser 65 - 300 Hp";4,04
WSM;014-905;"WSM 014-905 Bolt, Crankcase; Sea-Doo 1503 / 1630 4-Tec 02-26";4,08
WSM;008-689-04;"WSM 008-689-04 Earth Plate O-Ring; Yamaha 90 - 600 / 1050 / 1100 / 1200 / 1800 86-26";4,08
WSM;007-310;"WSM 007-310 Exhaust Gasket; Kawasaki 900 / 1100 95-06";4,08
WSM;007-553;"WSM 007-553 Exhaust Gasket; Sea-Doo 580 - 720 93-00";4,08
WSM;516-23;"WSM 516-23 Gasket, Choke Plate; Mercury / Mariner 135 - 200 Hp 76-91";4,08
WSM;517-38;"WSM 517-38 Gasket, Intake; Force 75 Hp 96-98";4,08
WSM;515-39;"WSM 515-39 Gasket, Intake; Johnson / Evinrude 75 - 115 Hp FICHT 98-06";4,08
WSM;540-29;"WSM 540-29 Gasket, Megaphone; Mercury / Mariner 105 - 225 Hp 78-99";4,08
WSM;541-29;"WSM 541-29 Gasket, Valve Cover; Yamaha 115 - 225 Hp 84-10";4,08
WSM;820-100;WSM 820-100 Head Bolt - Mecrury / Mariner 110 - 240 Hp V6;4,08
WSM;523-36;"WSM 523-36 Gasket, Connector; Yamaha 75 / 90 Hp 4-Stroke 16-22";4,1
WSM;505-30;"WSM 505-30 Gasket, Head Cover; Mercury / Mariner 30 - 50 Hp 80-97";4,1
WSM;516-40;"WSM 516-40 Gasket, Reed Block; Mercury / Mariner 200 - 300 Hp 6 Cyl 3L 95-05";4,1
WSM;552-23;"WSM 552-23 Oil Seal; Yamaha 20 - 30 Hp 84-22";4,1
WSM;552-29;"WSM 552-29 Oil Seal; Yamaha 25 / 30 Hp 84-22";4,1
WSM;30-345;"WSM 30-345 Lever, Clutch; Kawasaki 200 / 250 KLT";4,12
WSM;369-110K;"WSM 369-110K Spark Plug Boot and Terminal; 90°";4,12
WSM;007-437;"WSM 007-437 Base Gasket; Tiger Shark 640 94-99";4,14
WSM;445-131;"WSM 445-131 O-Ring, Bearing Carrier; Johnson / Evinrude 150 / 300 Hp";4,14
WSM;527-140;"WSM 527-140 O-Ring, Drive Shaft; Yamaha 30 - 350 Hp 2 / 4-Stroke";4,14
WSM;650-180;"WSM 650-180 Bow Roller; 3''";4,16
WSM;007-335-04;"WSM 007-335-04 Compressor Gasket; Kawasaki 1500 Ultra 300 / 310 11-26";4,16
WSM;520-04;"WSM 520-04 Gasket, Exhaust; Johnson / Evinrude 120 - 235 Hp V4 / V6";4,16
WSM;003-415-06;"WSM 003-415-06 Jet Pump Nose Cone Spring; Sea-Doo 580 - 951 95-06";4,16
WSM;552-34;WSM 552-34 Oil Seal, Shift Shaft: Mercury / Mariner / Yamaha 30 - 300 Hp 84-22;4,16
WSM;986-305;"WSM 986-305 Washer, Tilt Tube; Johnson / Evinrude / Mercury / Mariner / Yamaha 3 - 350 Hp";4,16
WSM;368-100-04;"WSM 368-100-04 Wires, Ignition; Johnson / Evinrude 2 - 300 Hp 81-07";4,16
WSM;368-100-06;"WSM 368-100-06 Wires, Ignition; Johnson / Evinrude 2 - 300 Hp 81-07";4,16
WSM;368-200-05;"WSM 368-200-05 Wires, Ignition; Mercury / Mariner 225 / 250 Hp V6 3L 94-98";4,16
WSM;368-200-07;"WSM 368-200-07 Wires, Ignition; Mercury / Mariner 225 / 250 Hp V6 3L 94-98";4,16
WSM;650-335;WSM 650-335 Thru Hull Fitting: 1-1/8'' Nylon;4,19
WSM;650-060;WSM 650-060 Toggle Switch On/Off;4,19
WSM;007-579-03;"WSM 007-579-03 Exhaust Gasket; Tiger Shark 900 - 1100 95-99";4,2
WSM;600-117-01;"WSM 600-117-01 Fuel Pump Grommet; Mercury / Mariner 30 - 60 Hp 4-Stroke EFI 02-05";4,2
WSM;518-27;"WSM 518-27 Gasket, Intake; Yamaha 225 / 250 Hp 6 Cylinder 90-96";4,2
WSM;335-125;"WSM 335-125 Trim Seal Kit; Johnson / Suzuki 85 - 200 Hp";4,2
WSM;521-11;"WSM 521-11 Gasket, Exhaust; Mercury / Mariner 30 / 40 Hp 89-97";4,22
WSM;551-12;"WSM 551-12 Oil Seal, Crankshaft; Yamaha 60 / 70 Hp 84-17";4,22
WSM;527-120;"WSM 527-120 O-Ring, Crankshaft / Intake; Mercury / Yamaha 30 / 60 Hp 4-Stroke 00-21";4,22
WSM;555-24;"WSM 555-24 Drain Plug Gasket; Mercury / Mariner 135 - 400 Hp";4,24
WSM;520-22;"WSM 520-22 Gasket, Exhaust Cover; Johnson / Evinrude 85 - 140 Hp V4 Cross Flow 73-98";4,24
WSM;780-150-03;"WSM 780-150-03 Thermostat Retainer; Johnson / Evinrude 150 - 235 Hp V6 Cross Flow 76-92";4,24
WSM;008-614-01;"WSM 008-614-01 Head Cover O-Ring; Sea-Doo 800 96-05";4,25
WSM;007-487-03;"WSM 007-487-03 Carburetor Gasket; Kawasaki 750 / 800 96-11";4,26
WSM;999-100;"WSM 999-100 Fuel Filter Tool; Mercury DFI Fuel Filter Tool";4,26
WSM;555-51;"WSM 555-51 Gasket, Exhaust; Yamaha 9.9 Hp 4-Stroke 85-05";4,26
WSM;555-50;"WSM 555-50 Gasket, Exhaust; Yamaha 9.9 Hp 4-Stroke 90-05";4,26
WSM;552-60;"WSM 552-60 Oil Seal, Propeller Shaft; Yamaha 50 - 100 Hp 84-22";4,26
WSM;505-55;"WSM 505-55 O-Ring, Cylinder Head; Johnson / Evinrude 75 - 200 Hp";4,26
WSM;527-55;"WSM 527-55 O-Ring, Oil Fill To Block; Yamaha 150 - 200 Hp L4 2.8L 4-Stroke";4,26
WSM;600-160-10;"WSM 600-160-10 O-Ring, Fuel Injector; Yamaha 115 - 225 Hp 4-Stroke 00-22";4,27
WSM;52-205;"WSM 52-205 Piston Pin; Honda 250 / 350 85-86";4,27
WSM;52-210;"WSM 52-210 Piston Pin; Honda 250 TRX-R 87-89";4,27
WSM;52-300;"WSM 52-300 Piston Pin; Polaris 250 86-06";4,27
WSM;52-310;"WSM 52-310 Piston Pin; Polaris 300 94-99";4,27
WSM;52-600;"WSM 52-600 Piston Pin; Suzuki 250 Quadracer 88-92";4,27
WSM;52-610;"WSM 52-610 Piston Pin; Suzuki 400 / 500 Eiger / King Quad 02-25";4,27
WSM;52-605;"WSM 52-605 Piston Pin; Suzuki 500 Quadracer 87-90";4,27
WSM;52-520;"WSM 52-520 Piston Pin; Yamaha 350 Banshee 87-06";4,27
WSM;40-108T;"WSM 40-108T Crankshaft Oil Seal; Yamaha 200 Blaster 88-04";4,31
WSM;008-591;"WSM 008-591 Cylinder Head O-Ring; Sea-Doo 650 GTX / SPX / XP 93-95";4,31
WSM;444-502;"WSM 444-502 Detent Ball; Johnson / Evinrude / OMC 25 - 300 Hp 5 Per Pack";4,31
WSM;515-13;"WSM 515-13 Gasket, Base; Johnson / Evinrude 14 Hp 2 Cylinder 88-89";4,31
WSM;30-555;"WSM 30-555 Lever, Clutch; Kawasaki / Suzuki 65 - 100 / 125 / 250 / 500";4,31
WSM;55-1205;"WSM 55-1205 Oil Filter; Arctic Cat / Suzuki / Yamaha 125 - 426 85-26";4,31
WSM;55-1575;"WSM 55-1575 Oil Filter; Can-Am 175 Rally 03-07";4,31
WSM;55-1303;"WSM 55-1303 Oil Filter; Kawasaki 200 - 300 / 600 / 650 81-26";4,31
WSM;55-1584;"WSM 55-1584 Oil Filter; KTM / Husqvarna 250 - 530 07-26";4,31
WSM;55-1581;"WSM 55-1581 Oil Filter; KTM / Polaris 250 - 690 00-11";4,31
WSM;009-765;"WSM 009-765 Crankshaft Oil Seal; Polaris 700 - 1050 96-98";4,33
WSM;517-39;"WSM 517-39 Gasket, Reed Plate; Force 70 / 75 Hp 91-98";4,33
WSM;COU220EE;"WSM COU220EE Hose Barb; 3/8'' Hose x 1/4'' Male";4,33
WSM;526-06;"WSM 526-06 O-Ring, Oil Pump; Mercury 75 - 450Hp 4 Stroke";4,34
WSM;600-36NS;"WSM 600-36NS Carburetor Needle & Seat; Johnson / Evinrude 2 - 300 Hp V4 - V8 Looper";4,36
WSM;777-100;"WSM 777-100 Water Outlet Hose Elbow; Johnson / Evinrude / Mercury";4,36
WSM;COU116SC;"WSM COU116SC 90 Degree Street Elbow; 1/4''";4,37
WSM;009-725;"WSM 009-725 Crankshaft Oil Seal; Kawasaki 900 / 1100 95-06";4,37
WSM;COU220LCC;"WSM COU220LCC Hose Barb 90 Degree Elbow; 1/4'' Hose x 1/4'' Male";4,37
WSM;COU109F;"WSM COU109F Square Head Plug; 1/2''";4,37
WSM;30-515;"WSM 30-515 Lever, Clutch; Honda 80 / 85 / 125 / 150 / 250 / 400 - 500 / 650";4,38
WSM;20-201;"WSM 20-201 Base Gasket; Suzuki 500 Quadracer 87-90";4,39
WSM;009-746;"WSM 009-746 Bolt Seal, Valve Cover; Kawasaki 250 - 650 / 1200 / 1500 93-26";4,39
WSM;008-420-01;"WSM 008-420-01 Coupler Cover O-Ring; Kawasaki 1200 / 1500 03-26";4,39
WSM;009-702-01;"WSM 009-702-01 Crankshaft Oil Seal; Yamaha 800 / 1200 / 1300 98-08";4,39
WSM;985-125-02;"WSM 985-125-02 Flywheel Puller Washers; Johnson / Evinrude";4,39
WSM;541-36;"WSM 541-36 Gasket, Bypass Cover; Yamaha 150 - 300 Hp 03-21";4,39
WSM;008-420-02;"WSM 008-420-02 Generator Cover O-Ring; Kawasaki 1200 / 1500 03-26";4,39
WSM;007-481;"WSM 007-481 Intake Manifold Gasket; Yamaha 500 Wave Runner 92-93";4,39
WSM;003-720-01B;"WSM 003-720-01B Jet Pump Rear Plug; Sea-Doo 900 / 1503 / 1630 04-26";4,39
WSM;008-599-21;"WSM 008-599-21 Oil Pump Housing O-Ring; Sea-Doo 1503 / 1630 4-Tec 06-26";4,39
WSM;552-10;"WSM 552-10 Oil Seal, Drive Shaft; Mariner / Yamaha 15 - 60 Hp 84-22";4,39
WSM;007-315-03;"WSM 007-315-03 Output Cover Gasket; Kawasaki 1200 / 1500 03-26";4,39
WSM;010-026;"WSM 010-026 Power Valve Spring, Muffler; Sea-Doo 800 / 951 97-05";4,39
WSM;008-428;"WSM 008-428 Spark Plug Gasket; Kawasaki 1200 / 1500 03-26";4,39
WSM;007-335-02;"WSM 007-335-02 Supercharger Gasket; Kawasaki 1500 Ultra 250 / 260 07-10";4,39
WSM;008-688;"WSM 008-688 Supercharger O-Ring; Yamaha 1800 08-26";4,39
WSM;007-522;"WSM 007-522 Muffler Gasket; Kawasaki 650 SX / X2 86-87";4,43
WSM;805-107;"WSM 805-107 Bolt, Connecting Rod; Johnson / Evinrude 120 - 140 / 185 - 300 Hp Looper / Ficht (Sold Each)";4,44
WSM;516-26;"WSM 516-26 Gasket, Reed Block; Mercury / Mariner 135 - 200 Hp 6 Cyl 76-90";4,44
WSM;30-365;"WSM 30-365 Lever, Brake / Clutch; Yamaha 80 - 660";4,44
WSM;30-411;"WSM 30-411 Lever, Clutch; Kawasaki / Suzuki 60 KX / RM 85-03";4,44
WSM;30-220;"WSM 30-220 Lever, Clutch; Kawasaki 200 / 250 84-86";4,44
WSM;30-424;"WSM 30-424 Lever, Clutch; Yamaha 125 / 250 / 400 / 426 2000";4,44
WSM;30-423;"WSM 30-423 Lever, Clutch; Yamaha 80 - 125 / 200 - 250 / 400";4,44
WSM;55-1015;"WSM 55-1015 Oil Filter; Honda 125 ATC / TRX 86-88";4,44
WSM;55-1025;"WSM 55-1025 Oil Filter; Honda 150 - 450 02-26";4,44
WSM;55-1204;"WSM 55-1204 Oil Filter; Kawasaki / Suzuki 250 / 350 DR / DRZ / SP 82-07";4,44
WSM;55-1223;"WSM 55-1223 Oil Filter; Kawasaki / Suzuki 250 / 450 KX-F / RMZ / RMX 04-13";4,44
WSM;55-1208;"WSM 55-1208 Oil Filter; Suzuki 500 - 650 DR / SP 81-11";4,44
WSM;55-1125;"WSM 55-1125 Oil Filter; Yamaha 250 - 450 03-26";4,44
WSM;010-488;"WSM 010-488 Compressor Pin; Sea-Doo 951 DI 00-07";4,46
WSM;541-41;"WSM 541-41 Gasket, Crankcase Cover; Yamaha 300 Hp HPDI 04-10";4,46
WSM;555-109;"WSM 555-109 Gasket, Thermostat Cover; Mercury / Mariner / Yamaha 8 - 70 Hp";4,46
WSM;007-150;"WSM 007-150 Jet Pump Gasket; Sea-Doo 580 - 800 94-02";4,46
WSM;527-75;"WSM 527-75 O-Ring, Oil Dip Stick; Yamaha 25 / 80 - 350 Hp 4-Stroke 99-22";4,46
WSM;990-345;WSM 990-345 Spark Plug Gap Gauge;4,46
WSM;55-1003;"WSM 55-1003 Oil Filter; Honda 400 - 700 01-26";4,48
WSM;552-43;"WSM 552-43 Oil Seal; Yamaha 9.9 / 15 Hp 4-Stroke 86-05";4,48
WSM;010-070;"WSM 010-070 Timing Chain Tensioner Guide; Sea-Doo 1503 / 1630 02-26 / Can-Am 500 / 650 Quest 02-03";4,48
WSM;520-21;"WSM 520-21 Gasket, Exhaust Plate; Johnson / Evinrude 85 - 140 Hp V4 Cross Flow 73-98";4,49
WSM;523-35;"WSM 523-35 Gasket, Oil Filter Connector; Yamaha 150 - 200 Hp L4 2.8L 4 Stroke";4,49
WSM;541-31;"WSM 541-31 Gasket, Poppet Valve; Mercury / Mariner / Yamaha 75 - 150 Hp 4-Stroke 99-22";4,5
WSM;009-727;"WSM 009-727 Crankshaft Oil Seal; Tiger Shark 640 94-99";4,51
WSM;007-332;"WSM 007-332 Exhaust Gasket; Kawasaki 1100 96-04";4,51
WSM;007-318;"WSM 007-318 Exhaust Manifold Gasket; Kawasaki 1200 Ultra 150 / STX-R 99-05";4,51
WSM;600-330;"WSM 600-330 Fuel Filter; 1/4'' / 5/16''";4,52
WSM;600-310;"WSM 600-310 Fuel Filter; Johnson / Evinrude / Force 120 - 300 Hp";4,52
WSM;011-300-05;"WSM 011-300-05 Motor Mount Shim; Yamaha 500 - 1900 89-26; .020 thick";4,52
WSM;011-300-10;"WSM 011-300-10 Motor Mount Shim; Yamaha 500 - 1900 89-26; .040'' thick";4,52
WSM;011-300-20;"WSM 011-300-20 Motor Mount Shim; Yamaha 500 - 1900 89-26; .080'' thick";4,52
WSM;FSY-012-11;"WSM FSY-012-11 Sprocket, Front; Kawasaki / Suzuki / Yamaha 50 - 112";4,52
WSM;FSY-012-12;"WSM FSY-012-12 Sprocket, Front; Kawasaki / Suzuki / Yamaha 50 - 112";4,52
WSM;FSY-012-13;"WSM FSY-012-13 Sprocket, Front; Kawasaki / Suzuki / Yamaha 50 - 112";4,52
WSM;FSY-012-14;"WSM FSY-012-14 Sprocket, Front; Kawasaki / Suzuki / Yamaha 50 - 112";4,52
WSM;FSY-012-16;"WSM FSY-012-16 Sprocket, Front; Kawasaki / Suzuki / Yamaha 50 - 112";4,52
WSM;FSY-013-13;"WSM FSY-013-13 Sprocket, Front; Yamaha 125 TT-R 00-26";4,52
WSM;FSY-013-14;"WSM FSY-013-14 Sprocket, Front; Yamaha 125 TT-R 00-26";4,52
WSM;FSY-013-15;"WSM FSY-013-15 Sprocket, Front; Yamaha 125 TT-R 00-26";4,52
WSM;FSY-014-12;"WSM FSY-014-12 Sprocket, Front; Yamaha 85 YZ 02-26";4,52
WSM;FSY-014-13;"WSM FSY-014-13 Sprocket, Front; Yamaha 85 YZ 02-26";4,52
WSM;FSY-014-14;"WSM FSY-014-14 Sprocket, Front; Yamaha 85 YZ 02-26";4,52
WSM;FSY-014-15;"WSM FSY-014-15 Sprocket, Front; Yamaha 85 YZ 02-26";4,52
WSM;446-503;"WSM 446-503 Gasket Kit, Outdrive Mounting; Mercruiser Alpha / Bravo";4,54
WSM;522-11;"WSM 522-11 Gasket, Exhaust; Chrysler / Force 70 - 85 Hp";4,54
WSM;511-22;"WSM 511-22 Gasket, Base; Mariner / Yamaha 9.9 / 15 Hp 79-95";4,57
WSM;586-871A;"WSM 586-871A Gasket, Timing Cover; Mercruiser GM V6 / V8 262 / 305 / 350 CI.";4,57
WSM;30-230;"WSM 30-230 Lever, Brake; Kawasaki 250 Tecate 85-86";4,57
WSM;014-601;"WSM 014-601 Nut, Hex; 6mm Stainless - Pack Of 10";4,57
WSM;370-100;"WSM 370-100 Plug Wire Terminal; 10 Pack";4,57
WSM;370-110;"WSM 370-110 Plug Wire Terminal; 10 Pack";4,57
WSM;650-235;"WSM 650-235 Drain Tube; Brass Transom 3''";4,58
WSM;20-203-16;"WSM 20-203-16 Base Gasket; Yamaha 350 Banshee 87-06";4,6
WSM;20-203-20;"WSM 20-203-20 Base Gasket; Yamaha 350 Banshee 87-06";4,6
WSM;20-203-31;"WSM 20-203-31 Base Gasket; Yamaha 350 Banshee 87-06";4,6
WSM;20-203-39;"WSM 20-203-39 Base Gasket; Yamaha 350 Banshee 87-06";4,6
WSM;009-775;"WSM 009-775 Crankshaft Oil Seal; Sea-Doo 580 - 720 89-05";4,6
WSM;009-702;"WSM 009-702 Crankshaft Oil Seal; Yamaha 650 - 760 / 1100 / 1200 90-20";4,6
WSM;009-703;"WSM 009-703 Crankshaft Oil Seal; Yamaha 650 - 760 / 1100 / 1200 90-20";4,6
WSM;009-704;"WSM 009-704 Crankshaft Oil Seal; Yamaha 650 - 760 / 1100 / 1200 90-20";4,6
WSM;009-704-01;"WSM 009-704-01 Crankshaft Oil Seal; Yamaha 800 / 1200 / 1300 98-08";4,6
WSM;009-732;"WSM 009-732 Drive Shaft Oil Seal; Polaris 650 / 700 / 780 - 1200 92-04";4,6
WSM;009-772;"WSM 009-772 Drive Shaft Oil Seal; Polaris 650 / 700 / 780 - 1200 92-04";4,6
WSM;008-666-01;"WSM 008-666-01 Head O-Ring; Polaris 1200 MSX 140 Fuel Injected 03-04";4,6
WSM;008-666;"WSM 008-666 Head O-Ring; Polaris 800 - 1200 99-04";4,6
WSM;009-790;"WSM 009-790 Power Valve Oil Seal; Yamaha 800 / 1200 / 1300 98-05";4,6
WSM;008-615;"WSM 008-615 Rotary Cover O-Ring; Sea-Doo 800 RFI 98-05";4,6
WSM;010-228-01;"WSM 010-228-01 Thrust Bearing; Sea-Doo 580 - 720 89-02";4,6
WSM;20-204;"WSM 20-204 Base Gasket; Polaris 250 90-06";4,63
WSM;516-19;"WSM 516-19 Gasket, Exhaust Intake; Mercury / Mariner 30 - 60 Hp 3 Cyl";4,63
WSM;516-18;"WSM 516-18 Gasket, Reed Block; Mercury / Mariner 30 - 60 Hp 3 Cyl";4,63
WSM;650-300;WSM 650-300 Cup Holder: White Nylon Adjustable;4,64
WSM;541-24;"WSM 541-24 Gasket, Thermostat; Yamaha 150 Hp 4-Stroke 04-25";4,64
WSM;30-370;"WSM 30-370 Lever, Brake / Clutch; Yamaha 80 / 200 - 600";4,64
WSM;30-366;"WSM 30-366 Lever, Clutch; Yamaha 250 / 450 WR-F / YFZ 03-26";4,64
WSM;552-40;"WSM 552-40 Oil Seal; Yamaha 9.9 / 15 Hp 4-Stroke 98-07";4,64
WSM;552-41;"WSM 552-41 Oil Seal; Yamaha 9.9 / 15 Hp 4-Stroke 98-07";4,64
WSM;600-102-01;"WSM 600-102-01 Plug, Fuel Pump; Mercury / Mariner / Yamaha 25 - 60 Hp 4-Stroke";4,64
WSM;30-380;"WSM 30-380 Lever, Brake / Clutch; Yamaha 125 - 700";4,67
WSM;007-471-01;"WSM 007-471-01 Exhaust Manifold Gasket; Polaris 700 - 1200 96-04";4,68
WSM;003-350;"WSM 003-350 Drive Shaft Bumper; Sea-Doo 580 - 951 89-07 (Sold In Pairs)";4,69
WSM;523-11;"WSM 523-11 Gasket, Exhaust; Yamaha 60 / 70 Hp 84-08";4,69
WSM;523-10;"WSM 523-10 Gasket, Exhaust; Yamaha 60 / 70 Hp 84-17";4,69
WSM;551-11;"WSM 551-11 Oil Seal, Crankshaft; Yamaha 60 - 90 Hp 84-17";4,69
WSM;014-341;"WSM 014-341 Bolt, Hex Head; Yamaha 650 - 760 / 1100 / 1200 90-20";4,7
WSM;30-270;"WSM 30-270 Lever, Brake; Kawasaki 200 / 250 KLT 81-83";4,7
WSM;30-300;"WSM 30-300 Lever, Brake; Yamaha 80 - 250 / 350 / 490 / 600";4,7
WSM;30-495;"WSM 30-495 Lever, Brake; Yamaha 80 - 250 / 350 / 490 / 600";4,7
WSM;55-1578;"WSM 55-1578 Oil Filter; Can-Am 450 DS 08-12";4,7
WSM;55-1027;"WSM 55-1027 Oil Filter; Honda 420 / 520 / 1000 09-26";4,7
WSM;55-1582;"WSM 55-1582 Oil Filter; KTM / Polaris 250 - 690 98-24";4,7
WSM;008-600-10;"WSM 008-600-10 Dipstick O-Ring; Sea-Doo 900 14-26";4,74
WSM;515-12;"WSM 515-12 Gasket, Air Silencer; Johnson / Evinrude 40 - 75 Hp Looper 77-01";4,74
WSM;510-29;"WSM 510-29 Gasket, Base; Mercury / Mariner 65 - 125 Hp";4,74
WSM;003-138;"WSM 003-138 Jet Pump Spacer; Sea-Doo 900 - 1630 02-18";4,74
WSM;0525-03-01;"WSM 525-03-01 O-Ring, Crankshaft; Johnson / Evinrude 88 - 250 Hp 92-09";4,74
WSM;007-507;"WSM 007-507 Exhaust Manifold Gasket; Kawasaki 300 JS / SX 86-91";4,75
WSM;009-728;"WSM 009-728 Crankshaft Oil Seal; Tiger Shark 640 94-99";4,76
WSM;007-520;"WSM 007-520 Exhaust Gasket; Kawasaki 650 / 750 SX / X2 86-88";4,76
WSM;516-32;"WSM 516-32 Gasket, Intake; Mercury / Mariner 135 - 240 Hp 90-06";4,76
WSM;541-46;"WSM 541-46 Gasket, Thermostat; Yamaha 300 / 350 Hp 4-Stroke 07-21";4,76
WSM;527-138;"WSM 527-138 O-Ring, Bearing Carrier; Yamaha 20 - 30 Hp 2 / 4-Stroke";4,76
WSM;600-300;"WSM 600-300 Fuel Filter; Evinrude / Force / Mercury / Mariner / Yamaha 15 - 200 Hp";4,78
WSM;009-709;"WSM 009-709 Jet Pump Oil Seal; Yamaha 650 - 1300 90-26";4,78
WSM;30-535;"WSM 30-535 Lever, Clutch; Kawasaki / Suzuki 80 / 85 / 125 / 250 / 350 - 500";4,78
WSM;30-525;"WSM 30-525 Lever, Clutch; Kawasaki 80 - 300 / 500 / 650";4,78
WSM;552-54;"WSM 552-54 Oil Seal, Drive Shaft; Mercury / Mariner / Yamaha 115 - 300 Hp 84-21";4,78
WSM;520-16;WSM 520-16 Crankcase Gasket: Johnson / Evinrude 60 - 75 Hp Looper 72-88;4,79
WSM;541-30;"WSM 541-30 Gasket, Valve Cover; Yamaha 150 - 200 Hp 2.6L HPDI 00-15";4,79
WSM;552-38;"WSM 552-38 Oil Seal, Intake; Yamaha 25 Hp 4-Stroke 99-07";4,79
WSM;007-319;"WSM 007-319 Exhaust Gasket; Kawasaki 1200 Ultra 150 / STX-R 99-05";4,8
WSM;007-579-05;"WSM 007-579-05 Exhaust Gasket; Tiger Shark 900 / 1000 95-98";4,8
WSM;555-59;"WSM 555-59 Gasket, Intake; Yamaha 40 Hp 2 Cylinder Commercial 90-97";4,8
WSM;30-214;"WSM 30-214 Lever, Clutch; Yamaha 250 / 450 08-13";4,8
WSM;540-40;"WSM 540-40 O-Ring, Case, Half; Mercury / Mariner 75 - 125 Hp 1.5L 04-15";4,8
WSM;526-98;"WSM 526-98 O-Ring, Water Pump Housing; Yamaha 200 - 300 Hp 4.2 Liter 10-22";4,8
WSM;010-465;"WSM 010-465 Crankshaft Center Seal Separator; Sea-Doo 580 - 800 90-05";4,85
WSM;983-300-05;"WSM 983-300-05 Gimbal Bearing Puller; Expander Ball";4,85
WSM;003-408-02;"WSM 003-408-02 Oil Pump Bellows Clamp; Sea-Doo 1503 / 1630 4-Tec 02-26";4,85
WSM;515-38;"WSM 515-38 O-Ring, Intake; Johnson / Evinrude 90 - 115 Hp 60 Degree 95-06";4,85
WSM;300-275;"WSM 300-275 Piston Pin; Yamaha 115 - 225 Hp";4,85
WSM;780-150-05;"WSM 780-150-05 Thermostat Valve; Johnson / Evinrude 150 - 235 Hp V6 Cross Flow 76-92";4,85
WSM;990-300-01;"WSM 990-300-01 Wire Brush Set; 7''";4,85
WSM;600-112-01;"WSM 600-112-01 Fuel Pump Grommet; Mercury / Mariner 75 - 125 / 200 - 300 Hp DFI";4,88
WSM;014-130;"WSM 014-130 Bolt, Hex Cap; Sea-Doo 580 - 800 90-05";4,9
WSM;550-17;"WSM 550-17 Crankshaft Seal; Johnson / Evinrude 9.9 - 15 Hp Cross Flow 84-07";4,9
WSM;003-351;"WSM 003-351 Drive Shaft Bumper; Sea-Doo 1503 / 1630 4-Tec 02-21";4,9
WSM;510-53;"WSM 510-53 Gasket, Base; Force 40 Hp 92-95";4,9
WSM;510-51;"WSM 510-51 Gasket, Base; Force 50 Hp 1989";4,9
WSM;541-40;"WSM 541-40 Gasket, Crankcase Cover; Yamaha 300 Hp HPDI 04-10";4,9
WSM;010-028;"WSM 010-028 Power Valve Compression Spring; Sea-Doo 800 / 951 98-05";4,9
WSM;335-200-01;"WSM 335-200-01 Tilt & Trim Quad Ring Seal; Johnson / Evinrude 60 - 300 Hp";4,9
WSM;010-002;"WSM 010-002 Valve Retainer; Sea-Doo 1503 / 1630 4-Tec 02-23 / Can-Am 500 / 650 Quest 02-03 Intake / Exhaust";4,9
WSM;014-347;"WSM 014-347 Bolt, Hex Head Case; Polaris 650 - 785";4,92
WSM;009-757;"WSM 009-757 Drive Shaft Oil Seal; Kawasaki 300 - 1500 76-26";4,93
WSM;008-418;"WSM 008-418 Generator Cover O-Ring; Kawasaki 650 - 1100 86-11";4,93
WSM;002-517;"WSM 002-517 Half Ring Cable Nut; Sea-Doo 720 - 1503 4-Tec 95-12";4,94
WSM;FSY-012-15;"WSM FSY-012-15 Sprocket, Front; Kawasaki / Suzuki / Yamaha 50 - 112";4,94
WSM;FSY-013-12;"WSM FSY-013-12 Sprocket, Front; Yamaha 125 TT-R 00-26";4,94
WSM;007-473;"WSM 007-473 Flywheel Cover Gasket; Polaris 650 SL 1992";4,98
WSM;600-317;"WSM 600-317 Fuel Filter; Johnson / Evinrude / Suzuki 3.5 - 70 Hp";4,98
WSM;785-110-02;"WSM 785-110-02 Grommet, Poppet Valve; Mercury 3.0 Liter V6";4,98
WSM;007-462;"WSM 007-462 Exhaust Gasket; Yamaha 650 90-95";5
WSM;007-454;"WSM 007-454 Exhaust Cover Gasket; Yamaha 500 87-93";5,02
WSM;300-250;"WSM 300-250 Piston Pin; Yamaha 25 - 50 Hp";5,02
WSM;007-451;"WSM 007-451 Silencer Gasket; Yamaha 500 89-93";5,02
WSM;555-15-10;"WSM 555-15-10 Drain Plug Gasket; Johnson / Evinrude / Mercury 5 - 15 Hp";5,03
WSM;009-756;"WSM 009-756 Drive Shaft Oil Seal; Kawasaki 300 - 1500 76-26";5,03
WSM;30-364;"WSM 30-364 Lever, Brake / Clutch; Arctic Cat / Kawasaki / Suzuki / Yamaha 200 - 660";5,03
WSM;552-53;"WSM 552-53 Oil Seal, Propeller Shaft; Honda / Yamaha 115 - 300 Hp";5,03
WSM;30-403;"WSM 30-403 Lever, Brake; Honda 50 / 90 86-26";5,04
WSM;008-599-13;"WSM 008-599-13 Oil Pump Housing O-Ring; Sea-Doo 1503 Supercharged 4-Tec 04-05";5,05
WSM;010-034;"WSM 010-034 Power Valve Spring; Sea-Doo 951 DI 00-07";5,06
WSM;007-432;"WSM 007-432 Base Gasket; Sea-Doo 580 / 650 92-95";5,08
WSM;527-122;"WSM 527-122 O-Ring, Bearing Carrier; Yamaha 40 - 50 Hp 84-94";5,08
WSM;526-25;"WSM 526-25 O-Ring, Cylinder Head; Mercury / Mariner 110 - 240 Hp V6 2.5L";5,08
WSM;527-67;"WSM 527-67 O-Ring, Fuel Filter; Yamaha 150 - 425 Hp 06-24";5,08
WSM;985-125-10;"WSM 985-125-10 Flywheel Puller Screw; Johnson / Evinrude";5,09
WSM;007-595-02;"WSM 007-595-02 Muffler Damper Gasket; Yamaha 1050 17-26";5,09
WSM;785-200-03;"WSM 785-200-03 Poppet Valve Spring; Mercury / Yamaha 75 - 300 Hp";5,09
WSM;30-419;"WSM 30-419 Lever, Clutch; Suzuki 100 - 250 / 500 / 600";5,1
WSM;30-418;"WSM 30-418 Lever, Clutch; Suzuki 80 / 125 / 250 / 650 RM / DR 85-93";5,1
WSM;008-638-01;"WSM 008-638-01 Carrier O-Ring; Sea-Doo 720 - 1630 97-26";5,11
WSM;COU220FF;"WSM COU220FF Hose Barb; 1/2'' Hose x 1/2'' Male";5,11
WSM;COU220HE;"WSM COU220HE Hose Barb; 5/8'' Hose x 3/8'' Male";5,11
WSM;30-280;"WSM 30-280 Lever, Brake; Kawasaki / Suzuki 250 - 750";5,11
WSM;30-520;"WSM 30-520 Lever, Clutch; Honda 80 / 100 / 200 CRF-F / XR 96-13";5,11
WSM;30-561;"WSM 30-561 Lever, Clutch; Kawasaki / Suzuki / Yamaha 65 / 85 / 125 / 250 / 426 / 450";5,11
WSM;55-1585;"WSM 55-1585 Oil Filter; KTM 950 - 1290 04-17";5,11
WSM;012-801-02;"WSM 012-801-02 WSM Decal; 12'' - Black";5,11
WSM;012-803-02;"WSM 012-803-02 WSM Decal; 12'' - Blue";5,11
WSM;012-800-02;"WSM 012-800-02 WSM Decal; 12'' - Grey";5,11
WSM;012-802-02;"WSM 012-802-02 WSM Decal; 12'' - White";5,11
WSM;600-305;"WSM 600-305 Fuel Filter; Johnson / Evinrude / Mercury / Mariner / OMC 25 - 225 Hp";5,12
WSM;552-27T;"WSM 552-27T Oil Seal; Yamaha 40 Hp 2 Cylinder 90-97";5,12
WSM;007-427;"WSM 007-427 Base Gasket; Kawasaki 650 86-96";5,14
WSM;007-436;"WSM 007-436 Base Gasket; Kawasaki 750 / 800 92-11";5,14
WSM;007-517;"WSM 007-517 Exhaust Gasket; Kawasaki 550 JS / SX 86-95";5,14
WSM;506-22;"WSM 506-22 Gasket, Head Cover; Yamaha 20 / 25 Hp 2 Cylinder 88-08";5,14
WSM;010-031;"WSM 010-031 Valve Spring; Sea-Doo 1503 / 1630 4-Tec Inner 02-26";5,14
WSM;525-22;"WSM 525-22 O-Ring, Exhaust Pipe; Yamaha 115 Hp 1.8L L4 4-Stroke";5,15
WSM;009-764;"WSM 009-764 Drive Shaft Oil Seal; Kawasaki 400 - 550 JS 76-92";5,18
WSM;010-027;"WSM 010-027 Power Valve Clip Spring; Sea-Doo 800 / 951 95-07";5,18
WSM;600-303;"WSM 600-303 Fuel Filter; 1/4''";5,2
WSM;552-57;"WSM 552-57 Oil Seal, Drive Shaft; Yamaha 300 / 350 Hp 4-Stroke 5.3L";5,2
WSM;009-791;"WSM 009-791 Valve Cover Bolt Seal; Yamaha 1000 / 1100 02-15";5,2
WSM;515-04;"WSM 515-04 Gasket, Intake; Johnson / Evinrude 150 - 235 Hp V6 Cross Flow 76-92";5,21
WSM;30-402;"WSM 30-402 Lever, Brake; Honda 70 / 110 CRF-F / XR 00-26";5,21
WSM;555-97;"WSM 555-97 Gasket, Mercury /  Intake; Yamaha 9.9 / 15 Hp 4-Stroke 98-07";5,22
WSM;004-105;"WSM 004-105 Start / Stop Switch Button; Sea-Doo 900 / 1503 / 1630 18-26";5,22
WSM;446-505;"WSM 446-505 Gasket Kit, Outdrive Mounting; Mercruiser Bravo";5,24
WSM;517-21;"WSM 517-21 Gasket, Exhaust; Force 40 / 50 Hp 2 Cyl 89-99";5,24
WSM;30-500;"WSM 30-500 Lever, Brake; Yamaha 80 / 125 / 250 / 400 / 426";5,24
WSM;55-1103;"WSM 55-1103 Oil Filter; Yamaha 200 - 700 86-26";5,24
WSM;555-53;"WSM 555-53 Gasket, Exhaust Manifold; Yamaha 25 Hp 2-Stroke 88-09";5,27
WSM;584-2533;"WSM 584-2533 Gasket, Carburetor; Mercruiser";5,29
WSM;552-21;"WSM 552-21 Oil Seal; Yamaha 20 - 30 Hp 88-09";5,29
WSM;20-205;"WSM 20-205 Base Gasket; Yamaha 200 Blaster 88-06";5,3
WSM;003-415-05;"WSM 003-415-05 Jet Pump Nose Pusher Fitting; Sea-Doo 580 / 720 - 951 95-06";5,3
WSM;010-742;"WSM 010-742 Piston Pin; Kawasaki 1100 STX DI / Ultra 130 00-04";5,3
WSM;010-744;"WSM 010-744 Piston Pin; Kawasaki 1200 / 1500 03-26";5,3
WSM;010-741;"WSM 010-741 Piston Pin; Kawasaki 1200 STX-12F / Ultra 150 99-05";5,3
WSM;010-745;"WSM 010-745 Piston Pin; Kawasaki 1500 STX-15F / Ultra LX 04-08";5,3
WSM;010-712;"WSM 010-712 Piston Pin; Kawasaki 550 SX 82-95";5,3
WSM;010-710;"WSM 010-710 Piston Pin; Kawasaki 650 87-96";5,3
WSM;010-720;"WSM 010-720 Piston Pin; Kawasaki 750 / 800 / 1100 92-11";5,3
WSM;010-721;"WSM 010-721 Piston Pin; Kawasaki 750 / 800 / 1100 95-11";5,3
WSM;010-743;"WSM 010-743 Piston Pin; Kawasaki 800 SX-R 03-06";5,3
WSM;010-740;"WSM 010-740 Piston Pin; Kawasaki 900 95-06";5,3
WSM;010-731;"WSM 010-731 Piston Pin; Polaris 650 SL 92-95";5,3
WSM;010-732;"WSM 010-732 Piston Pin; Polaris 700 / 1050 96-04";5,3
WSM;010-730;"WSM 010-730 Piston Pin; Polaris 750 SL / SLT 93-95";5,3
WSM;010-734;"WSM 010-734 Piston Pin; Polaris 780 SL / SLT / SLX 95-97";5,3
WSM;010-735;"WSM 010-735 Piston Pin; Polaris 800 / 1200 00-04";5,3
WSM;010-733;"WSM 010-733 Piston Pin; Polaris 900 SL 96-97";5,3
WSM;010-760;"WSM 010-760 Piston Pin; Sea-Doo 1503 / 1630 4-Tec 03-20 / Can-Am 500 / 650 Quest / Traxter 02-05";5,3
WSM;010-765;"WSM 010-765 Piston Pin; Sea-Doo 1630 Ace 16-25";5,3
WSM;010-715;"WSM 010-715 Piston Pin; Sea-Doo 580 89-96";5,3
WSM;010-716;"WSM 010-716 Piston Pin; Sea-Doo 650 93-96";5,3
WSM;010-717;"WSM 010-717 Piston Pin; Sea-Doo 720 - 800 95-03";5,3
WSM;010-709;"WSM 010-709 Piston Pin; Sea-Doo 951 00-07";5,3
WSM;010-719;"WSM 010-719 Piston Pin; Sea-Doo 951 97-06";5,3
WSM;010-753;"WSM 010-753 Piston Pin; Tiger Shark 1000 97-98";5,3
WSM;010-750;"WSM 010-750 Piston Pin; Tiger Shark 640 94-99";5,3
WSM;010-751;"WSM 010-751 Piston Pin; Tiger Shark 770 96-99";5,3
WSM;010-752;"WSM 010-752 Piston Pin; Tiger Shark 900 95-99";5,3
WSM;010-770;"WSM 010-770 Piston Pin; Yamaha 1000 - 1100 02-26";5,3
WSM;010-724;"WSM 010-724 Piston Pin; Yamaha 1300 GP-R 03-08";5,3
WSM;010-773;"WSM 010-773 Piston Pin; Yamaha 1800 08-23";5,3
WSM;010-701;"WSM 010-701 Piston Pin; Yamaha 500 Wave Jammer / Wave Runner 87-93";5,3
WSM;010-702;"WSM 010-702 Piston Pin; Yamaha 650 90-96";5,3
WSM;010-727;"WSM 010-727 Piston Pin; Yamaha 700 / 1100 94-04";5,3
WSM;010-725;"WSM 010-725 Piston Pin; Yamaha 700 93-20";5,3
WSM;010-726;"WSM 010-726 Piston Pin; Yamaha 760 / 1100 / 1200 96-14";5,3
WSM;010-729;"WSM 010-729 Piston Pin; Yamaha 800 / 1200 98-05";5,3
WSM;40-120T;"WSM 40-120T Crankshaft Oil Seal; Honda 250 TRX-R 86-89";5,33
WSM;40-125T;"WSM 40-125T Crankshaft Oil Seal; Honda 250 TRX-R 86-89";5,33
WSM;003-332;"WSM 003-332 Flywheel / Mag Puller; Yamaha 1100 VX / FX 07-09";5,33
WSM;007-573-13;"WSM 007-573-13 Intake Manifold O-Ring; Sea-Doo 900 14-26";5,33
WSM;003-097;"WSM 003-097 Jet Pump Snap Ring; Sea-Doo 900 - 1630 03-26";5,33
WSM;30-415;"WSM 30-415 Lever, Brake; Honda 125 / 250 / 500 CR 86-91";5,33
WSM;30-265;"WSM 30-265 Lever, Brake; Honda 250 - 400 TRX";5,33
WSM;30-409;"WSM 30-409 Lever, Clutch; Honda 125 / 200 / 250 / 500 82-96";5,33
WSM;008-594-02;"WSM 008-594-02 Power Valve Support O-Ring; Sea-Doo 951 98-02";5,33
WSM;007-594-22;"WSM 007-594-22 Throttle Body Gasket; Yamaha 1800 13-23";5,34
WSM;995-115;"WSM 995-115 Gearcase Filler Adapter; 8x1.25";5,35
WSM;995-140;"WSM 995-140 Gearcase Filler Adapter; OMC Small 1/4-20";5,35
WSM;995-120;"WSM 995-120 Gearcase Filler Adaptor; 10mm";5,35
WSM;009-711T;"WSM 009-711T Jet Pump Oil Seal; Yamaha 650 - 1200 90-26";5,35
WSM;30-185;"WSM 30-185 Lever, Brake; Honda 200 - 350";5,35
WSM;30-435;"WSM 30-435 Lever, Brake; Honda 80 / 100 / 200 CRF-F / XR 96-13";5,35
WSM;550-01;"WSM 550-01 Oil Seal, Prop Shaft; Johnson / Evinrude 20 - 235 Hp";5,35
WSM;900-30205;"WSM 900-30205 Cable Adapter; Yamaha 30 - 75 Hp 4-Stroke 02-22";5,38
WSM;505-25;"WSM 505-25 Gasket, Head Cover; Mercury / Mariner 65 / 70 Hp 3 Cyl 72-83";5,38
WSM;004-103;"WSM 004-103 Start / Stop Switch Button; Sea-Doo 900 - 1630 13-23";5,38
WSM;30-398;"WSM 30-398 Lever, Brake; Yamaha 180 / 225 RT / TT 95-04";5,4
WSM;30-510;"WSM 30-510 Lever, Clutch; Honda 80 / 125 / 250 / 480 / 500 CR 81-95";5,4
WSM;527-133;"WSM 527-133 O-Ring, Bearing Carrier; Yamaha 50 - 130 Hp 2 / 4-Stroke";5,4
WSM;584-195;"WSM 584-195 Gasket, Crankshaft Retainer; Mercruiser / OMC 3.0 / 4.3 / 5.0 / 5.7L";5,42
WSM;007-434;"WSM 007-434 Base Gasket; Sea-Doo 720 95-05";5,44
WSM;007-558;"WSM 007-558 Carburetor Gasket; Yamaha 700 94-20";5,44
WSM;011-156;"WSM 011-156 Drain Plug; Yamaha 500 - 1300 90-08";5,44
WSM;007-470;"WSM 007-470 Exhaust Gasket; Polaris 650 - 780 94-97";5,44
WSM;007-470-01;"WSM 007-470-01 Exhaust Gasket; Polaris 700 / 800-1200 96-04";5,44
WSM;007-291;"WSM 007-291 Muffler Damper Gasket; Yamaha 1100 / 1200 95-14";5,44
WSM;007-514;"WSM 007-514 Muffler Gasket; Kawasaki 550 JS / SX 87-90";5,44
WSM;30-210;"WSM 30-210 Lever, Brake / Clutch; Suzuki 230 / 250 / 500";5,45
WSM;30-200;"WSM 30-200 Lever, Brake; Honda 250 ATC-SX 85-87";5,45
WSM;527-21;"WSM 527-21 O-Ring, Carburetor To Insulator; Yamaha 75 - 100 Hp 4-Stroke 99-04";5,45
WSM;33-114;"WSM 33-114 Clutch Cover Gasket; Honda 150 / 230 CRF-F 03-19";5,47
WSM;33-112-01;"WSM 33-112-01 Clutch Cover Gasket; Honda 200 XR 94-96";5,47
WSM;33-102;"WSM 33-102 Clutch Cover Gasket; Honda 80 / 100 CRF-F / XR 85-13";5,47
WSM;003-103-02;"WSM 003-103-02 Drive Shaft Bellow Clamp; Sea-Doo 900 15-21";5,47
WSM;30-470;WSM 30-470 Lever, Brake: Kawasaki / Suzuki 125 - 350 / 650;5,47
WSM;30-384;"WSM 30-384 Lever, Brake; KTM 65 - 950";5,47
WSM;007-351;"WSM 007-351 Carburetor Plate Gasket; Yamaha 760 96-00";5,48
WSM;368-100-13;"WSM 368-100-13 Wires, Ignition Double Booted; Johnson / Evinrude 90 - 175 Hp 60 Degree 93-06";5,48
WSM;010-030;"WSM 010-030 Valve Spring; Sea-Doo 1503 / 1630 4-Tec Outer 02-23 / Can-Am 500 / 650 02-05";5,5
WSM;33-206;"WSM 33-206 Clutch Cover Gasket; Kawasaki / Suzuki 80 - 112 KX / RM 86-25";5,52
WSM;33-532;"WSM 33-532 Clutch Cover Gasket; Yamaha 250 WR-F / YZ-F 14-19";5,52
WSM;30-375;"WSM 30-375 Lever, Brake; Arctic Cat / Kawasaki / Suzuki / Yamaha 80 - 400";5,52
WSM;30-221;"WSM 30-221 Lever, Clutch; Kawasaki 110 / 140 / 300 / 450";5,52
WSM;010-270-05;"WSM 010-270-05 Lower Thrust Bearing; Yamaha 150 - 200 / 2.8 Liter 12-22 4-Stroke";5,53
WSM;010-270-04;"WSM 010-270-04 Upper Thrust Bearing; Yamaha 150 - 200 / 2.8 Liter 12-22 4-Stroke";5,53
WSM;009-766;"WSM 009-766 Crankshaft Oil Seal; Polaris 700 - 1200 96-04";5,54
WSM;55-1605;"WSM 55-1605 Oil Filter; Can-Am 330 - 1000 01-26";5,57
WSM;986-200;"WSM 986-200 Bushing, Tilt Tube; Johnson / Evinrude 50 - 135 Hp 73-82";5,59
WSM;009-760;"WSM 009-760 Crankshaft Oil Seal; Kawasaki 650 X2 86-87";5,59
WSM;584-524;"WSM 584-524 Gasket, Exhaust Riser; Mercruiser 4.3 \ 5.0 \ 5.7 \ 7.4 \ 8.2L";5,59
WSM;540-31;"WSM 540-31 Gasket, Oil Pump; Mercury / Mariner 200 / 225 Hp 3L DFI 98-00";5,59
WSM;516-28;"WSM 516-28 Gasket, Sound Attenuator; Mercury / Mariner 135 - 200 Hp 89-91";5,59
WSM;584-180;"WSM 584-180 Spacer, Fuel Pump; Mercuriser 5.0 / 5.7L 305 / 350 CI.";5,59
WSM;368-100-14;"WSM 368-100-14 Wires, Ignition Double Booted; Johnson / Evinrude 90 - 175 Hp 60 Degree 93-06";5,59
WSM;40-100T;"WSM 40-100T Crankshaft Oil Seal; Yamaha 350 Banshee 87-06";5,62
WSM;447-327;"WSM 447-327 Gasket, Water Pump; Mercury 200 / 400Hp Verado 3.4L / 4.6L 4 Stroke";5,62
WSM;30-400;"WSM 30-400 Lever, Brake; Honda 125 / 200 / 250 / 500 XL 82-85";5,62
WSM;30-410;"WSM 30-410 Lever, Brake; Honda 125 / 250 / 480 CR 82-83";5,62
WSM;30-355;"WSM 30-355 Lever, Brake; Kawasaki 220 - 400";5,62
WSM;30-245;"WSM 30-245 Lever, Brake; Kawasaki 250 - 400";5,62
WSM;30-382;"WSM 30-382 Lever, Brake; Kawasaki 250 KLX 09-14";5,62
WSM;30-385;"WSM 30-385 Lever, Brake; KTM 65 / 85 / 105 03-12";5,62
WSM;30-388;"WSM 30-388 Lever, Brake; Suzuki 80 / 85 / 100 / 125 / 250 / 350";5,62
WSM;30-397;"WSM 30-397 Lever, Brake; Yamaha 125 - 250 WR / YZ 89/92";5,62
WSM;30-564;"WSM 30-564 Lever, Brake; Yamaha 50 TT-R 06-26";5,62
WSM;30-350;"WSM 30-350 Lever, Clutch; Kawasaki 250 Mojave / Tecate";5,62
WSM;30-545;"WSM 30-545 Lever, Clutch; Yamaha 200 / 350 / 600 XT 82-00";5,62
WSM;650-240;WSM 650-240 Battery Tray: Screw Down 24-27;5,63
WSM;650-245;WSM 650-245 Battery Tray: Strap Down 24-27;5,63
WSM;30-383;"WSM 30-383 Lever, Brake; Kawasaki / Suzuki 400 KLX / DRZ 00-24";5,63
WSM;30-330;"WSM 30-330 Lever, Clutch; Honda 400 TRX-EX 99-07";5,63
WSM;523-50;"WSM 523-50 Gasket, Exhaust; Mercury 40 - 60 Hp 4 Stroke";5,64
WSM;010-120-29;"WSM 010-120-29 Bearing, Needles; Mercury / Mariner 70 - 125 Hp";5,65
WSM;007-584;"WSM 007-584 Exhaust Gasket; Sea-Doo 800 95-05";5,65
WSM;583-420;"WSM 583-420 Gasket, Exhaust Manifold; Mercruiser / Volvo GM 5.0 / 5.7 / 6.2L V8 305 / 350 CI.";5,65
WSM;006-532;"WSM 006-532 Hose Mender; 3/8'' x 3/8''";5,65
WSM;30-420;"WSM 30-420 Lever, Brake; Honda 250 / 350 / 600 XR 85-00";5,65
WSM;30-557;"WSM 30-557 Lever, Brake; Kawasaki 250 / 650 KLR / KLX 87-07";5,65
WSM;30-465;"WSM 30-465 Lever, Brake; Suzuki 125 / 200 / 650 DR / SP 86-26";5,65
WSM;30-393;"WSM 30-393 Lever, Clutch; Honda 150 - 300 CRF-F 03-26";5,65
WSM;30-421;"WSM 30-421 Lever, Clutch; Suzuki 650 DR 94-26";5,65
WSM;30-427;"WSM 30-427 Lever, Clutch; Yamaha 250 / 450 WR-F / YZ-FX 05-24";5,65
WSM;368-100-09;"WSM 368-100-09 Wires, Ignition Double Booted; Johnson / Evinrude 2 - 300 Hp 81-07";5,65
WSM;368-100-12;"WSM 368-100-12 Wires, Ignition Double Booted; Johnson / Evinrude 2 - 300 Hp 81-07";5,65
WSM;368-100-15;"WSM 368-100-15 Wires, Ignition Double Booted; Johnson / Evinrude 90 - 175 Hp 60 Degree 93-06";5,65
WSM;368-200-09;"WSM 368-200-09 Wires, Ignition; Mercury / Mariner 40 / 150 - 200 Hp 70-88";5,65
WSM;014-349;"WSM 014-349 Bolt, Hex Head Case; Polaris 650 - 785 Stainless";5,69
WSM;510-52;"WSM 510-52 Gasket, Adapter Plate; Chrysler / Force 40 - 50 Hp 95-99";5,69
WSM;30-240;"WSM 30-240 Lever, Brake; Honda 250 / 350 TRX";5,7
WSM;600-342-01;WSM 600-342-01 Fuel Filter: Replacement Filter for 600-342;5,74
WSM;30-179;"WSM 30-179 Lever, Brake; Honda 125 / 200 / 250";5,74
WSM;30-505;"WSM 30-505 Lever, Clutch; Honda 80 - 350 / 500 / 600 XR 80-00";5,74
WSM;550-32;"WSM 550-32 Oil Seal, Crankshaft; Mercury / Mariner 30 - 60 Hp 2 / 3 Cylinder 94-14";5,74
WSM;785-110-01;"WSM 785-110-01 Poppet Valve; Mercury 3.0 Liter V6";5,74
WSM;30-430;"WSM 30-430 Lever, Brake; Honda / Kawasaki / Suzuki 80 - 650";5,75
WSM;30-352;"WSM 30-352 Lever, Brake; Honda 250 XL 85-87";5,75
WSM;30-353;"WSM 30-353 Lever, Brake; Honda 70 - 100 / 200 / 250 / 500 XR";5,75
WSM;30-458;"WSM 30-458 Lever, Brake; Kawasaki 110 / 185 / 220";5,75
WSM;30-455;"WSM 30-455 Lever, Brake; Kawasaki 80 - 125 / 250 / 500 KX 97-03";5,75
WSM;30-450;"WSM 30-450 Lever, Brake; Kawasaki 80 / 125 / 200 / 250 / 500 KDX / KLX-L / KX 88-06";5,75
WSM;30-305;"WSM 30-305 Lever, Brake; Yamaha 350 / 400 / 600";5,75
WSM;30-422;"WSM 30-422 Lever, Clutch; Yamaha 50 PW 85-91";5,75
WSM;600-31NS;"WSM 600-31NS Carburetor Needle & Seat; Johnson / Evinrude 4 - 175 Hp 72-06";5,76
WSM;550-31;"WSM 550-31 Oil Seal, Crankshaft; Mercury / Mariner 30 - 300 Hp 73-14";5,76
WSM;004-104;"WSM 004-104 Start / Stop Switch Button; Sea-Doo 1503 4-Tec 09-12";5,76
WSM;986-405;WSM 986-405 Tilt Tube Jam Nut 7/8;5,76
WSM;09-2201E;"WSM 09-2201E Brake Shoes, Front & Rear; Kawasaki / Suzuki 50 - 125";5,77
WSM;09-2213E;"WSM 09-2213E Brake Shoes, Front; Kawasaki / Suzuki 50 / 80 KFX / LT 87-09";5,77
WSM;09-2301E;"WSM 09-2301E Brake Shoes, Front; Kawasaki 110 - 250 KLT 81-87";5,77
WSM;002-517-01;"WSM 002-517-01 Half Ring Cable Nut; Sea-Doo 720 - 1630 4-Tec 98-20";5,78
WSM;30-250;"WSM 30-250 Lever, Brake; Arctic Cat / Honda / Kawasaki / Suzuki / Yamaha 250 - 750";5,78
WSM;30-205;"WSM 30-205 Lever, Brake; Honda 200 - 450 TRX";5,78
WSM;30-395;"WSM 30-395 Lever, Brake; Honda 250 XR-L 91-96";5,78
WSM;30-271;"WSM 30-271 Lever, Brake; Kawasaki 110 - 185 KLT 84-87";5,78
WSM;30-290;"WSM 30-290 Lever, Brake; Suzuki 230 - 300 / 650 90-26";5,78
WSM;30-291;"WSM 30-291 Lever, Brake; Suzuki 250 / 400 - 750";5,78
WSM;30-215;"WSM 30-215 Lever, Brake; Yamaha 125 / 250 / 400";5,78
WSM;30-320;"WSM 30-320 Lever, Brake; Yamaha 80 / 100 / 125 / 200 - 250 / 350";5,78
WSM;30-406;"WSM 30-406 Lever, Clutch; Honda 250 / 450 CRF 07-26";5,78
WSM;30-407;"WSM 30-407 Lever, Clutch; Honda 250 / 600 XL 83-87";5,78
WSM;55-1547;"WSM 55-1547 Oil Filter; Can-Am 650 DS 2000";5,78
WSM;014-140;"WSM 014-140 Bolt, Socket Cap Case; Sea-Doo 580 - 951 92-07";5,82
WSM;518-25-01;"WSM 518-25-01 Gasket, Air Box; Yamaha 115 - 225 Hp 87-10";5,82
WSM;COU220LEE;"WSM COU220LEE Hose Barb 90 Degree Elbow; 3/8'' Hose x 1/4'' Male";5,84
WSM;COU220J;"WSM COU220J Hose Barb; 3/4'' Hose x 1/2'' Male";5,84
WSM;552-26T;"WSM 552-26T Oil Seal; Yamaha 40 Hp 2 Cylinder 90-97";5,84
WSM;COU109J;"WSM COU109J Square Head Plug; 3/4''";5,84
WSM;30-376;"WSM 30-376 Lever, Brake; Yamaha 350 / 400 / 600";5,86
WSM;30-540;"WSM 30-540 Lever, Clutch; Kawasaki / Suzuki 125 / 200 / 250 / 350";5,86
WSM;007-564;"WSM 007-564 Muffler Gasket; Kawasaki 750 / 800 92-11";5,86
WSM;007-567;"WSM 007-567 Muffler Gasket; Kawasaki 750 / 800 92-11";5,86
WSM;552-20T;"WSM 552-20T Oil Seal; Yamaha 20 / 25 Hp 88-09";5,86
WSM;007-441;"WSM 007-441 Base Gasket; Tiger Shark 900 - 1100 95-99";5,87
WSM;007-441-01;"WSM 007-441-01 Base Gasket; Tiger Shark 900 - 1100 95-99";5,87
WSM;007-441-02;"WSM 007-441-02 Base Gasket; Tiger Shark 900 - 1100 95-99";5,87
WSM;007-486;"WSM 007-486 Base Gasket; Yamaha 650 - 760 90-20";5,87
WSM;009-778T;"WSM 009-778T Crankshaft Oil Seal; Sea-Doo 580 - 800 89-03";5,87
WSM;009-704-01T;"WSM 009-704-01T Crankshaft Oil Seal; Yamaha 800 / 1200 / 1300 98-08";5,87
WSM;009-703-01T;"WSM 009-703-01T Crankshaft Oil Seal; Yamaha 800 98-05";5,87
WSM;007-321;"WSM 007-321 Exhaust Shim; Kawasaki 750 / 900 STS / STX 96-98";5,87
WSM;30-428;"WSM 30-428 Lever, Clutch; Yamaha 65 - 125 / 250 / 450 09-26";5,87
WSM;007-573-02;"WSM 007-573-02 Oil Pump Housing Gasket; Sea-Doo 1503 4-Tec 02-05";5,87
WSM;007-574-02;"WSM 007-574-02 Throttle Body Gasket; Sea-Doo 800 / 1503 / 1630 98-26";5,87
WSM;770-105;"WSM 770-105 Water Pump Sleeve; Mercury / Mariner / Yamaha  8 - 15 /  115 - 300 Hp";5,87
WSM;003-096;"WSM 003-096 Bearing Housing Snap Ring; Kawasaki 550 - 1500 82-26";5,88
WSM;010-137-34;"WSM 010-137-34 Bearing Needles; Mercury / Mariner 105 - 240 Hp Big Pin";5,88
WSM;09-2001E;"WSM 09-2001E Brake Shoes, Front; Honda 125 / 200 ATC / TRX 85-88";5,88
WSM;009-745T;"WSM 009-745T Crankshaft Oil Seal; Kawasaki 1200 / 1500 03-26";5,88
WSM;009-776T;"WSM 009-776T Crankshaft Oil Seal; Sea-Doo 580 89-96";5,88
WSM;600-308;"WSM 600-308 Fuel Filter; Mercury / Mariner 6 - 70 Hp";5,88
WSM;520-17;"WSM 520-17 Gasket, Exhaust Cover; Johnson / Evinrude 40 - 70 Hp Looper 86-01";5,88
WSM;523-22;"WSM 523-22 Gasket, Exhaust Cover; Yamaha 30 Hp / 500 87-97";5,88
WSM;523-23;"WSM 523-23 Gasket, Exhaust Cover; Yamaha 30 Hp / 500 87-97";5,88
WSM;20-102-03;"WSM 20-102-03 Head Gasket; Honda 250 TRX-R 86-89";5,88
WSM;008-429;"WSM 008-429 Oil Cap O-Ring; Kawasaki 300 / 650 / 700 / 1000 / 1200 / 1500 86-26";5,88
WSM;552-24;"WSM 552-24 Oil Seal; Yamaha 30 - 55 Hp / 250 - 500 78-26";5,88
WSM;300-115;"WSM 300-115 Piston Pin; Johnson / Evinrude 120 - 300 Hp";5,88
WSM;300-125;"WSM 300-125 Piston Pin; Johnson / Evinrude 120 - 300 Hp";5,88
WSM;300-103;"WSM 300-103 Piston Pin; Johnson / Evinrude 20 - 35 Hp Cross Flow";5,88
WSM;300-100;"WSM 300-100 Piston Pin; Johnson / Evinrude 28 - 85 Hp";5,88
WSM;300-101;"WSM 300-101 Piston Pin; Johnson / Evinrude 9.9 - 15 Hp Cross Flow";5,88
WSM;010-495-35;"WSM 010-495-35 Power Valve Exhaust Valve; Sea-Doo 951 DI 00-07";5,88
WSM;003-099;"WSM 003-099 Thrust Washer; Sea-Doo 580 - 951 89-07";5,88
WSM;010-071;"WSM 010-071 Timing Chain Tensioner Guide; Sea-Doo 1503 / 1630 03-26 / Can-Am 500 / 650 Quest / Traxter 04-05";5,88
WSM;010-145-01;WSM 010-145-01 Wrist Pin Bearing: Johnson / Evinrude  8 - 15 Hp;5,88
WSM;010-145;"WSM 010-145 Wrist Pin Bearing; Johnson / Evinrude  8 - 15 Hp";5,88
WSM;810-100;"WSM 810-100 Bolts, Lower Bearing Cover; Johnson / Evinrude 85 - 235 Hp (4 Pack)";5,89
WSM;30-390;"WSM 30-390 Lever, Brake; Honda 250 / 350 / 500 / 600 XR / XL 83-87";5,89
WSM;007-583;"WSM 007-583 Exhaust Manifold Gasket; Sea-Doo 800 95-05";5,9
WSM;600-160-12;"WSM 600-160-12 Fuel Injector Packing Kit; Yamaha 115 - 225 Hp 4-Stroke 00-06";5,9
WSM;600-510;"WSM 600-510 Gasket, Solenoid Cover; Johnson / Evinrude 8 - 15 / 40 - 70 / 105 Hp";5,9
WSM;007-554;"WSM 007-554 Exhaust Gasket; Kawasaki 750 SS 92-93";5,93
WSM;007-556;"WSM 007-556 Muffler Gasket; Kawasaki 650 / 750 91-99";5,93
WSM;525-15;"WSM 525-15 O-Ring, Thermostat; Johnson / Evinrude 200 - 300 Hp E-Tec / FICHT 99-14";5,93
WSM;006-372;"WSM 006-372 Carburetor Needle & Seat; Mikuni BN 2.0";5,94
WSM;006-373;"WSM 006-373 Carburetor Needle & Seat; Mikuni BN 2.3";5,94
WSM;0555-11-10;"WSM 555-11-10 Drain Plug Gasket; Johnson / Evinrude / Mercury / Mariner / Mercruiser / Force / OMC 5 - 300 Hp";5,94
WSM;007-579-06;"WSM 007-579-06 Exhaust Gasket; Tiger Shark 640 - 1100 96-99";5,94
WSM;446-500;"WSM 446-500 Gasket Kit, Outdrive Mounting; OMC Cobra";5,94
WSM;520-15;"WSM 520-15 Gasket, Exhaust Cover; Johnson / Evinrude 60 - 75 Hp Looper 72-88";5,94
WSM;003-432;"WSM 003-432 Jet Pump Fitting & Oulet Set; Sea-Doo 580 - 800 90-02";5,94
WSM;008-597;"WSM 008-597 Water Channel / Sump O-Ring; Sea-Doo 951 DI 00-07";5,94
WSM;368-7124;"WSM 368-7124 Wires, Ignition; Mercury / Mariner / Force 40-250 Hp CDM 93-10";5,94
WSM;010-001-155;"WSM 010-001-155 Valve Shim; 7.5mm 1.55";5,95
WSM;010-001-158;"WSM 010-001-158 Valve Shim; 7.5mm 1.58";5,95
WSM;010-001-168;"WSM 010-001-168 Valve Shim; 7.5mm 1.68";5,95
WSM;010-001-172;"WSM 010-001-172 Valve Shim; 7.5mm 1.72";5,95
WSM;010-001-188;"WSM 010-001-188 Valve Shim; 7.5mm 1.88";5,95
WSM;010-001-190;"WSM 010-001-190 Valve Shim; 7.5mm 1.90";5,95
WSM;010-001-192;"WSM 010-001-192 Valve Shim; 7.5mm 1.92";5,95
WSM;010-001-200;"WSM 010-001-200 Valve Shim; 7.5mm 2.00";5,95
WSM;010-001-202;"WSM 010-001-202 Valve Shim; 7.5mm 2.02";5,95
WSM;010-001-205;"WSM 010-001-205 Valve Shim; 7.5mm 2.05";5,95
WSM;518-14;"WSM 518-14 Gasket, Intake; Yamaha 115 / 130 Hp 4 Cylinder 91-10";5,96
WSM;529-150;"WSM 529-150 Gasket, Turbo; I/O";5,96
WSM;014-915;"WSM 014-915 Impeller Shaft Nut; Sea-Doo 900 / 1503 / 1630 09-26";5,96
WSM;014-132;"WSM 014-132 Bolt, Socket Cap Cylinder; Sea-Doo 580 / 720 95-05";5,98
WSM;526-55;"WSM 526-55 O-Ring, Trim; Yamaha 115 - 350 Hp 2 / 4 Stroke";5,99
WSM;007-333;"WSM 007-333 Base Gasket; Kawasaki 1200 99-05";6
WSM;007-338-01;"WSM 007-338-01 Intake Throttle Body Gasket; Kawasaki 1500 11-26";6
WSM;30-295;"WSM 30-295 Lever, Brake; Suzuki 230 / 250 LT / Quadracer 85-90";6
WSM;30-315;"WSM 30-315 Lever, Brake; Yamaha 200 / 350 / 660 / 700";6
WSM;30-475;"WSM 30-475 Lever, Brake; Yamaha 350 / 600 XT 85-00";6
WSM;007-523;"WSM 007-523 Muffler Gasket; Kawasaki 650 SC / TS 89-96";6
WSM;541-47;"WSM 541-47 Gasket, Bypass; Yamaha 150 - 200 Hp L4 2.8L 4 Stroke";6,01
WSM;516-27;"WSM 516-27 Gasket, Reed Block; Mercury / Mariner 105 - 210 Hp 6 Cyl 90-06";6,01
WSM;007-594-04;"WSM 007-594-04 Muffler Damper Gasket; Yamaha 1050 16-20";6,01
WSM;007-594-07;"WSM 007-594-07 Muffler Damper Gasket; Yamaha 1050 16-24";6,01
WSM;009-726;"WSM 009-726 Crankshaft Oil Seal; Tiger Shark 640 94-99";6,04
WSM;009-729-03T;"WSM 009-729-03T Crankshaft Oil Seal; Tiger Shark 770 96-99";6,04
WSM;009-729-04T;"WSM 009-729-04T Crankshaft Oil Seal; Tiger Shark 770 96-99";6,04
WSM;444-512;"WSM 444-512 Detent Ball; Johnson / Evinrude 40 - 140 Hp";6,04
WSM;341-115;"WSM 341-115 Starter Pawl; Johnson / Evinrude 3 - 35 Hp 79-07";6,07
WSM;32-800;"WSM 32-800 Clutch Cover Gasket; Honda 400 XR 96-04";6,11
WSM;33-216;"WSM 33-216 Clutch Cover Gasket; Kawasaki 200 / 220 KDX 95-06";6,11
WSM;007-455;"WSM 007-455 Exhaust Cover Gasket; Yamaha 500 89-93";6,11
WSM;30-425;"WSM 30-425 Lever, Brake; Honda / Suzuki 125 / 250 / 500 CR / RM 92-96";6,11
WSM;785-110-04;"WSM 785-110-04 Carrier, Poppet Valve; Mercury 3.0 Liter V6";6,12
WSM;555-96;"WSM 555-96 Gasket, Oil Pump Cover; Yamaha 9.9 / 15 Hp 4-Stroke";6,12
WSM;006-713-25;"WSM 006-713-25 Hose, Polyeurethane; 1/8'' x 25'";6,12
WSM;30-391;"WSM 30-391 Lever, Clutch; Honda 125 / 250 / 450";6,12
WSM;30-392;"WSM 30-392 Lever, Clutch; Honda 650 XR 93-14";6,12
WSM;COU125E;"WSM COU125E Hose Barb; 3/8''";6,13
WSM;30-552;"WSM 30-552 Lever, Clutch; Kawasaki / Suzuki 100 / 125 / 200 / 250 / 400";6,13
WSM;30-551;"WSM 30-551 Lever, Clutch; Suzuki 250 / 450 RMZ 06-26";6,13
WSM;30-445;"WSM 30-445 Lever, Brake; Kawasaki 80 / 125 / 200 / 250 / 500 KX / KDX 84-88";6,16
WSM;552-16;"WSM 552-16 Oil Seal; Yamaha 6 - 15 Hp 4-Stroke 94-22";6,16
WSM;447-413;"WSM 447-413 Seal, Drive Shaft; Johnson / Evinrude 85 - 300 Hp";6,16
WSM;007-335-01;"WSM 007-335-01 Throttle Body Gasket; Kawasaki 1500 11-26";6,18
WSM;010-300;"WSM 010-300 Balance Shaft Cover; Sea-Doo 800 95-05";6,19
WSM;009-775T;"WSM 009-775T Crankshaft Oil Seal; Sea-Doo 580 - 720 89-05";6,19
WSM;007-465;"WSM 007-465 Exhaust Gasket; Yamaha 700 / 760 94-04";6,19
WSM;510-28;"WSM 510-28 Gasket, Base; Mercury / Mariner 30 - 60 Hp";6,19
WSM;506-04;"WSM 506-04 Gasket, Head Cover; Yamaha 40 / 50 Hp 3 Cylinder 92-94";6,19
WSM;506-05;"WSM 506-05 Gasket, Head Cover; Yamaha 40 / 50 Hp 3 Cylinder 95-08";6,19
WSM;007-402;"WSM 007-402 Head Cover Gasket; Yamaha 650 91-93";6,19
WSM;20-104;"WSM 20-104 Head Gasket; Polaris 250 86-06";6,19
WSM;007-285;"WSM 007-285 Muffler Gasket; Yamaha 800 98-05";6,19
WSM;006-546;"WSM 006-546 Oil Filter; Sea-Doo 580 - 951 91-04";6,19
WSM;010-495-06;"WSM 010-495-06 Power Valve Bellow Spring; Sea-Doo 800 / 951 98-05";6,19
WSM;010-073;"WSM 010-073 Timing Chain Tensioner Guide Stopper; Yamaha 250 - 450, 1000 - 1100 02-26";6,19
WSM;35-520;"WSM 35-520 Bearing, Wrist Pin; Yamaha 200 / 350 84-06";6,2
WSM;30-349;"WSM 30-349 Lever, Brake; Honda 80 CR / CR-RB 96-97";6,2
WSM;30-285;"WSM 30-285 Lever, Brake; Suzuki 250 / 300 / 500 87-90";6,2
WSM;30-332;"WSM 30-332 Lever, Clutch; Honda 250 - 450 / 700 TRX 04-21";6,2
WSM;30-463;"WSM 30-463 Lever, Clutch; Kawasaki 250 / 600 / 650";6,2
WSM;541-39;"WSM 541-39 Gasket, Solenoid Filter; Yamaha 150 - 350 Hp 4-Stroke 10-22";6,22
WSM;008-683-02;"WSM 008-683-02 Intake Silencer Box Seal; Yamaha 1000 / 1100 02-10";6,22
WSM;008-429-10;"WSM 008-429-10 Oil Cooler O-Ring; Kawasaki 1200 / 1500 STX-F 03-09";6,22
WSM;008-599-29;"WSM 008-599-29 Water Pump Gasket; Sea-Doo / Can-Am 900 / 1000 14-26";6,22
WSM;007-316;"WSM 007-316 Exhaust Gasket; Kawasaki 750 - 900 96-98";6,23
WSM;555-89;"WSM 555-89 Gasket, Throttle Body; Yamaha 200 - 300 Hp 4-Stroke 4.2L 10-22";6,23
WSM;007-309-01;"WSM 007-309-01 Breather Case Gasket; Kawasaki 1200 / 1500 03-08";6,25
WSM;008-600-09;"WSM 008-600-09 Cam Sensor V-Ring; Sea-Doo 1503 / 1630 4-Tec 06-26 / Can-Am 175 / 500 / 650 / 800 / 1000 02-08/24-26";6,25
WSM;009-722T;"WSM 009-722T Crankshaft Oil Seal; Polaris 650 - 785 92-00";6,25
WSM;555-13-10;"WSM 555-13-10 Drain Plug Gasket; Nissan / Tohatsu 2.5 - 140 Hp";6,25
WSM;0555-12-10;"WSM 555-12-10 Drain Plug Gasket; Volvo";6,25
WSM;007-312;"WSM 007-312 Exhaust Gasket; Kawasaki 750 - 900 95-06";6,25
WSM;30-481;"WSM 30-481 Lever, Brake; Suzuki 80 / 125 / 250 RM 85-88";6,25
WSM;30-485;"WSM 30-485 Lever, Brake; Yamaha 225 / 600 XT 90-95";6,25
WSM;30-558;"WSM 30-558 Lever, Clutch; Kawasaki 450 KX-F 06-18";6,25
WSM;30-560;"WSM 30-560 Lever, Clutch; Suzuki 85 / 125 / 250 RM 92-13";6,25
WSM;600-30NS;"WSM 600-30NS Carburetor Needle & Seat; Johnson / Evinrude 85 - 235 Hp Cross Flow 78-98";6,26
WSM;009-702-07;"WSM 009-702-07 Crankshaft Oil Seal; Yamaha 1050 16-26";6,26
WSM;009-702-08;"WSM 009-702-08 Crankshaft Oil Seal; Yamaha 1050 16-26";6,26
WSM;600-112-02;"WSM 600-112-02 Fuel Pump Seal; Mercury / Mariner 75 - 125 / 200 - 300 Hp DFI";6,26
WSM;13-162-40;"WSM 13-162-40 Hose Clamp, Oetiker; 013.2mm-015.7mm 10 Pack";6,26
WSM;541-50;"WSM 541-50 Gasket, Drain; Yamaha 75 / 90 Hp 16-22";6,29
WSM;33-300;"WSM 33-300 Clutch Cover Gasket; GAS GAS / Husqvarna / KTM 65 09-26";6,31
WSM;33-136;"WSM 33-136 Clutch Cover Gasket; Honda / Yamaha 250 / 450 02-26";6,31
WSM;33-108;"WSM 33-108 Clutch Cover Gasket; Honda 125 / 250 CR / CRF-R/X 88-17";6,31
WSM;33-320;"WSM 33-320 Clutch Cover Gasket; KTM 450 / 505 07-14";6,31
WSM;33-412;"WSM 33-412 Clutch Cover Gasket; Suzuki 250 RM 96-09";6,31
WSM;33-500;"WSM 33-500 Clutch Cover Gasket; Yamaha 65 / 85 YZ 02-26";6,31
WSM;33-502;"WSM 33-502 Clutch Cover Gasket; Yamaha 80 / 85 YZ 93-19";6,31
WSM;010-125-29;"WSM 010-125-29 Bearing, Needles With Washers; Mercury / Mariner 35 - 225 Hp";6,32
WSM;61-505;"WSM 61-505 Cable, Throttle; Honda 150 CRF-R 2007";6,32
WSM;61-505-01;"WSM 61-505-01 Cable, Throttle; Honda 150 CRF-R 2007";6,32
WSM;007-311;"WSM 007-311 Carburetor Gasket; Kawasaki 900 / 1100 95-04";6,32
WSM;550-05;"WSM 550-05 Crankshaft Seal; Johnson / Evinrude / Mercruiser / Mercury / 65 - 300 Hp 73-09";6,32
WSM;007-474;"WSM 007-474 Exhaust Inner Cover Gasket; Yamaha 700 94-04";6,32
WSM;007-469;"WSM 007-469 Exhaust Outer Cover Gasket; Yamaha 700 / 760 94-04";6,32
WSM;006-517;"WSM 006-517 Fuel Filter; Polaris / Sea-Doo 425 - 580 89-09";6,32
WSM;521-21;"WSM 521-21 Gasket, Exhaust; Mercury / Mariner 70 - 90 Hp 3 Cyl 87";6,32
WSM;523-15;"WSM 523-15 Gasket, Exhaust; Yamaha 200 - 250 Hp 76 Degree 90-05";6,32
WSM;586-872A;"WSM 586-872A Gasket, Timing Cover; Mercruiser Gen V / VI 7.4L 454 CI.";6,32
WSM;003-710-01;"WSM 003-710-01 Jet Pump Water Outlet; Sea-Doo 720 - 1630 98-26";6,32
WSM;777-110;"WSM 777-110 Lower Motor Cover Nipple; Johnson / Evinrude";6,32
WSM;515-37;"WSM 515-37 O-Ring, Intake; Johnson / Evinrude 90 - 115 Hp 60 Degree 95-06";6,32
WSM;300-280;"WSM 300-280 Piston Pin; Yamaha 200 - 250 Hp";6,32
WSM;300-255;"WSM 300-255 Piston Pin; Yamaha 60 / 70 Hp";6,32
WSM;003-102;"WSM 003-102 Rubber Hose Protector; Sea-Doo 580 / 650 / 800 93-96";6,32
WSM;008-440;"WSM 008-440 Throttle Body O-Ring; Kawasaki 1200 / 1500 03-24";6,32
WSM;007-521;"WSM 007-521 Exhaust Gasket; Kawasaki 650 TS 89-90";6,35
WSM;510-32;"WSM 510-32 Gasket, Base; Mercury / Mariner 135 - 175 Hp";6,35
WSM;120-360;"WSM 120-360 Valve Spring; Yamaha 150 - 350 Hp 4-Stroke";6,35
WSM;650-435;WSM 650-435 Deck Plate: White 4'';6,36
WSM;600-70-02;"WSM 600-70-02 Gasket,Carburetor Bowl; Yamaha 9.9 / 15 Hp";6,36
WSM;335-305;"WSM 335-305 Trim Dust Seal; Yamaha 55 - 150 Hp 2 / 4 Stroke";6,38
WSM;521-30;"WSM 521-30 Gasket, Divider Plate; Mercury / Mariner 135 - 200 Hp";6,4
WSM;552-28T;"WSM 552-28T Oil Seal, Crankshaft; Yamaha 40 / 50 Hp 84-08";6,4
WSM;30-502;"WSM 30-502 Lever, Brake; Yamaha 250 / 350 - 450 / 660";6,43
WSM;520-31;"WSM 520-31 	Gasket, Exhaust; Evinrude 40 - 65 Hp E-TEC 04-12";6,44
WSM;515-49;"WSM 515-49 Gasket, Reed; Johnson / Evinrude 40 - 90 Hp E-Tec 2 / 3 Cylinder 04-09";6,44
WSM;511-18;"WSM 511-18 Gasket, Base; Yamaha 40 / 50 Hp 86-08";6,46
WSM;552-18;"WSM 552-18 Oil Seal; Yamaha 9.9 Hp 4-Stroke 85-05";6,46
WSM;983-409P;"WSM 983-409P Trim Cylinder End Cap Remover Pins; Johnson / Evinrude";6,46
WSM;30-190;"WSM 30-190 Lever, Clutch; Honda 200 / 250 / 350";6,47
WSM;007-282;"WSM 007-282 Intake Manifold Gasket; Yamaha 800 98-05";6,49
WSM;600-15N;"WSM 600-15N Carburetor Needle; Mercury / Mariner 30 - 125 Hp";6,52
WSM;555-14-10;"WSM 555-14-10 Drain Plug Gasket; Johnson / Evinrude / Suzuki 2 - 115 Hp 4-Stroke";6,52
WSM;008-599-25;"WSM 008-599-25 Thermostat O-Ring; Sea-Doo / Can-Am 900 / 1000 14-26";6,52
WSM;007-579;"WSM 007-579 Exhaust Gasket; Tiger Shark 640 94-99";6,54
WSM;COU116SE;"WSM COU116SE 90 Degree Street Elbow; 3/8''";6,56
WSM;COU220LDD;"WSM COU220LDD Hose Barb 90 Degree Elbow; 5/16'' Hose x 1/4'' Male";6,56
WSM;30-175;"WSM 30-175 Lever, Brake; Honda 90 / 110 / 200";6,56
WSM;529-110;"WSM 529-110 Gasket, Exhaust Manifold; Mercruiser / GM Big Block V8";6,58
WSM;30-401;"WSM 30-401 Lever, Brake; Honda 650 XR 12-14";6,59
WSM;446-510;"WSM 446-510 Gasket Kit, Outdrive Mounting; Mercruiser Alpha 1 & Gen II";6,61
WSM;600-500;"WSM 600-500 Primer Service Valve; Johnson / Evinrude 8 - 70 Hp";6,61
WSM;61-106;"WSM 61-106 Cable, Throttle; Honda 250 / 300 TRX";6,62
WSM;35-200;"WSM 35-200 Bearing, Wrist Pin; Suzuki / Polaris 250 / 400 85-03";6,64
WSM;007-292;"WSM 007-292 Exhaust Outer Cover Gasket; Yamaha 1100 / 1200 95-14";6,64
WSM;003-103;"WSM 003-103 Trim Hose Protector; Sea-Doo 720 - 1503 95-11";6,64
WSM;600-512;"WSM 600-512 Carburetor Cam Roller; Johnson / Evinrude 150 - 225 Hp";6,66
WSM;011-516-01;"WSM 011-516-01 Exhaust Bushing Sleeve; Sea-Doo 800 / 951 99-07";6,66
WSM;30-310;"WSM 30-310 Lever, Brake; Yamaha 80 / 100 / 125";6,66
WSM;61-162;"WSM 61-162 Cable, Throttle; Kawasaki / Suzuki 80";6,68
WSM;30-387;"WSM 30-387 Lever, Brake; KTM 640 / 950 / 990 Adventure 04-12";6,68
WSM;30-325;"WSM 30-325 Lever, Brake; Yamaha 125 / 200 - 250 / 350";6,68
WSM;516-34;"WSM 516-34 Gasket, Reed Block; Mercury / Mariner 135 - 240 Hp 6 Cyl 90-06";6,7
WSM;007-543;"WSM 007-543 Exhaust Gasket; Kawasaki 550 SX 91-95";6,71
WSM;007-555;"WSM 007-555 Exhaust Gasket; Kawasaki 750 93-99";6,71
WSM;007-313;"WSM 007-313 Muffler Gasket; Kawasaki 750 - 900 95-06";6,71
WSM;55-1315;"WSM 55-1315 Oil Filter; Kawasaki 300 - 620 Mule 93-26";6,71
WSM;552-37;"WSM 552-37 Oil Seal, Upper Cam; Mercury / Yamaha 25 - 70 Hp 4-Stroke 95-22";6,71
WSM;30-293;"WSM 30-293 Lever, Brake; Suzuki 80 / 90 LT / LT-Z 87-26";6,72
WSM;010-002-01;"WSM 010-002-01 Valve Retainer; Kawasaki 1200 / 1500 4-Stroke 03-07 Intake / Exhaust Upper";6,73
WSM;010-002-10;"WSM 010-002-10 Valve Spring Retainer; Kawasaki 1200 / 1500 4-Stroke 03-07 Intake / Exhaust Upper";6,73
WSM;007-438;"WSM 007-438 Base Gasket; Tiger Shark 770 96-99";6,76
WSM;510-20;"WSM 510-20 Gasket, Base; Mercury / Mariner 30 - 50 Hp 70-97";6,77
WSM;511-10;"WSM 511-10 Gasket, Base; Yamaha 60 / 70 Hp 86-17";6,77
WSM;30-324;"WSM 30-324 Lever, Brake; Yamaha 250 / 400 00-01";6,77
WSM;520-06;"WSM 520-06 Gasket, Exhaust Cover; Johnson / Evinrude 150 - 235 Hp 78-05";6,78
WSM;552-17;"WSM 552-17 Oil Seal; Yamaha 6 - 9.9 Hp 4-Stroke 85-22";6,78
WSM;010-911-05;"WSM 010-911-05 Piston Rings; Kawasaki 440 SX 82-90 .5mm Over";6,78
WSM;010-911-07;"WSM 010-911-07 Piston Rings; Kawasaki 440 SX 82-90 1mm Over";6,78
WSM;007-435;"WSM 007-435 Base Gasket; Sea-Doo 800 95-99";6,79
WSM;007-580;"WSM 007-580 Exhaust Gasket; Tiger Shark 640 / 650 93-99";6,79
WSM;007-581;"WSM 007-581 Exhaust Gasket; Tiger Shark 640 96-99";6,79
WSM;007-579-02;"WSM 007-579-02 Exhaust Manifold Gasket; Tiger Shark 770 96-99";6,79
WSM;527-110;"WSM 527-110 Seal, Cylinder; Mercury / Yamaha 9.9 / 15 Hp 4-Stroke 01-07";6,79
WSM;009-716;"WSM 009-716 Jet Pump Oil Seal; Yamaha 1100 05-15";6,8
WSM;541-13;"WSM 541-13 Crankcase Half Seal; Johnson / Evinrude / Force / OMC 6 / 70 - 140 Hp";6,83
WSM;541-11;"WSM 541-11 Crankcase Seal; Chrysler / Force 20 - 140 Hp";6,83
WSM;551-15;"WSM 551-15 Oil Seal, Crankshaft; Yamaha 115 - 225 Hp 84-10";6,83
WSM;007-565;"WSM 007-565 Exhaust Gasket; Kawasaki 750 / 800 92-11";6,84
WSM;30-386;"WSM 30-386 Lever, Brake; KTM 125 - 540";6,84
WSM;30-189;"WSM 30-189 Lever, Brake; Honda 700 TRX-XX 08-09";6,86
WSM;30-213;"WSM 30-213 Lever, Clutch; Polaris 500 Outlaw / Predator 03-07";6,86
WSM;014-602;"WSM 014-602 Nut, Hex; 8mm Stainless - Pack Of 10";6,86
WSM;810-110;"WSM 810-110 Bolts, Lower Bearing Cap; Johnson / Evinrude 85 - 140 Hp (8 Pack)";6,9
WSM;446-512;"WSM 446-512 Gasket Kit, Outdrive Mounting; Mercruiser TR / TRS";6,91
WSM;510-07;"WSM 510-07 Gasket, Base; Johnson / Evinrude 85 - 140 Hp V4 Cross Flow 77-98";6,91
WSM;600-316;"WSM 600-316 Fuel Filter; Honda 40 - 90 Hp BF 00-10";6,94
WSM;006-560-01K;"WSM 006-560-01K Oil Filter O-Ring Kit; Sea-Doo 1503 4-Tec 02-17";6,94
WSM;008-689-01;"WSM 008-689-01 Oil Level O-Ring; Yamaha 1000 / 1800 02-13";6,94
WSM;600-160-40;"WSM 600-160-40 O-Ring Kit, Air Injector; Mercury / Mariner 75 - 300 Hp DFI 99-18";6,96
WSM;010-519-01;"WSM 010-519-01 Compressor Connecting Rod; Sea-Doo 951 DI 00-07";6,97
WSM;552-58;"WSM 552-58 Oil Seal, Shift Shaft; Yamaha 300 / 350 Hp 4-Stroke 5.3L";6,97
WSM;368-0124;"WSM 368-0124 Wires, Ignition; Johnson / Evinrude";6,97
WSM;550-40T;"WSM 550-40T Oil Seal, Crankshaft; Mercury / Mariner 75 - 125 Hp 1.5L Optimax 04-14";6,98
WSM;010-003;"WSM 010-003 Valve Keepers; Sea-Doo 1503 / 1630 4-Tec 02-26 / Can-Am 450 - 650 / 800 / 1000 02-26 Exhaust /ntake";7
WSM;007-479;"WSM 007-479 Hole Cover Gasket; Yamaha 500 89-93";7,01
WSM;55-1114;"WSM 55-1114 Oil Filter; Yamaha 250 - 426 87-12";7,01
WSM;55-1111;"WSM 55-1111 Oil Filter; Yamaha 250 Big Bear / Bruin 05-09";7,01
WSM;014-902;"WSM 014-902 Bolt, Connecting Rod; Sea-Doo 1503 / 1630 02-23";7,02
WSM;022-100;WSM 022-100 Heat Sensor Tabs 	255ºF Melting Point 5 Per Pk;7,02
WSM;30-275;"WSM 30-275 Lever, Brake; Kawasaki 300 Bayou 86-87";7,02
WSM;010-224-01BLK;"WSM 010-224-01BLK Lower Rod Bearing; Yamaha 1000 - 1100 02-15";7,02
WSM;010-224-01BLU;"WSM 010-224-01BLU Lower Rod Bearing; Yamaha 1000 - 1100 02-15";7,02
WSM;010-224-01GRN;"WSM 010-224-01GRN Lower Rod Bearing; Yamaha 1000 - 1100 02-20";7,02
WSM;008-683-18;"WSM 008-683-18 Plenum O-Ring; Yamaha 1800 13-23";7,02
WSM;008-417;"WSM 008-417 Generator Cover O-Ring; Kawasaki 440 / 550 JS/ SX 77-95";7,03
WSM;009-713;"WSM 009-713 Jet Pump Oil Seal; Yamaha 700 - 800 / 1200 97-04";7,03
WSM;600-13N;"WSM 600-13N Carburetor Needle; Mercury / Mariner / Yamaha 25 - 40 Hp 4-Stroke";7,04
WSM;447-429;"WSM 447-429 Oil Seal, Drive Shaft; Mercury / Mariner / Force 30 - 125 Hp";7,04
WSM;30-341;"WSM 30-341 Lever, Brake; Kawasaki / Yamaha 125 / 250 / 400 / 450";7,06
WSM;30-381;"WSM 30-381 Lever, Brake; Suzuki 250 / 400 / 450 / 700";7,06
WSM;55-1120;"WSM 55-1120 Oil Filter; Kymco 500 - 700 MXU / UXC / UXV 07-16 / 23-24";7,06
WSM;35-202;"WSM 35-202 Bearing, Wrist Pin; Kawasaki / Suzuki 50 / 80";7,07
WSM;019-W5W;WSM 019-W5W DLX BULB T10 W5W WHITE 160LM - 2W (License Plate Light);7,07
WSM;585-980D;"WSM 585-980D Gasket, Oil Pan; Mercruiser 5.0 / 5.7L 305 / 350 CI.";7,08
WSM;585-980C;"WSM 585-980C Rear Seal, Oil Pan; Mercruiser 4.3 / 5.0 / 5.7L";7,08
WSM;011-930;"WSM 011-930 Shock End Piece; Sea-Doo 1503 / 1630 4-Tec 09-19";7,08
WSM;369-127;WSM 369-127 Spark Plug Resistor Cover 5k Ohm;7,08
WSM;511-23;"WSM 511-23 Gasket, Upper Casing; Yamaha 9.9 / 15 Hp 88-95";7,09
WSM;30-405;"WSM 30-405 Lever, Brake; Honda 80 / 125 / 500 CR 84-95";7,09
WSM;55-1013;"WSM 55-1013 Oil Filter; Kawasaki / Polaris / Yamaha 300 - 1200 93-26";7,09
WSM;120-100;"WSM 120-100 Valve Stem Seal; Mercury / Yamaha 150 - 350 Hp 3.3 / 5.3L 4-Stroke 02-11";7,09
WSM;33-132;"WSM 33-132 Clutch Cover Gasket; Honda 250 XR 96-04";7,1
WSM;33-134;"WSM 33-134 Clutch Cover Gasket; Honda 250 XR-R/L 86-96";7,1
WSM;32-412;"WSM 32-412 Clutch Cover Gasket; Honda 400 TRX-EX 99-04";7,1
WSM;33-208;"WSM 33-208 Clutch Cover Gasket; Kawasaki 110 KLX 02-26";7,1
WSM;33-224;"WSM 33-224 Clutch Cover Gasket; Kawasaki 250 KX 92-93";7,1
WSM;32-600;"WSM 32-600 Clutch Cover Gasket; Suzuki 160 / 230 LT 89-04";7,1
WSM;33-510-01;"WSM 33-510-01 Clutch Cover Gasket; Yamaha 125 YZ 05-26";7,1
WSM;33-510;"WSM 33-510 Clutch Cover Gasket; Yamaha 125 YZ 94-03";7,1
WSM;32-700;"WSM 32-700 Clutch Cover Gasket; Yamaha 200 Blaster 88-06";7,1
WSM;33-534;"WSM 33-534 Clutch Cover Gasket; Yamaha 250 WR-F / YZ-F 19-26";7,1
WSM;555-90;"WSM 555-90 Gasket, Throttle Body; Yamaha 75 / 90 Hp 4 Stroke 16-22";7,1
WSM;009-733;"WSM 009-733 Jet Pump Oil Seal; Kawasaki 750 / 900 95-02";7,12
WSM;010-111;"WSM 010-111 Bearing, Wrist Pin; Kawasaki 400 - 550 76-95";7,13
WSM;014-910;"WSM 014-910 Bolt, Head; Sea-Doo 1503 02-17";7,13
WSM;009-905;"WSM 009-905 Crankshaft Oil Seal Kit; Sea-Doo 580 - 720 89-03";7,13
WSM;009-908;"WSM 009-908 Crankshaft Oil Seal Kit; Sea-Doo 951";7,13
WSM;011-159;"WSM 011-159 Drain Plug; Sea-Doo 900 / 1503 / 1630 09-26";7,13
WSM;008-600-03;"WSM 008-600-03 End Cap O-Ring; Sea-Doo 1503 / 1630 4-Tec 02-26";7,13
WSM;011-515-02;"WSM 011-515-02 Exhaust Bushing Sleeve; Sea-Doo 580 / 800 / 951 89-05";7,13
WSM;600-279;"WSM 600-279 Fuel Filter; Mariner / Yamaha 9.9 - 225 Hp";7,13
WSM;510-33;"WSM 510-33 Gasket, Base; Mercury / Mariner 105 - 220 Hp";7,13
WSM;13-162-16;"WSM 13-162-16 Hose Clamp, Oetiker; 005.3mm - 006.5mm";7,13
WSM;13-162-18;"WSM 13-162-18 Hose Clamp, Oetiker; 006.0 mm -007.0 mm 10 pack";7,13
WSM;13-162-20;"WSM 13-162-20 Hose Clamp, Oetiker; 006.8 mm - 008.0 mm";7,13
WSM;13-162-22;"WSM 13-162-22 Hose Clamp, Oetiker; 007.0 mm -008.7 mm";7,13
WSM;13-162-24;"WSM 13-162-24 Hose Clamp, Oetiker; 007.8 mm - 009.5 mm";7,13
WSM;13-162-25;"WSM 13-162-25 Hose Clamp, Oetiker; 008.3 mm - 010.0 mm";7,13
WSM;13-162-80;"WSM 13-162-80 Hose Clamp, Oetiker; 46mm 10 Pack";7,13
WSM;30-360;"WSM 30-360 Lever, Brake; Suzuki 230 - 500";7,13
WSM;615-120;"WSM 615-120 Oil Filter; Honda 75 - 225 Hp BF 97-13";7,13
WSM;010-495-27;"WSM 010-495-27 Power Valve Cover Screw Adjustment; Sea-Doo 800 / 951 95-06";7,13
WSM;515-24;"WSM 515-24 Gasket, Intake; Johnson / Evinrude 120 - 300 Hp 85-05";7,19
WSM;650-175;"WSM 650-175 Bow Stop, Black Rubber; 3''";7,2
WSM;30-356;"WSM 30-356 Lever, Brake; Kawasaki / Suzuki 360 / 650 - 750";7,21
WSM;008-612;"WSM 008-612 Magneto Cover O-Ring; Sea-Doo 951 98-07";7,24
WSM;505-51;"WSM 505-51 O-Ring, Cylinder Head; Mercury / Mariner 200 - 300 Hp";7,24
WSM;30-413;"WSM 30-413 Lever, Clutch; Kawasaki 250 / 650 KLX / KLR 08-17";7,25
WSM;007-464;"WSM 007-464 Exhaust Gasket; Yamaha 650 / 700 90-20";7,26
WSM;30-176;"WSM 30-176 Lever, Brake; Honda 90 / 125 / 200";7,27
WSM;30-351;"WSM 30-351 Lever, Brake; Yamaha 550 / 700 Grizzly / Kodiak";7,27
WSM;13-162-42;"WSM 13-162-42 Hose Clamp, Oetiker; 013.7mm-016.2mm 10 Pack";7,28
WSM;008-648;"WSM 008-648 Impeller Shaft O-Ring; Sea-Doo 900 / 1503 / 1630 09-17";7,28
WSM;526-42;"WSM 526-42 O-Ring, Fuel Filter Nut; Johnson / Evinrude 90 - 175 Hp 84-01";7,28
WSM;PH365-0006;WSM PH365-0006 Battery Extension Stud;7,3
WSM;PH365-0010;"WSM PH365-0010 Breaker Points; Johnson / Evinrude 1.2 - 4 Hp 68-90";7,3
WSM;COU220LEEE;"WSM COU220LEEE Hose Barb 90 Degree Elbow; 3/8'' Hose x 3/8'' Male";7,3
WSM;COU220HJ;"WSM COU220HJ Hose Barb; 5/8'' Hose x 3/4'' Male";7,3
WSM;447-427;"WSM 447-427 Oil Seal, Drive Shaft; Mercury / Mariner / Force 30 - 125 Hp";7,3
WSM;014-145;"WSM 014-145 Bolt, Socket Cap Cylinder; Sea-Doo 800 95-05";7,32
WSM;010-233;"WSM 010-233 Jet Pump Bearing; Polaris 650 / 750 SL 92-93";7,33
WSM;990-110;WSM 990-110 Cable Lube Tool;7,36
WSM;007-526-02;"WSM 007-526-02 Carburetor Gasket; Yamaha 1100 95-98";7,36
WSM;009-743T;"WSM 009-743T Crankshaft Oil Seal; Kawasaki 1200 / 1500 03-26";7,36
WSM;009-739T;"WSM 009-739T Crankshaft Oil Seal; Kawasaki 1200 STX-R / Ultra 150 99-05";7,36
WSM;009-781T;"WSM 009-781T Crankshaft Oil Seal; Sea-Doo 800 95-05";7,36
WSM;550-16;"WSM 550-16 Crankshaft Seal; Johnson / Evinrude 3 / 4 / 9.9 - 15 Hp 74-07";7,36
WSM;550-15;"WSM 550-15 Crankshaft Seal; Johnson / Evinrude 5 - 15 Hp 74-07";7,36
WSM;815-330;"WSM 815-330 Crankshaft Sealing Ring; Yamaha 115 - 200 Hp V4-V6";7,36
WSM;011-161;"WSM 011-161 Drain Plug; Sea-Doo 720 - 1503 01-03";7,36
WSM;011-515-01;"WSM 011-515-01 Exhaust Bushing; Sea-Doo 580 / 800  89-05 - Pack of 2";7,36
WSM;007-460;"WSM 007-460 Exhaust Gasket; Yamaha 500 89-93";7,36
WSM;510-25;"WSM 510-25 Gasket, Base; Mercury / Mariner 50 - 70 Hp 3 Cyl 80-87";7,36
WSM;008-632;"WSM 008-632 Generator Cover O-Ring; Yamaha 1200 / 1300 01-08";7,36
WSM;008-631;"WSM 008-631 Generator Cover O-Ring; Yamaha 800 GP / XL / XLT 01-05";7,36
WSM;983-300-08;"WSM 983-300-08 Gimbal Bearing Puller; Collar";7,36
WSM;008-581;"WSM 008-581 Ignition O-Ring; Sea-Doo 580 GT / SP / XP 90-91";7,36
WSM;003-050;"WSM 003-050 Impeller Boot; Sea-Doo 1503 / 1630 4-Tec 04-26";7,36
WSM;010-230;"WSM 010-230 Jet Pump Bearing; Kawasaki 750 / 900 - 1500 95-06";7,36
WSM;010-220-02;"WSM 010-220-02 Jet Pump Bearing; Yamaha 500 / 650 89-93";7,36
WSM;007-505;"WSM 007-505 Muffler Gasket; Kawasaki 300 JS / SX 86-91";7,36
WSM;006-560;"WSM 006-560 Oil Filter; Sea-Doo 1503 4-Tec 02-17";7,36
WSM;010-462;"WSM 010-462 Oil Fitting; Sea-Doo 720 / 800 98-05";7,36
WSM;010-499;"WSM 010-499 Oil Pump Coupler; Sea-Doo 800 96-05";7,36
WSM;009-796;"WSM 009-796 Oil Pump Oil Seal; Sea-Doo 1503 / 1630 4-Tec 02-24 / Can-Am 330 - 1000 03-26";7,36
WSM;550-26;"WSM 550-26 Oil Seal, Crankshaft; Mercury / Mariner 15 - 25 Hp 79-06";7,36
WSM;550-28;"WSM 550-28 Oil Seal, Crankshaft; Mercury / Mariner 15 - 25 Hp 79-06";7,36
WSM;552-35;"WSM 552-35 Oil Seal, Lower Crankshaft; Mercury / Yamaha 25 - 60 Hp 4-Stroke 97-08";7,36
WSM;008-599-09;"WSM 008-599-09 Output Sleeve Sealing Ring; Sea-Doo 1503 / 1630 4-Tec 02-21";7,36
WSM;300-270;"WSM 300-270 Piston Pin; Yamaha 115 - 225 Hp";7,36
WSM;300-265;"WSM 300-265 Piston Pin; Yamaha 48 - 90 Hp";7,36
WSM;010-495-32;"WSM 010-495-32 Power Valve Feeding Block; Sea-Doo 800 GTI 03-05";7,36
WSM;600-418-01;"WSM 600-418-01 Viton O-Ring For Clear Drain Bowl;";7,36
WSM;523-34;"WSM 523-34 Gasket, Connector; Yamaha 200 - 300 Hp 4.2L V6 4-Stroke 09-22";7,38
WSM;007-559;"WSM 007-559 Exhaust Gasket; Yamaha 700 93-20";7,39
WSM;600-18NS;"WSM 600-18NS Carburetor Needle & Seat; Mercury / Mariner 4 / 4.5 / 35 - 150 / 250 / 275 Hp";7,4
WSM;55-1210;"WSM 55-1210 Oil Filter; Arctic Cat / Suzuki 400 - 1050 96-25";7,4
WSM;55-1580;"WSM 55-1580 Oil Filter; KTM 400 EXC 00-02";7,4
WSM;527-132;"WSM 527-132 O-Ring, Bearing Carrier; Yamaha 150 - 300 Hp 2 / 4-Stroke";7,4
WSM;600-318-09;"WSM 600-318-09 Fuel Filter; Johnson / Evinrude / Suzuki 140 -350 Hp 04-24";7,42
WSM;010-136-29;"WSM 010-136-29 Bearing Needles With Washers; Force / Mercury / Mariner 30 - 150 Hp (Pack Of 29)";7,44
WSM;010-136-29T;"WSM 010-136-29T Bearing Needles With Washers; Force / Mercury / Mariner 30 - 150 Hp (Pack Of 29)";7,44
WSM;010-135-25;"WSM 010-135-25 Bearing Needles,Rod; Mercury / Mariner 20 - 50 Hp";7,44
WSM;010-134-27;"WSM 010-134-27 Bearing Needles; Mercury / Mariner 15 - 25 Hp 2 Cyl";7,44
WSM;010-181-30;"WSM 010-181-30 Bearing Needles; Yamaha 60 / 70 Hp";7,44
WSM;009-907;"WSM 009-907 Crankshaft Oil Seal Kit; Sea-Doo 800";7,44
WSM;990-365;WSM 990-365 Hydraulic Brake Bleeder;7,44
WSM;615-175;"WSM 615-175 Oil Filter; Mercury / Mariner / Nissan / Tohatsu 9.9 - 140 Hp 4-Stroke 96-23";7,44
WSM;551-14;"WSM 551-14 Oil Seal, Crankshaft; Yamaha 115 - 300 Hp 84-15";7,44
WSM;990-310;"WSM 990-310 Pick Set; 4 Piece";7,44
WSM;008-687;"WSM 008-687 Water Inlet O-Ring; Yamaha 1800 08-16";7,44
WSM;990-300;"WSM 990-300 Wire Brush Set; 9''";7,44
WSM;985-125-04;"WSM 985-125-04 Flywheel Puller Guide; Johnson / Evinrude";7,45
WSM;521-15;"WSM 521-15 Gasket, Exhaust; Mercury / Mariner 50 / 60 Hp 3 Cyl 87-90";7,45
WSM;515-47;"WSM 515-47 Gasket, Reed; Johnson / Evinrude 200 - 300 Hp E-Tec 6 Cylinder 05-10";7,45
WSM;983-415P;"WSM 983-415P Tilt / Trim Cylinder End Cap Remover Pin; .125'' & .188''";7,45
WSM;007-597-10;"WSM 007-597-10 Oil Cooler Gasket; Yamaha 1000 / 1100 FX 02-08";7,48
WSM;551-25;"WSM 551-25 Oil Seal, Crankshaft; Yamaha 75 - 115 Hp 4-Stroke 00-22";7,48
WSM;010-491;"WSM 010-491 Flywheel Bolt; Kawasaki 650 SC / TS 91-96";7,5
WSM;525-23;"WSM 525-23 O-Ring, Exhaust Pipe; Yamaha 115 Hp 1.8L L4 4-Stroke";7,5
WSM;120-310;"WSM 120-310 Valve Spring; Yamaha 150 - 225 Hp 4-Stroke 02-10";7,51
WSM;552-63;"WSM 552-63 Oil Seal, Propeller Shaft; Yamaha 225 - 300 Hp 4.2L 21-23";7,55
WSM;007-509;"WSM 007-509 Exhaust Gasket; Kawasaki 440 SX 77-92";7,57
WSM;61-611-02;"WSM 61-611-02 Cable, Clutch; Honda 200 XL / XR 83-02";7,58
WSM;61-340;"WSM 61-340 Cable, Clutch; Suzuki 250 Quadracer 85-92";7,58
WSM;61-540-05;"WSM 61-540-05 Cable, Throttle; Yamaha 125 / 250 YZ 99-06";7,58
WSM;61-138;"WSM 61-138 Cable, Throttle; Yamaha 350 / 400";7,58
WSM;61-148;"WSM 61-148 Cable, Throttle; Yamaha 450 YFZ 04-09";7,58
WSM;61-118;"WSM 61-118 Cable, Throttle; Yamaha 80 / 100";7,58
WSM;009-750;"WSM 009-750 Crankshaft Oil Seal; Kawasaki 440 - 550 JS / SX 77-95";7,58
WSM;445-137;"WSM 445-137 Screen, Water Intake; Johnson / Evinrude 100 - 300 Hp 76-92";7,58
WSM;986-410;WSM 986-410 Tilt Tube Jam Nut: 1'';7,58
WSM;014-702;"WSM 014-702 Nut, Nylon Lock; 8mm Stainless - Pack Of 10";7,61
WSM;447-440;"WSM 447-440 Oil Seal, Drive Shaft; Johnson / Evinrude 20 - 35 Hp";7,61
WSM;523-33;"WSM 523-33 Gasket, Crankcase; Yamaha 200 - 250 Hp V6 4-Stroke 05-21";7,62
WSM;650-395;WSM 650-395 Antenna Mount: Nylon Deck Type;7,64
WSM;650-440;WSM 650-440 Deck Plate: White 6'';7,64
WSM;650-405;WSM 650-405 Rod Holder: Black Poly w/ Cap;7,64
WSM;650-410;WSM 650-410 Rod Holder: White Poly w/ Cap;7,64
WSM;010-002-04;"WSM 010-002-04 Valve Retainer; Yahama 1000 / 1100 02-15";7,64
WSM;010-002-03;"WSM 010-002-03 Valve Retainer; Yamaha 1000 / 1100 02-15";7,64
WSM;COU220LF;"WSM COU220LF Hose Barb 90 Degree Elbow; 1/2'' Hose x 3/8'' Male";7,66
WSM;584-522;"WSM 584-522 Gasket, Exhaust Riser; Mercruiser 4.3 \ 5.0 \ 5.7 \ 7.4 \ 8.2L";7,67
WSM;55-1571;"WSM 55-1571 Oil Filter; Can-Am 500 Traxter 99-05";7,67
WSM;61-322;"WSM 61-322 Cable, Clutch; Yamaha 350 Banshee 87-06";7,7
WSM;33-402;"WSM 33-402 Clutch Cover Gasket; Suzuki 125 / 200 DR / DRZ 94-26";7,7
WSM;33-400;"WSM 33-400 Clutch Cover Gasket; Suzuki 50 78-04";7,7
WSM;32-700-01;"WSM 32-700-01 Clutch Cover Gasket; Yamaha 200 WR 92-94";7,7
WSM;600-87-02;"WSM 600-87-02 Gasket,Carburetor Bowl; Yamaha 60 Hp 4-Stroke 02-05";7,7
WSM;515-56;"WSM 515-56 Gasket, Throttle Body; Johnson / Evinrude 40 - 65 Hp E-Tec 04-12";7,72
WSM;30-460;"WSM 30-460 Lever, Brake; Kawasaki / Suzuki / Yamaha 65 - 125 / 230 / 250 / 300 / 426 - 500";7,72
WSM;68-1310;"WSM 68-1310 Axle Boot; Arctic Cat 250 - 650 98-05";7,73
WSM;008-640-02;"WSM 008-640-02 Jet Pump Reducer Ring; Sea-Doo 1503 02-13";7,73
WSM;35-205;"WSM 35-205 Bearing, Wrist Pin; Honda 250 ATC-R / TRX-R 81-89";7,74
WSM;007-582;"WSM 007-582 Exhaust Gasket; Sea-Doo 951 98-07";7,74
WSM;007-587-02;"WSM 007-587-02 Exhaust Gasket; Sea-Doo 951 98-07";7,74
WSM;007-283;"WSM 007-283 Exhaust Manifold Gasket; Yamaha 800 98-05";7,74
WSM;009-736;"WSM 009-736 Jet Pump Oil Seal; Kawasaki / Yamaha 500 - 1500 89-04";7,74
WSM;009-734;"WSM 009-734 Jet Pump Oil Seal; Kawasaki 750 / 900 95-02";7,74
WSM;615-160;"WSM 615-160 Oil Filter; Mercury / Mariner 135 - 450 Hp Verado 06-20";7,74
WSM;515-42;"WSM 515-42 O-Ring, Intake; Johnson / Evinrude 150 / 175 Hp 60 Degree 94-06";7,74
WSM;515-43;"WSM 515-43 O-Ring, Intake; Johnson / Evinrude 150 / 175 Hp 60 Degree 94-06";7,74
WSM;510-01;"WSM 510-01 Gasket, Base; Johnson / Evinrude 150 - 175 Hp V6 Cross Flow 86-92";7,75
WSM;518-20;"WSM 518-20 Gasket, Air Box; Yamaha 115 / 130 Hp 84-99";7,76
WSM;518-18;"WSM 518-18 Gasket, Air Box; Yamaha 150 - 200 Hp";7,76
WSM;007-489;"WSM 007-489 Upper Case Gasket; Yamaha 500 87-92";7,8
WSM;30-361;"WSM 30-361 Lever, Brake; Suzuki 250 - 400";7,81
WSM;55-1572;"WSM 55-1572 Oil Filter; Can-Am 500 / 650 Traxter / Quest 02-05";7,81
WSM;615-156;"WSM 615-156 Oil Filter; Suzuki 4 / 6 Hp 4-Stoke";7,81
WSM;550-02;"WSM 550-02 Crankshaft Seal; Johnson / Evinrude 25 - 75 Hp 72-05";7,82
WSM;011-157;"WSM 011-157 Drain Plug, Universal; 7/8''";7,82
WSM;600-282;"WSM 600-282 Fuel Filter; Johnson / Evinrude / Suzuki 25 - 140 Hp 4-Stroke 98-11";7,82
WSM;006-346F;"WSM 006-346F Fuel Filter; Sea-Doo 951 98-02";7,82
WSM;555-27;"WSM 555-27 Gasket, Upper Casing; Yamaha 40 Hp Commercial 90-97";7,82
WSM;550-41T;"WSM 550-41T Oil Seal, Crankshaft; Mercury / Mariner 65 - 125 Hp 1.5L 99-14";7,82
WSM;552-56;"WSM 552-56 Oil Seal, Propeller Shaft; Yamaha 300 / 350 Hp 4-Stroke 5.3L";7,82
WSM;003-100;"WSM 003-100 Rubber Boot; Sea-Doo 580 - 951 89-06";7,82
WSM;540-05;"WSM 540-05 Thermostat Diaphragm; Johnson / Evinrude 120 - 300 Hp Looper 85-93";7,82
WSM;009-786;"WSM 009-786 Balance Shaft Oil Seal; Sea-Doo 800 95-96";7,84
WSM;445-311;"WSM 445-311 Gasket, Water Pump; Yamaha 3.3 Liter";7,86
WSM;13-162-48;"WSM 13-162-48 Hose Clamp, Oetiker; 016.6mm-019.8mm 10 Pack";7,86
WSM;615-125;"WSM 615-125 Oil Filter; Johnson / Evinrude 9.9 / 15 / 70 Hp 4-Stroke 95-01";7,86
WSM;010-162;"WSM 010-162 Bearing Needles; Yamaha 55 - 225 Hp 90 Degree";7,87
WSM;011-421;"WSM 011-421 Exhaust Pick Up Envelope; Sea-Doo 951 00-06";7,87
WSM;515-50;"WSM 515-50 Gasket, Reed; Johnson / Evinrude 40 - 90 Hp E-Tec 2 / 3 Cylinder 08-16";7,87
WSM;007-594-13;"WSM 007-594-13 Oil Pump Gasket; Yamaha 1800 / 1900 08-26";7,87
WSM;009-901;"WSM 009-901 Crankshaft Oil Seal Kit; Kawasaki 650 / 750 86-02";7,88
WSM;30-396;"WSM 30-396 Lever, Brake; Kawasaki / Yamaha 125 / 250 / 450";7,88
WSM;33-112;"WSM 33-112 Clutch Cover Gasket; Honda 125 / 200 83-91";7,9
WSM;33-118;"WSM 33-118 Clutch Cover Gasket; Honda 500 CR 88-01";7,9
WSM;510-30;"WSM 510-30 Gasket, Drive Housing Plate; Mercury / Mariner 105 - 225 Hp";7,9
WSM;805-106-04;"WSM 805-106-04 Bolt, Connecting Rod; Johnson / Evinrude 20 - 235 Hp (4 Pack)";7,91
WSM;518-22;"WSM 518-22 Gasket, Intake; Yamaha 150 - 225 Hp 87-09";7,91
WSM;335-307;"WSM 335-307 Trim Dust Seal; Yamaha 115 - 300 Hp 2 / 4 Stroke";7,92
WSM;600-109-16;"WSM 600-109-16 VST O-Ring; Johnson / Suzuki 200 - 300 Hp 4-Stroke 6 Cylinder";7,92
WSM;600-107-05;"WSM 600-107-05 VST O-Ring; Mercury / Mariner 30 - 60 Hp 4-Stroke 02-08";7,92
WSM;55-1565;"WSM 55-1565 Oil Filter; Polaris 330 - 1000 09-26";7,94
WSM;785-200-01;"WSM 785-200-01 Poppet Valve; Mercury / Yamaha 75 - 300 Hp";7,97
WSM;523-24;"WSM 523-24 Gasket, Exhaust Cover; Yamaha 40 / 50 Hp 92-08";7,98
WSM;68-1307;"WSM 68-1307 Axle Boot; Polaris 250 Trail Boss 4x4 87-90";8
WSM;600-158N;"WSM 600-158N Fuel Pump Nipple; Johnson / Evinrude 90 - 175 Hp 60 Degree";8
WSM;008-683-04;"WSM 008-683-04 Oil Pump O-Ring; Yamaha 1000 02-08";8
WSM;61-302;"WSM 61-302 Cable, Clutch; Honda 250 ATC-R / TRX-R 83-89";8,04
WSM;010-223-02BLK;"WSM 010-223-02BLK Connecting Rod Bearing; Yamaha 1050 16-26";8,04
WSM;010-223-02BLU;"WSM 010-223-02BLU Connecting Rod Bearing; Yamaha 1050 16-26";8,04
WSM;010-223-02BRN;"WSM 010-223-02BRN Connecting Rod Bearing; Yamaha 1050 16-26";8,04
WSM;010-223-02GRN;"WSM 010-223-02GRN Connecting Rod Bearing; Yamaha 1050 16-26";8,04
WSM;010-223-02PNK;"WSM 010-223-02PNK Connecting Rod Bearing; Yamaha 1050 16-26";8,04
WSM;010-223-02YEL;"WSM 010-223-02YEL Connecting Rod Bearing; Yamaha 1050 16-26";8,04
WSM;COU109UJ;"WSM COU109UJ Countersink Hex Head Plug; 3/4''";8,04
WSM;009-753;"WSM 009-753 Crankshaft Oil Seal; Kawasaki 650 - 1100 86-11";8,04
WSM;600-285-10;"WSM 600-285-10 Fuel Filter, Mystery; Yamaha 150 - 300 Hp HPDI 00-14 10 Pack";8,04
WSM;600-160-16;"WSM 600-160-16 Gasket, Fuel Injector; Yamaha 150 - 300 Hp HPDI 00-14";8,04
WSM;445-312;"WSM 445-312 Gasket, Water Pump; Yamaha 200 - 300 Hp 4.2 Liter";8,04
WSM;COU220LEF;"WSM COU220LEF Hose Barb 90 Degree Elbow; 3/8'' Hose x 1/2'' Male";8,04
WSM;30-331;"WSM 30-331 Lever, Brake; Honda 400 - 700 TRX 03-26";8,04
WSM;615-130;"WSM 615-130 Oil Filter; Johnson / Suzuki  70 - 115 Hp 4-Stroke 01-11";8,04
WSM;008-683-17;"WSM 008-683-17 Throttle Body O-Ring; Yamaha 1800 13-23";8,05
WSM;55-1563;"WSM 55-1563 Oil Filter; Polaris 200 Phoenix / Sawtooth 05-26";8,08
WSM;55-1564;"WSM 55-1564 Oil Filter; Polaris 500 - 1100 03-25";8,08
WSM;515-44;"WSM 515-44 Gasket, Fuel Filter; Johnson / Evinrude 90 - 175 Hp 87-01";8,09
WSM;008-420-06;"WSM 008-420-06 Exhaust Ring; Kawasaki: 1200 / 1500 STX-F 04-10";8,11
WSM;511-16;"WSM 511-16 Gasket, Base; Mariner / Yamaha 20 - 30 Hp / 500 84-97";8,12
WSM;010-297-02BLU;"WSM 010-297-02BLU Rod Bearing; Yamaha 150 / 350Hp 4-Stroke 04-22 Blue";8,12
WSM;010-297-02GRN;"WSM 010-297-02GRN Rod Bearing; Yamaha 150 / 350Hp 4-Stroke 04-22 Green";8,12
WSM;010-297-02RED;"WSM 010-297-02RED Rod Bearing; Yamaha 150 / 350Hp 4-Stroke 04-22 Red";8,12
WSM;523-41;"WSM 523-41 Gasket, Drain; Yamaha 115 Hp 1.8L L4 4-Stroke";8,15
WSM;600-109-13;"WSM 600-109-13 VST O-Ring; Johnson / Evinrude / Suzuki 40 - 70 Hp 4-Stroke";8,16
WSM;009-704T;"WSM 009-704T Crankshaft Oil Seal; Yamaha 650 - 760 / 1100 / 1200 90-20";8,17
WSM;600-312-01;"WSM 600-312-01 Fuel Filter Nut; Johnson / Evinrude 90 - 175 Hp 60 Degree 95-01";8,17
WSM;20-206;"WSM 20-206 Base Gasket; Polaris 400 94-10";8,21
WSM;007-431-20;"WSM 007-431-20 Base Gasket; Sea-Doo 951 97-07";8,21
WSM;007-431-23;"WSM 007-431-23 Base Gasket; Sea-Doo 951 97-07";8,21
WSM;007-431-32;"WSM 007-431-32 Base Gasket; Sea-Doo 951 97-07";8,21
WSM;511-11;"WSM 511-11 Gasket, Base; Yamaha 75 - 90 Hp 84-09";8,21
WSM;445-126;"WSM 445-126 Screen, Water Intake; Johnson / Evinrude 85 - 140 Hp";8,21
WSM;014-903;"WSM 014-903 Bolt, Connecting Rod; Sea-Doo 900 14-26 / Can-Am 450 - 570 / 900 / 1000 07-26";8,23
WSM;523-20;"WSM 523-20 Gasket, Exhaust Cover; Yamaha 25 Hp 88-09";8,24
WSM;007-480;"WSM 007-480 Generator Cover Gasket; Yamaha 650 - 760 90-20";8,26
WSM;007-336-02;"WSM 007-336-02 Exhaust Gasket; Kawasaki 1200 / 1500 03-26";8,27
WSM;30-195;"WSM 30-195 Lever, Brake; Honda 250 ATC-SX / TRX 1985";8,27
WSM;650-355;WSM 650-355 Cleat: 8'' Aluminum;8,29
WSM;900-30200;"WSM 900-30200 Cable Adapter; Suzuki / Yamaha 8 - 300 Hp / 1000 - 1900 01-26";8,3
WSM;600-281;"WSM 600-281 Fuel Filter; Johnson / Evinrude 40 - 90 Hp E-Tec 04-16";8,3
WSM;447-445;"WSM 447-445 Oil Seal, Propeller Shaft; Johnson / Evinrude 20 - 35 Hp Cross Flow 78-97";8,3
WSM;552-36;"WSM 552-36 Oil Seal, Upper Crankshaft; Mercury / Yamaha 25 - 60 Hp 4-Stroke 96-22";8,3
WSM;003-552;"WSM 003-552 Jet Pump Trim Seal; Sea-Doo 720 - 1630 03-24";8,32
WSM;510-35;"WSM 510-35 Gasket, Drive Housing Plate; Mercury / Mariner 150 - 200 Hp 6 Cyl 76-90";8,34
WSM;505-27;"WSM 505-27 Gasket, Head Cover; Mercury / Mariner 65 - 90 Hp 3 Cyl 94-05";8,34
WSM;525-18;"WSM 525-18 Water Deflector; Yamaha 200 - 250 Hp V6 4-Stroke 02-21";8,34
WSM;33-124;"WSM 33-124 Clutch Cover Gasket; Honda 250 CRF-L / RL 13-20";8,35
WSM;008-690;"WSM 008-690 Oil Cooler O-Ring; Yamaha 1050 16-26";8,35
WSM;55-1595;"WSM 55-1595 Oil Filter; Arctic Cat 366 - 1000 04-13";8,35
WSM;006-559;"WSM 006-559 Oil Filter; Sea-Doo / Can-Am 900 / 1000 14-26";8,39
WSM;518-19;"WSM 518-19 Gasket, Intake; Yamaha 150 - 220 Hp 6 Cylinder 84-10";8,4
WSM;007-337;"WSM 007-337 Intake Manifold Plate Gasket; Kawasaki 1500 04-22";8,4
WSM;007-281;"WSM 007-281 Base Gasket; Yamaha 800 / 1200 / 1300 99-05";8,41
WSM;009-770;"WSM 009-770 Jet Pump Oil Seal; Polaris 650 / 750 92-93";8,41
WSM;009-778J;"WSM 009-778J Crankshaft Oil Seal; Sea-Doo 580 - 800 89-03";8,42
WSM;009-780T;"WSM 009-780T Crankshaft Oil Seal; Sea-Doo 580 - 800 89-05";8,42
WSM;011-154;"WSM 011-154 Drain Plug; Kawasaki 800 - 1500 03-26";8,42
WSM;010-270BLU;"WSM 010-270BLU Upper Main Bearing; Yamaha 150 - 200 / 2.8 Liter 12-22 4-Stroke Blue";8,42
WSM;010-270GRN;"WSM 010-270GRN Upper Main Bearing; Yamaha 150 - 200 / 2.8 Liter 12-22 4-Stroke Green";8,42
WSM;010-270YEL;"WSM 010-270YEL Upper Main Bearing; Yamaha 150-/ 200 / 2.8 Liter 12-22 4-Stroke Yellow";8,42
WSM;007-328-06;"WSM 007-328-06 Muffler Gasket; Kawasaki 1500 Ultra 300 / 310 11-26";8,45
WSM;516-50;"WSM 516-50 Gasket, Air Box; Mercury / Mariner 75 - 115 Hp 3 Cyl 1.5L";8,47
WSM;510-57;"WSM 510-57 Gasket, Base; Force 75 / 90 / 120 Hp";8,48
WSM;523-38;"WSM 523-38 Gasket, Crankcase Cover; Yamaha 150 - 200 Hp L4 2.8L 4 Stroke";8,48
WSM;30-267;"WSM 30-267 Lever, Brake; Honda 400 / 650 TRX 03-07";8,48
WSM;30-255;"WSM 30-255 Lever, Brake; Yamaha 200 / 250 / 350 90-02";8,48
WSM;007-435-01;"WSM 007-435-01 Base Gasket; Sea-Doo 800 RFI 98-05";8,51
WSM;010-183;"WSM 010-183 Bearing Needles; Nissan / Tohatsu 40 / 50 Hp 3 cylinder";8,51
WSM;523-26;"WSM 523-26 Gasket, Exhaust; Yamaha 25 Hp 4-Stroke 98-07";8,51
WSM;61-306;"WSM 61-306 Cable, Clutch; Honda 300 TRX-EX 93-06";8,53
WSM;61-314;"WSM 61-314 Cable, Clutch; Honda 450 TRX 04-14";8,53
WSM;61-600-01;"WSM 61-600-01 Cable, Clutch; Honda 80 / 100 CRF / XL 79-13";8,53
WSM;61-620-01;"WSM 61-620-01 Cable, Clutch; Kawasaki / Suzuki 60 KX / RM 85-03";8,53
WSM;61-620-03;"WSM 61-620-03 Cable, Clutch; Kawasaki / Suzuki 65 KX / RM 01-25";8,53
WSM;61-316;"WSM 61-316 Cable, Clutch; Yamaha 200 Blaster 88-06";8,53
WSM;61-501-03;"WSM 61-501-03 Cable, Throttle; Honda 125 / 250 CR 00-07";8,53
WSM;61-112;"WSM 61-112 Cable, Throttle; Honda 400 TRX-EX 99-04";8,53
WSM;61-116;"WSM 61-116 Cable, Throttle; Honda 450  TRX 06-14";8,53
WSM;61-505-08;"WSM 61-505-08 Cable, Throttle; KTM 65 SX / XC 09-25";8,53
WSM;61-534-04;"WSM 61-534-04 Cable, Throttle; Suzuki 125 / 250 RM 01-08";8,53
WSM;61-166;"WSM 61-166 Cable, Throttle; Suzuki 250 Quadracer 87-92";8,53
WSM;600-415-01;"WSM 600-415-01 Fitting, 90 Degree; Fuel / Water Separator 5/16 Barb";8,56
WSM;600-415-02;"WSM 600-415-02 Fitting; Fuel / Water Separator 5/16 Barb";8,56
WSM;510-16;"WSM 510-16 Gasket, Base; Johnson / Evinrude 135 - 175 Hp 91-06";8,57
WSM;510-15;"WSM 510-15 Gasket, Base; Johnson / Evinrude 90 / 115 Hp V4 60 Degree 95-97";8,57
WSM;515-45;"WSM 515-45 Gasket, Intake; Johnson / Evinrude 135 - 175 Hp 6 Cylinder FICHT 97-06";8,57
WSM;010-020;"WSM 010-020 Intake Valve; Yamaha 1000 / 1100 02-15";8,57
WSM;009-715T;"WSM 009-715T Jet Pump Oil Seal; Yamaha 800 - 1300 99-26";8,57
WSM;526-28;"WSM 526-28 O-Ring, Throttle Body; Mercury / Mariner 110 - 240 Hp 2.5L DFI / EFI 98-18";8,57
WSM;40-133;"WSM 40-133 Crankshaft Oil Seal; Polaris 400 96-13";8,58
WSM;40-133-01;"WSM 40-133-01 Crankshaft Oil Seal; Polaris 400 96-13";8,58
WSM;009-703T;"WSM 009-703T Crankshaft Oil Seal; Yamaha 650 - 760 / 1100 / 1200 90-20";8,58
WSM;007-515;"WSM 007-515 Exhaust Gasket; Kawasaki 400 / 550 JS / SX 76-95";8,58
WSM;615-138;"WSM 615-138 Oil Filter; Suzuki 8 - 20 Hp 4-Stroke 04-18";8,59
WSM;527-134;"WSM 527-134 O-Ring, Bearing Carrier; Yamaha 200 - 300 Hp 4-Stroke 4.2 Liter 09-22";8,59
WSM;010-110;"WSM 010-110 Bearing, Wrist Pin; Kawasaki / Sea-Doo 250 - 650 85-07";8,6
WSM;010-113;"WSM 010-113 Bearing, Wrist Pin; Kawasaki 750 / 900 92-06";8,6
WSM;010-115;"WSM 010-115 Bearing, Wrist Pin; Polaris 250 - 780 85-06";8,6
WSM;09-2306E;"WSM 09-2306E Brake Shoes, Rear; Kawasaki 110 - 185 KLT / Mojave 84-88";8,62
WSM;09-2117E;"WSM 09-2117E Brake Shoes, Rear; Yamaha 80 - 350 / 490 / 600";8,62
WSM;008-480;"WSM 008-480 Flywheel O-Ring; Yamaha 1200 99-01";8,62
WSM;516-52;"WSM 516-52 Gasket, Reed; Mercury / Mariner 75 - 125 Hp 1.5L DFI";8,62
WSM;615-140;"WSM 615-140 Oil Filter; Johnson / Evinrude / Suzuki 25 - 70 Hp 4-Stroke 98-23";8,62
WSM;006-552;"WSM 006-552 Oil Pump Screen; Sea-Doo 1503 / 1630 4-Tec 02-26 / Can-Am 1000 24-26";8,62
WSM;517-34;"WSM 517-34 Seal, Thermostat; Force 70 - 150 Hp 89-99";8,62
WSM;550-45;"WSM 550-45 Water Seal; Mercury 135 - 400 Hp 6 Cyl Verado";8,62
WSM;540-33;"WSM 540-33 Poppet Valve Diaphragm; Mercury / Mariner 110 - 225 Hp 00-18";8,64
WSM;650-390;WSM 650-390 Hatch Lift Spring: Stainless 8-3/4'' x 7/16'';8,68
WSM;300-68;WSM 300-68 Piston Pin: Mercury 4 Cyl 4-Stroke;8,68
WSM;09-5126E;"WSM 09-5126E Brake Pads, Front; Yamaha 250 XT 08-25";8,7
WSM;32-404;"WSM 32-404 Clutch Cover Gasket; Honda 250 ATC / TRX 86-87";8,7
WSM;33-230;"WSM 33-230 Clutch Cover Gasket; Kawasaki 450 KX-F / SR / X 16-26";8,7
WSM;33-316;"WSM 33-316 Clutch Cover Gasket; KTM / Husqvarna / GAS GAS 250 / 350 15-23";8,7
WSM;33-416;"WSM 33-416 Clutch Cover Gasket; Suzuki 250 RMZ 07-26";8,7
WSM;33-522;"WSM 33-522 Clutch Cover Gasket; Yamaha / GAS GAS 250 01-14";8,7
WSM;33-514;"WSM 33-514 Clutch Cover Gasket; Yamaha 125 / 250 WR 08-20";8,7
WSM;33-508;"WSM 33-508 Clutch Cover Gasket; Yamaha 125 TT-R 05-26";8,7
WSM;33-516;"WSM 33-516 Clutch Cover Gasket; Yamaha 200 - 230 86-26";8,7
WSM;615-124;"WSM 615-124 Oil Filter; Johnson / Suzuki 8 - 15 Hp 4-Stroke 96-11 / 50 - 185 83-26";8,7
WSM;300-110;"WSM 300-110 Piston Pin Johnson / Evinrude; 65 - 200 Hp Cross Flow";8,7
WSM;300-130;"WSM 300-130 Piston Pin; Johnson / Evinrude 90 - 175 Hp 60 Degree";8,7
WSM;779-100;"WSM 779-100 Sensor,Oil Pressure Alarm Switch; Mercruiser";8,7
WSM;584-110-08K;"WSM 584-110-08K Valve Stem O-Ring Kit; Mercruiser / OMC 8 pack";8,7
WSM;09-2235E;"WSM 09-2235E Brake Shoes, Front; Suzuki 160 LT 89-04";8,72
WSM;515-48;"WSM 515-48 Gasket, Throttle Body; Johnson / Evinrude 200 - 300 Hp E-Tec 05-10";8,72
WSM;006-563;"WSM 006-563 Oil Filter; Honda / Kawasaki / Mercury / Mariner / Nissan / Yamaha 8 - 115 Hp / 350 - 1500 00-26";8,72
WSM;0600-12-02;"WSM 600-12-02 Gasket, Carburetor Bowl; Mercury / Yamaha 40 - 50 Hp 4-Stroke";8,74
WSM;522-15;"WSM 522-15 Gasket, Exhaust Manifold; Force 120 / 125 Hp 88-99";8,74
WSM;522-13;"WSM 522-13 Gasket, Exhaust Plate; Chrysler / Force 90 - 140 Hp 77-88";8,74
WSM;510-59;"WSM 510-59 Gasket,Oil Sump; Mercury 200 - 300 Hp Verado";8,74
WSM;13-162-26;"WSM 13-162-26 Hose Clamp, Oetiker; 008.8 mm - 010.5 mm";8,75
WSM;13-162-27;"WSM 13-162-27 Hose Clamp, Oetiker; 009.2 mm - 010.9 mm";8,75
WSM;13-162-28;"WSM 13-162-28 Hose Clamp, Oetiker; 009.6 mm - 011.3 mm";8,75
WSM;35-100;"WSM 35-100 Bearing, Wrist Pin; KTM / Husq / Gas Gas / Yamaha 85 MC / TC / SX / YZ 02-26";8,76
WSM;35-250;"WSM 35-250 Bearing, Wrist Pin; KTM / Husqvarna / GAS GAS 50 01-26";8,76
WSM;35-265;"WSM 35-265 Bearing, Wrist Pin; KTM / Husqvarna 65 99-25";8,76
WSM;35-215;"WSM 35-215 Bearing, Wrist Pin; KTM 125 SX 02-22";8,76
WSM;35-105;"WSM 35-105 Bearing, Wrist Pin; Yamaha 125 YZ 05-21";8,76
WSM;523-34-02;"WSM 523-34-02 Gasket, Connector; Yamaha 300 - 350 Hp 5.3L V8 4-Stroke 09-21";8,76
WSM;555-123;"WSM 555-123 Gasket, Upper Casing; Yamaha 25 Hp 2-Stroke 88-09";8,76
WSM;650-630;"WSM 650-630 Gear Lube Pump; Universal";8,76
WSM;986-400;"WSM 986-400 Locking Nut, Nylon, Tilt Tube; Johnson / Evinrude / Mercury";8,76
WSM;552-30T;"WSM 552-30T Oil Seal; Yamaha 40 / 50 Hp 84-09";8,76
WSM;58-200;"WSM 58-200 Piston Ring; KTM / Husqvarna / Gas Gas 50 SX / TC / MC 09-26";8,76
WSM;447-412;"WSM 447-412 Seal, Double Lip Drive Shaft; Johnson / Evinrude 85 - 150 Hp";8,76
WSM;781-100-01;"WSM 781-100-01 Thermostat Spring; Evinrude 200 - 300 Hp E-Tec / FFI";8,78
WSM;010-272-02BLK;"WSM 010-272-02BLK Rod Bearing; Yamaha 150 - 300Hp 2.8 / 4.2 Liter 09-22 4-Stroke Black";8,8
WSM;010-272-02PINK;"WSM 010-272-02PINK Rod Bearing; Yamaha 150 - 300Hp 2.8 / 4.2 Liter 09-22 4-Stroke Pink";8,8
WSM;010-272-02RED;"WSM 010-272-02RED Rod Bearing; Yamaha 150 - 300Hp 2.8 / 4.2 Liter 09-22 4-Stroke Red";8,8
WSM;520-08;"WSM 520-08 	Gasket, Exhaust; Johnson / Evinrude 150 - 235 Hp Cross Flow 76-79";8,86
WSM;010-194;"WSM 010-194 Balance Shaft Thrust Ring; Sea-Doo 1503 / 1630 4-Tec 03-26 (Pair)";8,86
WSM;09-2101E;"WSM 09-2101E Brake Shoes, Front & Rear; Yamaha 50 - 250";8,86
WSM;009-741T;"WSM 009-741T Crankshaft Oil Seal; Kawasaki 1200 STX-R / Ultra 150 99-05";8,86
WSM;009-740T;"WSM 009-740T Crankshaft Oil Seal; Kawasaki 1200 Ultra 150 1999";8,86
WSM;009-700;"WSM 009-700 Crankshaft Oil Seal; Yamaha 500 87-93";8,86
WSM;550-03T;"WSM 550-03T Crankshaft Seal; Johnson / Evinrude 85 - 175 Hp 92-06";8,86
WSM;010-205;"WSM 010-205 Drive Line Bearing; Kawasaki 550 - 1500 87-16";8,86
WSM;522-12;"WSM 522-12 Gasket, Exhaust; Force 70 - 90 Hp 91-99";8,86
WSM;523-32;"WSM 523-32 Gasket, Exhaust; Yamaha 200 - 250 Hp V6 4-Stroke 05-21";8,86
WSM;515-51;"WSM 515-51 Gasket, Throttle Body / Reed Plate; Johnson / Evinrude 75 / 90 Hp E-Tec 04-15";8,86
WSM;007-335;"WSM 007-335 Intake Manifold Gasket; Kawasaki 1200 / 1500 03-22";8,86
WSM;003-720-01A;"WSM 003-720-01A Jet Pump Filter; Sea-Doo 900 / 1503 / 1630 04-26";8,86
WSM;009-735T;"WSM 009-735T Jet Pump Oil Seal; Kawasaki 900 - 1500 96-04";8,86
WSM;003-700-01;"WSM 003-700-01 Jet Pump Water Outlet; Sea-Doo 580 - 800 93-02";8,86
WSM;006-565;"WSM 006-565 Oil Filter; Yamaha 15 - 70 Hp / 350 - 1200 06-26";8,86
WSM;550-77;"WSM 550-77 Oil Seal, Crankshaft; Force 40 / 50 Hp 92-99";8,86
WSM;550-33;"WSM 550-33 Oil Seal, Crankshaft; Mercury / Mariner 3.5 - 60 Hp 70-14";8,86
WSM;300-200;"WSM 300-200 Piston Pin; Chrysler / Force 50 - 125 Hp";8,86
WSM;300-205;"WSM 300-205 Piston Pin; Chrysler / Force 70 - 150 Hp";8,86
WSM;300-133;"WSM 300-133 Piston Pin; Johnson / Evinrude 85 - 235 Hp";8,86
WSM;300-28;"WSM 300-28 Piston Pin; Mercury / Mariner 115 - 150 Hp 2.5L Optimax";8,86
WSM;300-04;"WSM 300-04 Piston Pin; Mercury / Mariner 15 - 25 Hp";8,86
WSM;300-05;"WSM 300-05 Piston Pin; Mercury / Mariner 20 - 50 Hp";8,86
WSM;300-15;"WSM 300-15 Piston Pin; Mercury / Mariner 50 - 150 Hp Cross Flow 73-90";8,86
WSM;010-764;"WSM 010-764 Piston Pin; Sea-Doo / Can-Am 900 14-26";8,86
WSM;525-17;"WSM 525-17 Rubber Grommet,Crankcase Plunger; Johnson / Evinrude 40 - 90 Hp E-Tec 04-16";8,86
WSM;012-760;"WSM 012-760 Rubber Washer; Sea-Doo 580 - 800 93-99";8,86
WSM;008-599-12;"WSM 008-599-12 Water Pump Housing Gasket; Sea-Doo 1503 / 1630 4-Tec 02-26";8,86
WSM;368-7126;"WSM 368-7126 Wires, Ignition; Mercury / Mariner 30 - 300 Hp CDM 99-18";8,86
WSM;605-101;"WSM 605-101 Air Filter; Mercury / Mariner 135 - 225 Hp DFI 99-18";8,87
WSM;55-1321;"WSM 55-1321 Oil Filter; Arctic Cat / Kawasaki / Suzuki / Yamaha 350 - 1500 01-26";8,89
WSM;007-573-09;"WSM 007-573-09 Oil Pan Gasket; Sea-Doo / Can-Am 900 14-26";8,89
WSM;010-139;"WSM 010-139 Bearing Needles; Johnson / Evinrude 9.9 - 15 Hp";8,9
WSM;825-500;"WSM 825-500 Block Off Plug, Oil Injection; Mercury / Mariner 150 / 200 Hp V6";8,9
WSM;990-340;WSM 990-340 Brake Spring Hook;8,9
WSM;550-04T;"WSM 550-04T Crankshaft Seal; Johnson / Evinrude 35 - 175 Hp 86-05";8,9
WSM;581-900;"WSM 581-900 Gasket, Valve Cover; Mercruiser / OMC / Volvo 3.0L 4 Cylinder";8,9
WSM;003-750;"WSM 003-750 Jet Pump Zinc Anode; Sea-Doo 900 - 1630 00-26";8,9
WSM;010-137-29;"WSM 010-137-29 Bearing Needles With Washers; Mercury / Mariner V6 105 - 240 Hp";8,93
WSM;010-200-01;"WSM 010-200-01 Drive Line Bearing; Yamaha 500 / 650 90-92";8,93
WSM;010-242;"WSM 010-242 Drive Line Bearing; Yamaha 650 - 1300 90-20";8,93
WSM;2000-433;"WSM 2000-433 Hitch Ball; Carbon Steel 1-7/8'' Ball 1'' x 2-1/2'' Shank";8,93
WSM;2000-432;"WSM 2000-432 Hitch Ball; Carbon Steel 1-7/8'' Ball 3/4'' x 2'' Shank";8,93
WSM;2000-430;"WSM 2000-430 Hitch Ball; Carbon Steel 2'' Ball 1'' x 2-1/2'' Shank";8,93
WSM;2000-431;"WSM 2000-431 Hitch Ball; Carbon Steel 2'' Ball 3/4'' x 2'' Shank";8,93
WSM;010-244;"WSM 010-244 Jet Pump Bearing; Kawasaki 550 JS 82-89";8,93
WSM;650-190;"WSM 650-190 Spool Keel Roller; 5-1/4''";8,93
WSM;600-109-14;"WSM 600-109-14 VST O-Ring; Johnson / Suzuki 70 - 140 Hp 4-Stroke";8,93
WSM;510-34;"WSM 510-34 Gasket, Drive Housing Plate; Mercury / Mariner 175 Hp 76-88";8,98
WSM;007-597-05;"WSM 007-597-05 Oil Cooler Gasket; Yamaha 1000 / 1100 02-15";8,98
WSM;447-417;"WSM 447-417 Oil Seal, Propeller Shaft; Johnson / Evinrude / Mercury / Mariner 65 - 400 Hp";8,98
WSM;010-117;"WSM 010-117 Bearing, Wrist Pin; Kawasaki 750 - 1100 95-11";8,99
WSM;010-125;"WSM 010-125 Bearing, Wrist Pin; Polaris / Sea-Doo 650 / 700 / 900 / 1050 93-04";8,99
WSM;010-128;"WSM 010-128 Bearing, Wrist Pin; Polaris / Yamaha 800 / 1200 / 1300 98-08";8,99
WSM;010-121;"WSM 010-121 Bearing, Wrist Pin; Sea-Doo / Yamaha 500 / 650-800";8,99
WSM;010-120;"WSM 010-120 Bearing, Wrist Pin; Yamaha 650 - 1200 90-20";8,99
WSM;010-225-02BLK;"WSM 010-225-02BLK Crankshaft Main Bearing; Yamaha 1050 16-26";8,99
WSM;010-225-02BRN;"WSM 010-225-02BRN Crankshaft Main Bearing; Yamaha 1050 16-26";8,99
WSM;010-225-02GRN;"WSM 010-225-02GRN Crankshaft Main Bearing; Yamaha 1050 16-26";8,99
WSM;010-225-02PNK;"WSM 010-225-02PNK Crankshaft Main Bearing; Yamaha 1050 16-26";8,99
WSM;010-225-02RD;"WSM 010-225-02RD Crankshaft Main Bearing; Yamaha 1050 16-26";8,99
WSM;010-225-02WHT;"WSM 010-225-02WHT Crankshaft Main Bearing; Yamaha 1050 16-26";8,99
WSM;010-225-02YEL;"WSM 010-225-02YEL Crankshaft Main Bearing; Yamaha 1050 16-26";8,99
WSM;555-54;"WSM 555-54 Gasket, Valve Seat; Yamaha 20 / 25 Hp 2 Cylinder 88-09";8,99
WSM;510-55;"WSM 510-55 Gasket, Base; Chrysler / Force 70 - 140 Hp";9,01
WSM;010-226;"WSM 010-226 Rotary Shaft Bearing; Sea-Doo 580 - 800 89-05";9,01
WSM;600-272;"WSM 600-272 Fuel Filter; Honda / Tohatsu 8 - 90 Hp";9,02
WSM;600-105-01;"WSM 600-105-01 Fuel Pump Repair Kit; Yamaha 115 - 300 Hp";9,05
WSM;61-156;"WSM 61-156 Cable, Throttle; Yamaha 660 Grizzly";9,06
WSM;007-471;"WSM 007-471 Exhaust Manifold Gasket; Polaris 650 / 750 94-95";9,06
WSM;541-35;"WSM 541-35 Gasket Kit, O2 Sensor; Yamaha 150 - 250 Hp 97-15";9,06
WSM;615-135;"WSM 615-135 Oil Filter; Johnson / Suzuki 140 Hp 4-Stroke 02-12";9,07
WSM;550-80;"WSM 550-80 Oil Seal, Crankshaft; Chrysler / Force / Mercury 70 - 140 Hp 77-00";9,07
WSM;516-51;"WSM 516-51 Gasket, Intake; Mercury / Mariner 75 - 125 Hp 1.5L DFI";9,08
WSM;61-107;"WSM 61-107 Cable, Choke; Honda 300 TRX 88-95";9,12
WSM;61-217;"WSM 61-217 Cable, Choke; Polaris 250 - 400 88-01";9,12
WSM;61-499;"WSM 61-499 Cable, Throttle; Honda 125 CR 85-89";9,12
WSM;61-503-12;"WSM 61-503-12 Cable, Throttle; Kawasaki 110 KLX 02-25";9,12
WSM;008-689-06;"WSM 008-689-06 Oil Pump O-Ring; Yamaha 1100 04-15";9,12
WSM;523-31-01;"WSM 523-31-01 Gasket, Exhaust; Yamaha 200 - 250 Hp 4-Stroke 05-21";9,16
WSM;007-518;"WSM 007-518 Exhaust Gasket; Kawasaki 400 -95";9,17
WSM;511-15;"WSM 511-15 Gasket, Base; Yamaha 40 Hp Commercial 90-97";9,17
WSM;007-587;"WSM 007-587 Exhaust Gasket; Sea-Doo 951 98-00";9,23
WSM;447-420;"WSM 447-420 Oil Seal, Propeller Shaft; Honda / Johnson/Evinrude / Force / Mercury/Mariner/Mercruiser 45 - 300 Hp";9,29
WSM;552-64;"WSM 552-64 Oil Seal, Propeller Shaft; Yamaha 225 - 300 Hp 4.2L 13-20";9,31
WSM;61-500;"WSM 61-500 Cable, Throttle; Honda 80 / 85 CR 98-07";9,32
WSM;009-744T;"WSM 009-744T Crankshaft Oil Seal; Kawasaki 1200 / 1500 03-26";9,32
WSM;009-742T;"WSM 009-742T Crankshaft Oil Seal; Kawasaki 1200 STX-R / Ultra 150 00-05";9,32
WSM;009-767T;"WSM 009-767T Crankshaft Oil Seal; Polaris 700 / 800 / 1200 01-04";9,32
WSM;007-293;"WSM 007-293 Exhaust Gasket; Yamaha 1100 / 1200 95-14";9,32
WSM;006-510;"WSM 006-510 Fuel Filter; Sea-Doo 580 - 951 89-05";9,32
WSM;523-31;"WSM 523-31 Gasket, Exhaust; Yamaha 200 - 250 Hp 4-Stroke 05-21";9,32
WSM;010-200;"WSM 010-200 Jet Pump Bearing; Kawasaki 550 - 900 86-02";9,32
WSM;009-737T;"WSM 009-737T Jet Pump Oil Seal; Kawasaki 1100 / 1200 99-04";9,32
WSM;009-737-02T;"WSM 009-737-02T Jet Pump Oil Seal; Kawasaki 900 - 1500 03-26";9,32
WSM;007-328-05;"WSM 007-328-05 Muffler Gasket; Kawasaki 1500 Ultra 250 / 260 07-09";9,32
WSM;008-689-05;"WSM 008-689-05 Oil Pump O-Ring; Yamaha 1100 05-08";9,32
WSM;010-228-02;"WSM 010-228-02 Thrust Bearing; Sea-Doo 580 - 951 89-02";9,32
WSM;012-170;"WSM 012-170 Timing Degree Wheel; Sea-Doo";9,32
WSM;2000-410;"WSM 2000-410 Trailer Coupler; 1-7/8'' x 2''";9,32
WSM;40-106T;"WSM 40-106T Crankshaft Oil Seal; Yamaha 200 Blaster 88-97";9,34
WSM;13-162-44;"WSM 13-162-44 Hose Clamp, Oetiker; 014.5mm-017.0mm 10 Pack";9,35
WSM;009-738;"WSM 009-738 Jet Pump Oil Seal; Kawasaki 750 / 800 93-11";9,36
WSM;601-300;"WSM 601-300 Crankcase Check Valve; Mariner / Yamaha 4 - 300 Hp";9,37
WSM;007-473-01;"WSM 007-473-01 Flywheel Cover Gasket; Polaris 700 - 1200 96-04";9,37
WSM;335-312;"WSM 335-312 Seal, Tilt Dust; Yamaha 115 - 225 Hp 2 / 4 Stroke";9,37
WSM;006-359;"WSM 006-359 Carburetor Needle & Seat; Mikuni SBN 1.2 - Yamaha 800 / 1100 / 1200";9,38
WSM;009-721T;"WSM 009-721T Crankshaft Oil Seal; Kawasaki / Sea-Doo 951 / 1100 97-07";9,38
WSM;010-234-01;"WSM 010-234-01 Jet Pump Bearing; Yamaha 700 - 1300 97-26";9,38
WSM;010-225;"WSM 010-225 Rotary Shaft Bearing; Sea-Doo 580 - 800 89-05";9,38
WSM;700-290;"WSM 700-290 Water Pump Impeller; Johnson / Evinrude 8 - 15 Hp";9,38
WSM;506-13;"WSM 506-13 Gasket, Head Cover; Yamaha 75 - 90 Hp 3 Cylinder 84-09";9,4
WSM;008-683-03;"WSM 008-683-03 Oil Pump O-Ring; Yamaha 1000 02-08";9,4
WSM;30-180;"WSM 30-180 Lever, Brake; Honda 125 / 250 / 300 / 450";9,41
WSM;007-594-20;"WSM 007-594-20 Muffler Gasket; Yamaha 1800 / 1900 09-26";9,42
WSM;13-852;WSM 13-852 Degree Wheel;9,43
WSM;550-44;"WSM 550-44 Oil Seal; Mercury 135 - 400 Hp 6 Cyl Verado";9,43
WSM;650-455;"WSM 650-455 Garboard Plug Set; Brass Plug & Flange";9,46
WSM;61-400;"WSM 61-400 Cable, Brake; Yamaha 200 / 250 Bear Tracker / Blaster / Timberwolf 88-02";9,47
WSM;61-556-03;"WSM 61-556-03 Cable, Clutch; Honda / Suzuki 125 / 250 / 500";9,47
WSM;61-610;"WSM 61-610 Cable, Clutch; Honda 125 CR 00-03";9,47
WSM;61-625-05;"WSM 61-625-05 Cable, Clutch; Kawasaki 125 KX 00-02";9,47
WSM;61-620-10;"WSM 61-620-10 Cable, Clutch; Kawasaki 250 KX 99-04";9,47
WSM;61-660;"WSM 61-660 Cable, Clutch; Yamaha 125 YZ 94-03";9,47
WSM;61-318;"WSM 61-318 Cable, Clutch; Yamaha 350 Warrior 87-04";9,47
WSM;61-650;"WSM 61-650 Cable, Clutch; Yamaha 80 / 85 YZ 97-18";9,47
WSM;61-642-01;"WSM 61-642-01 Cable, Front Brake; Yamaha 50 / 60 81-26";9,47
WSM;61-685-01;"WSM 61-685-01 Cable, Hot Start; Honda 250 / 450 CRF-R/X 02-17";9,47
WSM;61-501-02;"WSM 61-501-02 Cable, Throttle; Honda 125 / 250 / 500 CR 84-03";9,47
WSM;61-110;"WSM 61-110 Cable, Throttle; Honda 350 - 700";9,47
WSM;61-503;"WSM 61-503 Cable, Throttle; Honda 80 CRF-F / XR-R 87-13";9,47
WSM;61-504-01;"WSM 61-504-01 Cable, Throttle; Kawasaki / Suzuki 60 / 65 KX / RM 88-26";9,47
WSM;61-525;"WSM 61-525 Cable, Throttle; Kawaski 80 - 100 89-13";9,47
WSM;61-505-03;"WSM 61-505-03 Cable, Throttle; KTM 50 01-08";9,47
WSM;61-505-07;"WSM 61-505-07 Cable, Throttle; KTM 65 SX 02-08";9,47
WSM;61-536;"WSM 61-536 Cable, Throttle; Suzuki 110 DRZ 03-05";9,47
WSM;61-534;"WSM 61-534 Cable, Throttle; Suzuki 80 / 85 RM";9,47
WSM;61-140;"WSM 61-140 Cable, Throttle; Yamaha 350 Warrior 93-04";9,47
WSM;61-135;"WSM 61-135 Cable, Throttle; Yamaha 350 YFM 87-93";9,47
WSM;61-160;"WSM 61-160 Cable, Throttle; Yamaha 550 / 700 Grizzly 09-15";9,47
WSM;61-154;"WSM 61-154 Cable, Throttle; Yamaha 660 Raptor 01-05";9,47
WSM;61-158;"WSM 61-158 Cable, Throttle; Yamaha 700 Raptor 06-26";9,47
WSM;33-118-01;"WSM 33-118-01 Clutch Cover Gasket; Honda 250 CR 92-01";9,49
WSM;33-100;"WSM 33-100 Clutch Cover Gasket; Honda Honda 80 / 85 CR 87-07";9,49
WSM;33-204;"WSM 33-204 Clutch Cover Gasket; Kawasaki / Suzuki 80 - 112 KX / RM 98-25";9,49
WSM;32-502;"WSM 32-502 Clutch Cover Gasket; Kawasaki 250 Mojave 87-04";9,49
WSM;33-312;"WSM 33-312 Clutch Cover Gasket; KTM / Husqvarna 250 / 350 11-16";9,49
WSM;33-304;"WSM 33-304 Clutch Cover Gasket; KTM / Husqvarna 85 / 105 03-17";9,49
WSM;33-302;"WSM 33-302 Clutch Cover Gasket; KTM 60 / 65 SX / XC 98-08";9,49
WSM;32-608;"WSM 32-608 Clutch Cover Gasket; Suzuki 250 / 300 85-89";9,49
WSM;33-418;"WSM 33-418 Clutch Cover Gasket; Suzuki 250 / 350 DR 90-99";9,49
WSM;33-419;"WSM 33-419 Clutch Cover Gasket; Suzuki 400 DRZ 00-24";9,49
WSM;33-422;"WSM 33-422 Clutch Cover Gasket; Suzuki 450 RMX / RMZ 08-24";9,49
WSM;32-706;"WSM 32-706 Clutch Cover Gasket; Yamaha 350 / 400 YFM 87-13";9,49
WSM;61-511-01;"WSM 61-511-01 Cable, Throttle; Yamaha 250 / 450 WR-F / YZ-F 03-14";9,5
WSM;32-508;"WSM 32-508 Clutch Cover Gasket; Kawasaki 450 KFX / KLX / KX-F 06-19";9,5
WSM;003-124K;"WSM 003-124K Drive Shaft Rubber Boot Kit; Sea-Doo 900 14-19";9,5
WSM;COU220JJ;"WSM COU220JJ Hose Barb; 3/4'' Hose x 3/4'' Male";9,5
WSM;58-100;"WSM 58-100 Piston Ring; Yamaha 85 YZ 02-26";9,5
WSM;010-298-04;"WSM 010-298-04 Upper Thrust Bearing; Yamaha 200 / 250 Hp 3.3L 4-Stroke 02-13 2 Required";9,5
WSM;007-553-01;"WSM 007-553-01 Exhaust Gasket; Sea-Doo 900 / 1630 14-26";9,53
WSM;510-58;"WSM 510-58 Gasket, Base; Force 75 / 90 / 120 Hp";9,54
WSM;003-553;"WSM 003-553 Jet Pump Trim Seal; Sea-Doo 900 Spark 14-26";9,54
WSM;010-270-01BLU;"WSM 010-270-01BLU Lower Main Bearing; Yamaha 150 - 200 / 2.8 Liter 12-22 4-Stroke Blue";9,54
WSM;010-270-01GRN;"WSM 010-270-01GRN Lower Main Bearing; Yamaha 150 - 200 / 2.8 Liter 12-22 4-Stroke Green";9,54
WSM;010-270-01YEL;"WSM 010-270-01YEL Lower Main Bearing; Yamaha 150 - 200 / 2.8 Liter 12-22 4-Stroke Yellow";9,54
WSM;007-301;"WSM 007-301 Base Gasket; Yamaha 1100 / 1200 95-14";9,55
WSM;014-907;"WSM 014-907 Bolt, Magneto; Sea-Doo 1503 / 1630 4-Tec 03-26";9,56
WSM;30-340;"WSM 30-340 Lever, Clutch; Honda 300 TRX-EX 93-06";9,59
WSM;1000-3815BK;"WSM 1000-3815BK Dock Line; 3/8'' x 15' Nylon Black";9,6
WSM;1000-3815BL;"WSM 1000-3815BL Dock Line; 3/8'' x 15' Nylon Blue";9,6
WSM;1000-3815G;"WSM 1000-3815G Dock Line; 3/8'' x 15' Nylon Gold";9,6
WSM;1000-3815NB;"WSM 1000-3815NB Dock Line; 3/8'' x 15' Nylon Navy Blue";9,6
WSM;1000-3815W;"WSM 1000-3815W Dock Line; 3/8'' x 15' Nylon White";9,6
WSM;505-21;"WSM 505-21 Gasket, Head; Johnson / Evinrude 9.9 - 15 Hp 2 Cylinder Cross Flow 74-92";9,61
WSM;600-125-10;"WSM 600-125-10 Fuel Pump Repair Kit; Mariner / Yamaha 2 - 5 Hp";9,62
WSM;518-38;"WSM 518-38 Gasket, Intake; Mercury / Mariner / Yamaha 75 - 100 Hp 4-Stroke 99-05";9,62
WSM;525-18-01;"WSM 525-18-01 Water Deflector; Yamaha 300 - 350 Hp V8 4-Stroke 07-19";9,62
WSM;007-303;"WSM 007-303 Carburetor Gasket; Yamaha 1100 95-98";9,64
WSM;007-448;"WSM 007-448 Magneto Cover Gasket; Tiger Shark 900 / 1000 95-99";9,64
WSM;FSY-015-12;"WSM FSY-015-12 Sprocket, Front; Yamaha 125 / 200";9,64
WSM;FSY-015-13;"WSM FSY-015-13 Sprocket, Front; Yamaha 125 / 200";9,64
WSM;FSY-015-14;"WSM FSY-015-14 Sprocket, Front; Yamaha 125 / 200";9,64
WSM;FSY-011-12;"WSM FSY-011-12 Sprocket, Front; Yamaha 125 / 250 WR / YZ 01-26";9,64
WSM;FSY-011-13;"WSM FSY-011-13 Sprocket, Front; Yamaha 125 / 250 WR / YZ 01-26";9,64
WSM;FSY-011-14;"WSM FSY-011-14 Sprocket, Front; Yamaha 125 / 250 WR / YZ 01-26";9,64
WSM;FSY-015-15;"WSM FSY-015-15 Sprocket, Front; Yamaha 125 YZ 87-04";9,64
WSM;FSY-015-16;"WSM FSY-015-16 Sprocket, Front; Yamaha 125 YZ 87-04";9,64
WSM;575-150;"WSM 575-150 Gear Lube Fitting Assembly; Mercruiser Alpha One Gen II 98-Up";9,65
WSM;600-309;"WSM 600-309 Fuel Filter; Mercury / Mariner 30 - 400 Hp Verado Inline";9,66
WSM;010-234;"WSM 010-234 Jet Pump Bearing; Polaris 650 / 750 SL 92-93";9,66
WSM;010-142-29;"WSM 010-142-29 Bearing Needles With Washers; Mercury / Mariner 65 - 125 Hp";9,67
WSM;61-540-03;"WSM 61-540-03 Cable, Throttle; Yamaha 85 YZ 02-18";9,67
WSM;29-900;"WSM 29-900 Top End Gasket Kit; Kawasaki / Suzuki 50 KDX / JR 78-07";9,67
WSM;29-801;"WSM 29-801 Top End Gasket Kit; KTM 50 SX / Pro Jr / Sr 01-08";9,67
WSM;29-1000;"WSM 29-1000 Top End Gasket Kit; Yamaha 50 PW 90-21";9,67
WSM;700-140;"WSM 700-140 Water Pump Impeller; Chrysler / Force 9.9 / 15 Hp";9,67
WSM;007-329;"WSM 007-329 Exhaust Gasket; Kawasaki 1100 96-04";9,71
WSM;527-91;"WSM 527-91 Seal, Cylinder Crankcase; Yamaha 25 Hp 4-Stroke 98-07";9,73
WSM;58-205;"WSM 58-205 Piston Ring; KTM / Husqvarna / Gas Gas 65 SX / TC / MC 09-26";9,77
WSM;007-594-11;"WSM 007-594-11 Muffler Damper Gasket; Yamaha 1800 08-10";9,8
WSM;615-170;"WSM 615-170 Oil Filter; Mercury 200 - 400 Hp Verado 05-20";9,8
WSM;007-302;"WSM 007-302 Carburetor Gasket; Yamaha 1200 97-14";9,82
WSM;61-122;"WSM 61-122 Cable, Throttle; Yamaha 200 Blaster 88-06";9,83
WSM;600-274;"WSM 600-274 Fuel Filter / Oil; Mercury / Mariner / Yamaha 6 - 15 Hp";9,83
WSM;600-325;"WSM 600-325 Fuel Filter; Honda / Tohatsu 115 - 250 Hp 4-Stroke 02-23";9,83
WSM;30-417;"WSM 30-417 Lever, Clutch; KTM 65 - 990";9,83
WSM;6206C4;"WSM 6206C4 Bearing, Crankshaft; 6206C4";9,85
WSM;61-308;"WSM 61-308 Cable, Clutch; Honda 400 TRX-EX 99-04";9,85
WSM;61-126;"WSM 61-126 Cable, Throttle; Yamaha 200 - 250 / 350 / 600";9,85
WSM;003-124;"WSM 003-124 Drive Shaft Rubber Boot; Sea-Doo 900 14-19";9,85
WSM;011-250;"WSM 011-250 Flush Connector; Yamaha";9,85
WSM;600-306;"WSM 600-306 Fuel Filter; Suzuki 40 - 60 Hp 4-Stroke 10-18";9,85
WSM;012-153;WSM 012-153 Snap Ring Pliers;9,85
WSM;009-904;"WSM 009-904 Crankshaft Oil Seal Kit; Polaris 700 - 1200 96-04";9,86
WSM;600-284;"WSM 600-284 Fuel Filter; Suzuki 150 / 175 Hp 4-Stroke 13-18";9,89
WSM;011-159-01;"WSM 011-159-01 Drain Plug; Sea-Doo 1503 / 1630 15-26";9,9
WSM;007-328;"WSM 007-328 Muffler Gasket; Kawasaki 1100 96-04";9,9
WSM;984-100;"WSM 984-100 Spanner Nut; Mariner / Yamaha 40 - 60 Hp";9,9
WSM;529-100;"WSM 529-100 Gasket, Exhaust Manifold; Mercruiser / GM V8";9,91
WSM;016-210;"WSM 016-210 Carburetor Kit; Suzuki 80 LT 87-06";9,94
WSM;016-301;"WSM 016-301 Carburetor Kit; Yamaha 200 Blaster 88-06";9,94
WSM;615-103;"WSM 615-103 Oil Filter; Mercury / Yamaha 15 - 100 Hp 4-Stroke 95-00";9,94
WSM;550-42;"WSM 550-42 Oil Seal, Crankshaft; Mercury 75 - 300 Hp 4 / 6 Cyl Verado Upper";9,94
WSM;13-162-60;"WSM 13-162-60 Hose Clamp, Oetiker; 020.9mm-024.1mm 10 Pack";9,97
WSM;13-162-64;"WSM 13-162-64 Hose Clamp, Oetiker; 022.4mm-025.6mm 10 Pack";9,97
WSM;600-301;"WSM 600-301 Fuel Filter / Oil Inline; Mercury / Mariner 80 - 300 Hp";10,02
WSM;523-19;"WSM 523-19 Gasket, Exhaust; Mercury / Mariner / Yamaha 75 - 115 Hp 4-Stroke 99-21";10,02
WSM;010-297-01BLU;"WSM 010-297-01BLU Lower Main Bearing; Yamaha 150 Hp 4-Stroke 04-22 Blue";10,02
WSM;010-297-01BRN;"WSM 010-297-01BRN Lower Main Bearing; Yamaha 150 Hp 4-Stroke 04-22 Brown";10,02
WSM;010-297-01GRN;"WSM 010-297-01GRN Lower Main Bearing; Yamaha 150 Hp 4-Stroke 04-22 Green";10,02
WSM;010-297-01RED;"WSM 010-297-01RED Lower Main Bearing; Yamaha 150 Hp 4-Stroke 04-22 Red";10,02
WSM;010-297-01YEL;"WSM 010-297-01YEL Lower Main Bearing; Yamaha 150 Hp 4-Stroke 04-22 Yellow";10,02
WSM;550-76;"WSM 550-76 Oil Seal, Crankshaft; Chrysler / Force 40 - 120 Hp";10,02
WSM;58-210;"WSM 58-210 Piston Ring; KTM / Husqvarna / Gas Gas 85 SX / TC / MC 03-26";10,02
WSM;600-109-12;"WSM 600-109-12 VST O-Ring; Yamaha 150 Hp 4-Stroke";10,02
WSM;61-344;"WSM 61-344 Cable, Clutch; Suzuki 500 Quadracer 87-90";10,03
WSM;008-429-11;"WSM 008-429-11 Oil Cooler O-007-646Ring; Kawasaki 1200 / 1500 STX-F 03-09";10,03
WSM;010-033-01;"WSM 010-033-01 Valve Spring, Intake / Exhaust; Yamaha 1800 / 1900 08-26";10,04
WSM;006-360;"WSM 006-360 Carburetor Needle & Seat; Mikuni SBN 1.5";10,07
WSM;006-361;"WSM 006-361 Carburetor Needle & Seat; Mikuni SBN 2.0";10,07
WSM;006-362;"WSM 006-362 Carburetor Needle & Seat; Mikuni SBN 2.3";10,07
WSM;006-363;"WSM 006-363 Carburetor Needle & Seat; Mikuni SBN 2.5";10,07
WSM;40-105T;"WSM 40-105T Crankshaft Oil Seal; Yamaha 350 Banshee 87-06";10,07
WSM;600-342;WSM 600-342 Fuel Filter: Inline Fuel Filter Kit 1/4 5/16 3/8 Fittings;10,07
WSM;600-295;"WSM 600-295 Fuel Filter; Mercury / Mariner / Yamaha 50 - 115 Hp 4-Stroke 00-06";10,07
WSM;011-925;"WSM 011-925 Shock Support; Sea-Doo 1503 / 1630 4-Tec 09-17";10,07
WSM;700-210;"WSM 700-210 Water Pump Impeller; Mercury 4.5 - 9.8 Hp";10,07
WSM;010-098-01;"WSM 010-098-01 Valve, Piston; Sea-Doo 1503 / 1630 02-26";10,08
WSM;555-55;"WSM 555-55 Gasket, Intake; Mercury 30 - 60 Hp 4 Stroke";10,09
WSM;527-137;"WSM 527-137 O-Ring, Drive Shaft; Yamaha 50 - 300 Hp 2 / 4-Stroke";10,09
WSM;09-2160E;"WSM 09-2160E Brake Shoes, Front & Rear; Yamaha 50 - 350";10,1
WSM;09-2202E;"WSM 09-2202E Brake Shoes, Rear; Kawasaki / Suzuki 80 KFX / LT 87-06";10,1
WSM;007-591;"WSM 007-591 Exhaust Gasket; Yamaha 1200 / 1300 99-08";10,1
WSM;009-702J;"WSM 009-702J Crankshaft Oil Seal; Yamaha 650 - 760 / 1100 / 1200 90-20";10,13
WSM;615-150;"WSM 615-150 Oil Filter; Johnson / Suzuki 150 - 250 Hp 4-Stroke 04-11";10,13
WSM;009-720T;"WSM 009-720T Crankshaft Oil Seal; Polaris 650 - 785 92-00";10,14
WSM;009-780J;"WSM 009-780J Crankshaft Oil Seal; Sea-Doo 580 - 720 89-05";10,14
WSM;550-08;"WSM 550-08 Crankshaft Seal; Johnson / Evinrude 20 - 35 Hp Cross Flow 85-05";10,14
WSM;61-123;"WSM 61-123 Cable, Throttle; Yamaha 200 Blaster 88-06 (Thumb Throttle)";10,15
WSM;007-295;"WSM 007-295 Flywheel Cover Gasket; Yamaha 1100 / 1200 95-14";10,15
WSM;600-278;"WSM 600-278 Fuel Filter; Yamaha 75 - 100 Hp 4-Stroke 99-04";10,15
WSM;600-505;"WSM 600-505 Primer Solenoid Cover; Johnson / Evinrude 40 - 175 Hp";10,15
WSM;PH360-0008;WSM PH360-0008 Relay: Force / Mercury / Mariner / Mercruiser 25 - 300 Hp 92-18;10,15
WSM;600-59-03;"WSM 600-59-03 Gasket, Carburetor; Yamaha 115 - 225 Hp 86-96";10,16
WSM;600-59-02;"WSM 600-59-02 Gasket, Carburetor; Yamaha 115 - 225 Hp 96-10";10,16
WSM;011-516-02;"WSM 011-516-02 Exhaust Bushing; Sea-Doo 800 / 951 99-07 Pack of 2";10,22
WSM;510-36;"WSM 510-36 Gasket, Drive Housing Plate; Mercury / Mariner V6 110 - 200 Hp 00-18";10,24
WSM;33-136-01;"WSM 33-136-01 Clutch Cover Gasket; Honda 450 CRF-X 05-17";10,27
WSM;003-052;"WSM 003-052 Impeller Boot; Sea-Doo 900 / 1503 / 1630 06-26";10,27
WSM;33-126;"WSM 33-126 Clutch Cover Gasket; Honda 250 CRF-R/X 04-17";10,28
WSM;33-202;"WSM 33-202 Clutch Cover Gasket; Kawasaki / Suzuki 65 KX / RM 00-26";10,28
WSM;33-306;"WSM 33-306 Clutch Cover Gasket; KTM / Husqvarna 125 - 200 98-16";10,28
WSM;33-420;"WSM 33-420 Clutch Cover Gasket; Suzuki 450 RMZ 05-07";10,28
WSM;009-902;"WSM 009-902 Crankshaft Oil Seal Kit; Kawasaki 900 / 1100 95-06";10,31
WSM;011-205;"WSM 011-205 Oil Block Off Plate; Kawasaki / Yamaha 650 - 760 86-20";10,31
WSM;011-206;"WSM 011-206 Oil Block Off Plate; Kawasaki / Yamaha 800 - 1200 95-05";10,31
WSM;011-212;"WSM 011-212 Oil Block Off Plate; Mercury / Sea-Doo 580 / 650 / 720 89-05";10,31
WSM;011-211;"WSM 011-211 Oil Block Off Plate; Polaris / Tiger Shark 700 / 900 - 1050 96-04";10,31
WSM;011-208;"WSM 011-208 Oil Block Off Plate; Polaris 650 / 750 / 780 92-97";10,31
WSM;011-213;"WSM 011-213 Oil Block Off Plate; Sea-Doo 800 / 951 95-07";10,31
WSM;011-214;"WSM 011-214 Oil Block Off Plate; Tiger Shark 640 / 770 94-99";10,31
WSM;011-216;"WSM 011-216 Oil Block Off Plate; Yamaha 1100 / 1200 95-05";10,31
WSM;515-30;"WSM 515-30 Gasket, Air Box; Johnson / Evinrude 185 - 225 Hp 86-93";10,32
WSM;68-1311;"WSM 68-1311 Axle Boot; Arctic Cat / Suzuki 250 - 650 91-05";10,34
WSM;68-1312;"WSM 68-1312 Axle Boot; Honda / Kawasaki / Suzuki / Yamaha 300 - 600 88-05";10,34
WSM;68-1313;"WSM 68-1313 Axle Boot; Honda / Kawasaki / Suzuki / Yamaha 300 - 620 87-23";10,34
WSM;68-1314;"WSM 68-1314 Axle Boot; Honda 500 TRX Rubicon 01-04";10,34
WSM;68-1304;"WSM 68-1304 Axle Boot; Kawasaki / Yamaha 660 / 700 03-05";10,34
WSM;68-1305;"WSM 68-1305 Axle Boot; Polaris 250 - 500 91-02";10,34
WSM;68-1308;"WSM 68-1308 Axle Boot; Polaris 335 / 400 - 700 98-04";10,34
WSM;68-1309;"WSM 68-1309 Axle Boot; Polaris 335 / 400 - 700 99-04";10,34
WSM;68-1303;"WSM 68-1303 Axle Boot; Suzuki / Yamaha 500 / 660 02-03";10,34
WSM;007-429;"WSM 007-429 Base Gasket; Kawasaki 550 SX 91-95";10,34
WSM;010-134-26;"WSM 010-134-26 Bearing Needles With Washers; Chysler / Force 20 - 150 HP";10,34
WSM;010-135-28;"WSM 010-135-28 Bearing Needles; Mercury 45 / 50 Hp";10,34
WSM;600-20NS;"WSM 600-20NS Carburetor Needle & Seat; Mercury / Mariner 105 - 225 Hp 2L - 3L";10,34
WSM;600-57NS;"WSM 600-57NS Carburetor Needle & Seat; Mercury / Yamaha 40 - 100 Hp";10,34
WSM;600-55NS;"WSM 600-55NS Carburetor Needle & Seat; Yamaha 75 - 90 Hp";10,34
WSM;004-174-01;"WSM 004-174-01 Coil, Ignition Sealing Cup; Sea-Doo 1503 4-Tec 07-17";10,34
WSM;009-725J;"WSM 009-725J Crankshaft Oil Seal; Kawasaki 900 / 1100 95-06";10,34
WSM;009-702-05J;"WSM 009-702-05J Crankshaft Oil Seal; Yamaha 1000 - 1100 02-26";10,34
WSM;009-703-02T;"WSM 009-703-02T Crankshaft Oil Seal; Yamaha 1200 / 1300 98-08";10,34
WSM;009-709-01;"WSM 009-709-01 Drive Shaft Oil Seal; Yamaha 650 - 1300 90-26";10,34
WSM;007-596-01;"WSM 007-596-01 Exhaust Gasket; Yamaha 1200 99-01";10,34
WSM;006-580;"WSM 006-580 Flame Arrestor Wrap;";10,34
WSM;515-53;"WSM 515-53 Gasket, Throttle Body; Johnson / Evinrude 115 / 130 Hp E-Tec 07-15";10,34
WSM;007-591-04;"WSM 007-591-04 Intake Manifold Gasket; Yamaha 1800 09-23";10,34
WSM;010-239;"WSM 010-239 Jet Pump Bearing; Kawasaki 1100 - 1500 07-16";10,34
WSM;014-603;"WSM 014-603 Nut, Hex Flanged; 10mm Black - Pack Of 10";10,34
WSM;006-551;"WSM 006-551 Oil Pump Screen; Sea-Doo 1503 / 1630 4-Tec 06-26";10,34
WSM;006-550;"WSM 006-550 Oil Pump Screen; Sea-Doo 1503 4-Tec 02-05";10,34
WSM;014-750;"WSM 014-750 Plug, Engine; Sea-Doo 1503 / 1630 03-26 / Can-Am 1000 Defender 6X6 / Traxter 6X6 20-22";10,34
WSM;003-436;"WSM 003-436 Trim VTS Rod; Sea-Doo 1503 4-Tec 04-11";10,34
WSM;007-473-02;"WSM 007-473-02 Water Jacket Cover Gasket; Polaris 800 / 1200 99-04";10,34
WSM;010-272BRN;"WSM 010-272BRN Upper Main Bearing; Yamaha 200 - 300 Hp 4.2 Liter 10-22 4-Stroke Brown";10,39
WSM;010-272GRN;"WSM 010-272GRN Upper Main Bearing; Yamaha 200 - 300 Hp 4.2 Liter 10-22 4-Stroke Green";10,39
WSM;010-272PUR;"WSM 010-272PUR Upper Main Bearing; Yamaha 200 - 300 Hp 4.2 Liter 10-22 4-Stroke Purple";10,39
WSM;010-272RED;"WSM 010-272RED Upper Main Bearing; Yamaha 200 - 300 Hp 4.2 Liter 10-22 4-Stroke Red";10,39
WSM;010-272YEL;"WSM 010-272YEL Upper Main Bearing; Yamaha 200 - 300 Hp 4.2 Liter 10-22 4-Stroke Yellow";10,39
WSM;010-180-30;"WSM 010-180-30 Bearing Needles; Yamaha 25 - 50 Hp";10,4
WSM;600-33-01;"WSM 600-33-01 Carburetor Kit; Johnson / Evinrude 4 / 9.9 - 15 Hp Without Float";10,4
WSM;990-230;"WSM 990-230 Feeler Gauge; Metric";10,4
WSM;600-312;"WSM 600-312 Fuel Filter; Johnson / Evinrude 90 - 175 Hp 60 Degree";10,4
WSM;29-200;"WSM 29-200 Top End Gasket Kit; Kawasaki / Suzuki 50 02-06";10,4
WSM;29-402;"WSM 29-402 Top End Gasket Kit; Kawasaki / Suzuki 80 KFX /  LT 87-06";10,4
WSM;29-710;"WSM 29-710 Top End Gasket Kit; Kawasaki 80 KX 86-87";10,4
WSM;29-400;"WSM 29-400 Top End Gasket Kit; Suzuki 50 / ALT / LT / JR 78-07";10,4
WSM;29-910;"WSM 29-910 Top End Gasket Kit; Suzuki 80 RM 86-88";10,4
WSM;29-913;"WSM 29-913 Top End Gasket Kit; Suzuki 80 RM 91-01";10,4
WSM;29-1005;"WSM 29-1005 Top End Gasket Kit; Yamaha 80 YZ 85-92";10,4
WSM;61-317;"WSM 61-317 Cable, Brake; Yamaha 200 / 250 88-02";10,42
WSM;61-615;"WSM 61-615 Cable, Clutch; Honda 150 CRF-R 07-26";10,42
WSM;61-611-04;"WSM 61-611-04 Cable, Clutch; Honda 250 CR 04-07";10,42
WSM;61-310;"WSM 61-310 Cable, Clutch; Honda 400 TRX-EX 05-07";10,42
WSM;61-600;"WSM 61-600 Cable, Clutch; Honda 80 / 85 CR 84-07";10,42
WSM;61-556-01;"WSM 61-556-01 Cable, Clutch; Kawasaki / Suzuki 80 - 100";10,42
WSM;61-556-04;"WSM 61-556-04 Cable, Clutch; Suzuki 125 / 250 RM 01-03";10,42
WSM;61-554;"WSM 61-554 Cable, Clutch; Suzuki 80 DS 85-00";10,42
WSM;61-556;"WSM 61-556 Cable, Clutch; Suzuki 80 RM 89-01";10,42
WSM;61-680;"WSM 61-680 Cable, Clutch; Yamaha 250 / 450 YZ-F 03-05";10,42
WSM;61-664;"WSM 61-664 Cable, Clutch; Yamaha 250 YZ 06-18";10,42
WSM;61-560-11;"WSM 61-560-11 Cable, Clutch; Yamaha 250 YZ-F 06-08";10,42
WSM;61-324;"WSM 61-324 Cable, Clutch; Yamaha 350 Raptor 04-13";10,42
WSM;61-504-03;"WSM 61-504-03 Cable, Throttle; Kawasaki 125 / 250 KX 92-05";10,42
WSM;61-188;"WSM 61-188 Cable, Throttle; Kawasaki 220 / 250 Bayou";10,42
WSM;61-505-04;"WSM 61-505-04 Cable, Throttle; KTM 50  01-11";10,42
WSM;61-505-06;"WSM 61-505-06 Cable, Throttle; KTM 60 / 65 SX 98-01";10,42
WSM;61-538;"WSM 61-538 Cable, Throttle; Suzuki 125 DRZ 03-26";10,42
WSM;61-142;"WSM 61-142 Cable, Throttle; Yamaha 350 - 450";10,42
WSM;61-152;"WSM 61-152 Cable, Throttle; Yamaha 450 YFZ 12-13";10,42
WSM;61-150;"WSM 61-150 Cable, Throttle; Yamaha 450 YFZ-R / YFZ-X";10,42
WSM;61-540-01;"WSM 61-540-01 Cable, Throttle; Yamaha 80 PW 91-03";10,42
WSM;61-540-02;"WSM 61-540-02 Cable, Throttle; Yamaha 80 YZ 93-01";10,42
WSM;527-115;"WSM 527-115 Seal, Cylinder; Mercury / Mariner / Yamaha 30 / 40 Hp 4-Stroke 01-08";10,43
WSM;010-269-01BLU;"WSM 010-269-01BLU Lower Main Bearing; Yamaha 75 - 90 Hp 4-Stroke 10-17 Blue";10,44
WSM;010-269-01GRN;"WSM 010-269-01GRN Lower Main Bearing; Yamaha 75 - 90 Hp 4-Stroke 10-17 Green";10,44
WSM;010-269-01RED;"WSM 010-269-01RED Lower Main Bearing; Yamaha 75 - 90 Hp 4-Stroke 10-17 Red";10,44
WSM;010-269-01YEL;"WSM 010-269-01YEL Lower Main Bearing; Yamaha 75 - 90 Hp 4-Stroke 10-17 Yellow";10,44
WSM;010-269BLU;"WSM 010-269BLU Upper Main Bearing; Yamaha 75 - 90 Hp 4-Stroke 10-17 Blue";10,44
WSM;010-269GRN;"WSM 010-269GRN Upper Main Bearing; Yamaha 75 - 90 Hp 4-Stroke 10-17 Green";10,44
WSM;010-269RED;"WSM 010-269RED Upper Main Bearing; Yamaha 75 - 90 Hp 4-Stroke 10-17 Red";10,44
WSM;007-542;"WSM 007-542 Exhaust Gasket; Kawasaki 550 SX 91-95";10,48
WSM;009-717-02;"WSM 009-717-02 Jet Pump Oil Seal; Yamaha 1800 / 1900 08-26";10,5
WSM;815-162;"WSM 815-162 Crankshaft Sealing Ring; Chrysler / Force 55 - 150 Hp";10,51
WSM;010-272-01BRN;"WSM 010-272-01BRN Lower Main Bearing; Yamaha 200 - 300 Hp 4.2 Liter 10-22 4-Stroke Brown";10,52
WSM;010-272-01GRN;"WSM 010-272-01GRN Lower Main Bearing; Yamaha 200 - 300 Hp 4.2 Liter 10-22 4-Stroke Green";10,52
WSM;010-272-01PUR;"WSM 010-272-01PUR Lower Main Bearing; Yamaha 200 - 300 Hp 4.2 Liter 10-22 4-Stroke Purple";10,52
WSM;010-272-01RED;"WSM 010-272-01RED Lower Main Bearing; Yamaha 200 - 300 Hp 4.2 Liter 10-22 4-Stroke Red";10,52
WSM;010-272-01YEL;"WSM 010-272-01YEL Lower Main Bearing; Yamaha 200 - 300 Hp 4.2 Liter 10-22 4-Stroke Yellow";10,52
WSM;541-43;"WSM 541-43 Gasket, Crankcase Cover; Yamaha 200 - 300 Hp 4.2L V6 4-Stroke 09-22";10,54
WSM;300-320;"WSM 300-320 Piston Pin; Yamaha 150 Hp 4-Stroke";10,54
WSM;300-335;"WSM 300-335 Piston Pin; Yamaha 200 - 250 Hp 4-Stroke";10,54
WSM;004-713;"WSM 004-713 Battery Strap; 295mm - 11 5/8 Inch";10,55
WSM;20-503;"WSM 20-503 Clutch Cover Gasket; Yamaha 350 Banshee 87-06";10,55
WSM;88-400;"WSM 88-400 Clutch Kit, Complete; Suzuki 50 JR 78-04";10,55
WSM;008-683-21;"WSM 008-683-21 Plenum O-Ring; Yamaha 1050 16-26";10,55
WSM;010-495-15;"WSM 010-495-15 Power Valve Cap; Sea-Doo 800 / 951 95-01";10,55
WSM;600-311;"WSM 600-311 Fuel Filter; Johnson / Suzuki 25 - 140 Hp 4-Stroke";10,56
WSM;600-125-03;"WSM 600-125-03 Fuel Pump Repair Kit; Mercury / Mariner 70 - 115 Hp 85-93";10,56
WSM;600-295K;"WSM 600-295K Fuel Filter Kit; Mercury / Mariner 30 - 60 Hp 4-Stroke";10,57
WSM;13-162-29;"WSM 13-162-29 Hose Clamp, Oetiker; 010.1 mm - 011.8 mm";10,57
WSM;13-162-31;"WSM 13-162-31 Hose Clamp, Oetiker; 010.3mm-012.8mm 10 Pack";10,57
WSM;13-162-32;"WSM 13-162-32 Hose Clamp, Oetiker; 010.8mm-13.3mm 10 Pack";10,57
WSM;13-162-35;"WSM 13-162-35 Hose Clamp, Oetiker; 011.5mm-14.0mm 10 Pack";10,57
WSM;13-162-36;"WSM 13-162-36 Hose Clamp, Oetiker; 012.0mm-14.5mm 10 Pack";10,57
WSM;13-162-38;"WSM 13-162-38 Hose Clamp, Oetiker; 012.8mm-015.3mm 10 Pack";10,57
WSM;13-162-30;"WSM 13-162-30 Hose Clamp, Oetiker; 09.8 mm - 012.3 mm 10pk";10,57
WSM;13-162-72;"WSM 13-162-72 Hose Clamp, Oetiker; 28.5mm-31.6mm 10 Pack";10,57
WSM;13-162-73;"WSM 13-162-73 Hose Clamp, Oetiker; 35.4mm 10 Pack";10,57
WSM;13-162-74;"WSM 13-162-74 Hose Clamp, Oetiker; 37.6mm 10 Pack";10,57
WSM;13-162-75;"WSM 13-162-75 Hose Clamp, Oetiker; 38.1mm 10 Pack";10,57
WSM;006-559K;"WSM 006-559K Oil Filter Kit; Sea-Doo / Can-Am 900 / 1000 14-26";10,57
WSM;447-450;"WSM 447-450 Oil Seal; Force  / Mercruiser / Mercury / Mariner 25 / 200 - 300 Hp";10,57
WSM;011-210;"WSM 011-210 Crank Case Block Off Plate; Kawasaki 650 / 750 86-02";10,61
WSM;009-730-01;"WSM 009-730-01 Seal Carrier Oil Seal; Sea-Doo 580 - 951 90-07";10,63
WSM;30-414;"WSM 30-414 Lever, Clutch; KTM 65 - 990";10,64
WSM;510-09;"WSM 510-09 Gasket, Base; Johnson / Evinrude 185 - 250 Hp V6 / V8 91-01";10,68
WSM;555-83;"WSM 555-83 Gasket, Throttle Body Manifold; Yamaha 115 Hp 1.8L L4 4-Stroke";10,69
WSM;700-510;"WSM 700-510 Water Pump Impeller; Johnson / Suzuki 8 - 15 Hp";10,72
WSM;009-753T;"WSM 009-753T Crankshaft Oil Seal; Kawasaki 650 - 1100 86-11";10,74
WSM;003-510-01;"WSM 003-510-01 Jet Pump Shim; Kawasaki  1100 / 1200 Ultra 99-05";10,74
WSM;600-107-03;"WSM 600-107-03 VST Gasket; Mercury / Mariner 30 - 60 Hp 4-Stroke 02-08";10,74
WSM;810-140;"WSM 810-140 Bolts, Powerhead Mounting; Johnson / Evinrude 60 / 70 Hp 3 Cyl Looper";10,75
WSM;521-25;"WSM 521-25 Gasket, Exhaust; Mercury / Mariner 80 - 125 Hp 4 Cyl 85-06";10,75
WSM;506-26;"WSM 506-26 Gasket, Head Cover; Yamaha 30 Hp 2 Cylinder 93-97";10,78
WSM;33-220;"WSM 33-220 Clutch Cover Gasket; Kawasaki 250 / 300 KLX 94-26";10,79
WSM;523-13;"WSM 523-13 Gasket, Exhaust; Yamaha 115 / 130 Hp 92-10";10,8
WSM;505-35;"WSM 505-35 Gasket, Head Cover; Mercury / Mariner 80 / 100 / 115 / 125 Hp 4 Cyl 94-05";10,8
WSM;2000-415;"WSM 2000-415 Trailer Coupler; 1-7/8'' x 3''";10,8
WSM;003-438;"WSM 003-438 Trim Rod; Sea-Doo 951 GSX / XP 97-04";10,8
WSM;09-2055E;WSM 09-2055E Brake Shoes, Rear: Honda 70 ATC 77-85;10,82
WSM;010-215;"WSM 010-215 Crankshaft Bearing; Kawasaki / Yamaha 650 - 750 / 1100";10,85
WSM;010-220;"WSM 010-220 Crankshaft Bearing; Sea-Doo 580 / 650 89-96";10,86
WSM;003-205;"WSM 003-205 Damper; Yamaha 500 Wave Jammer / Wave Runner 89-93";10,86
WSM;007-294;"WSM 007-294 Head Cover Gasket; Yamaha 1100 / 1200 95-14";10,86
WSM;009-731-02;"WSM 009-731-02 Jet Pump Oil Seal; Sea-Doo 900 / 1503 / 1630 03-26";10,86
WSM;600-321;"WSM 600-321 Fuel Filter; Honda / Tohatsu 75 - 90 Hp 4-Stroke";10,88
WSM;30-192;"WSM 30-192 Lever, Brake; Honda 500 TRX Rubicon 01-04";10,93
WSM;445-123;"WSM 445-123 Screen, Water Intake; Johnson / Evinrude 9.9 / 15 Hp Cross Flow 74-92";10,93
WSM;335-310;"WSM 335-310 Trim Down Seal; Yamaha 115 - 300 Hp 2 / 4 Stroke";10,93
WSM;700-161;"WSM 700-161 Water Pump Impeller; Honda 8 / 9.9 Hp BF 02-13";10,93
WSM;007-526-01;"WSM 007-526-01 Carburetor Gasket; Yamaha 760 / 1200 96-14";10,97
WSM;13-162-68;"WSM 13-162-68 Hose Clamp, Oetiker; 27.0-30.1mm 10 Pack";10,97
WSM;FSY-009-12;"WSM FSY-009-12 Sprocket, Front; Kawasaki / Suzuki / Yamaha 80 - 250";10,97
WSM;FSY-009-13;"WSM FSY-009-13 Sprocket, Front; Kawasaki / Suzuki / Yamaha 80 - 250";10,97
WSM;FSY-009-14;"WSM FSY-009-14 Sprocket, Front; Kawasaki / Suzuki / Yamaha 80 - 250";10,97
WSM;FSY-009-15;"WSM FSY-009-15 Sprocket, Front; Kawasaki / Suzuki / Yamaha 80 - 250";10,97
WSM;FSY-007-11;"WSM FSY-007-11 Sprocket, Front; Kawasaki / Yamaha 250 - 660";10,97
WSM;FSY-007-12;"WSM FSY-007-12 Sprocket, Front; Kawasaki / Yamaha 250 - 660";10,97
WSM;FSY-007-13;"WSM FSY-007-13 Sprocket, Front; Kawasaki / Yamaha 250 - 660";10,97
WSM;FSY-007-14;"WSM FSY-007-14 Sprocket, Front; Kawasaki / Yamaha 250 - 660";10,97
WSM;FSY-007-15;"WSM FSY-007-15 Sprocket, Front; Kawasaki / Yamaha 250 - 660";10,97
WSM;FSY-007-16;"WSM FSY-007-16 Sprocket, Front; Kawasaki / Yamaha 250 - 660";10,97
WSM;007-591-03;"WSM 007-591-03 Intake Manifold Gasket; Yamaha 1300 GP-R 03-08";11
WSM;825-500K;"WSM 825-500K Block Off Kit, Oil Injection; Mercury 2 - 2.5L V6";11,03
WSM;33-110;"WSM 33-110 Clutch Cover Gasket; Honda 150 CRF-F 06-17";11,08
WSM;33-138;"WSM 33-138 Clutch Cover Gasket; Honda 450 CRF-R 02-08";11,08
WSM;33-212;"WSM 33-212 Clutch Cover Gasket; Kawasaki 125 KX 94-02";11,08
WSM;32-602;"WSM 32-602 Clutch Cover Gasket; Suzuki 250 Ozark / Quadsport 03-14";11,08
WSM;33-536;"WSM 33-536 Clutch Cover Gasket; Yamaha 450 YFZ / WR-F / YZ-F 03-26";11,08
WSM;700-162;"WSM 700-162 Water Pump Impeller; Honda 8 - 20 Hp 02-13";11,08
WSM;600-10NS;"WSM 600-10NS Carburetor Needle & Seat; Mercury / Mariner 135 - 225 Hp";11,09
WSM;515-52;"WSM 515-52 Gasket, Reed Block; Johnson / Evinrude 115 / 130 Hp E-Tec 07-15";11,09
WSM;007-337-01;"WSM 007-337-01 Intake Manifold Plate Gasket; Kawasaki 1200 STX-12F 03-07";11,11
WSM;950-128;"WSM 950-128 Crankshaft Locking Tool; Sea-Doo 900 Spark 14-26";11,12
WSM;009-789;"WSM 009-789 Crankshaft Oil Seal; Sea-Doo 900 14-21";11,12
WSM;007-314;"WSM 007-314 Exhaust Gasket; Kawasaki 750 STS / STX 96-98";11,14
WSM;13-162-46;"WSM 13-162-46 Hose Clamp, Oetiker; 015.3mm-018.5mm 10 Pack";11,14
WSM;010-297RED;"WSM 010-297RED Bearing, Upper Main; Yamaha 150 Hp 4-Stroke 04-22 Red";11,15
WSM;010-297YEL;"WSM 010-297YEL Bearing, Upper Main; Yamaha 150 Hp 4-Stroke 04-22 Yellow";11,15
WSM;61-504;"WSM 61-504 Cable, Throttle; Kawasaki / Suzuki 50 KDX / JR 78-82/03-06";11,15
WSM;011-512;"WSM 011-512 Exhaust Coupler; Kawasaki 900 STX 97-98";11,15
WSM;505-08;"WSM 505-08 Gasket, Head; Johnson / Evinrude 85 - 140 Hp V4 Cross Flow 73-98";11,15
WSM;09-2209E;"WSM 09-2209E Brake Shoes, Rear; Suzuki 125 / 160 ALT / LT 84-04";11,16
WSM;335-306;"WSM 335-306 Trim Dust Seal; Mercury / Yamaha 200 - 300 Hp 2 / 4 Stroke";11,16
WSM;120-101;"WSM 120-101 Valve Stem Seal; Mercury / Mariner 30 - 60 Hp 4-Stroke 01-08";11,16
WSM;020-251;"WSM 020-251 Toggle Switch, BRP; 35 x 20mm";11,22
WSM;020-252;"WSM 020-252 Toggle Switch, Polaris; 35 x 20mm";11,22
WSM;521-14;"WSM 521-14 Gasket, Exhaust; Mercury / Mariner 50 / 60 Hp 3 Cyl 87-90";11,26
WSM;30-335;"WSM 30-335 Lever, Brake; Honda 200 - 520";11,27
WSM;004-714;"WSM 004-714 Battery Strap; 330mm - 13 Inch";11,28
WSM;010-297GRN;"WSM 010-297GRN Bearing, Upper Main; Yamaha 150 Hp 4-Stroke 04-22";11,28
WSM;010-224BLK;"WSM 010-224BLK Crankshaft Main Bearing; Yamaha 1000 / 1100 02-15";11,28
WSM;010-224BLU;"WSM 010-224BLU Crankshaft Main Bearing; Yamaha 1000 / 1100 02-15";11,28
WSM;010-224GRN;"WSM 010-224GRN Crankshaft Main Bearing; Yamaha 1000 / 1100 02-15";11,28
WSM;010-224RED;"WSM 010-224RED Crankshaft Main Bearing; Yamaha 1000 / 1100 02-15";11,28
WSM;007-573-11;"WSM 007-573-11 Oil Injection Tank Gasket; Sea-Doo / Can-Am 900 14-26";11,29
WSM;009-704-01J;"WSM 009-704-01J Crankshaft Oil Seal; Yamaha 800 / 1200 / 1300 98-08";11,3
WSM;523-37;"WSM 523-37 Gasket, Cylinder Drain; Yamaha 150 - 200 Hp L4 2.8L 4 Stroke";11,3
WSM;13-162-52;"WSM 13-162-52 Hose Clamp, Oetiker; 017.8mm-021.0mm 10 Pac";11,3
WSM;13-162-56;"WSM 13-162-56 Hose Clamp, Oetiker; 019.4mm-022.6mm 10 Pack";11,3
WSM;010-484-02;"WSM 010-484-02 Rotary Shaft Barrel; Sea-Doo 800 95-05";11,3
WSM;510-39;"WSM 510-39 Gasket, Expansion Chamber To Adapter Plate; Mercury 200 - 250 Hp Sport Jet";11,32
WSM;600-34-01;"WSM 600-34-01 Carburetor Float; Johnson / Evinrude 5 - 15 Hp";11,33
WSM;007-447;"WSM 007-447 Magneto Cover Gasket; Tiger Shark 900 - 1100 95-99";11,35
WSM;61-651-05;"WSM 61-651-05 	Cable, Front Brake; Suzuki 110 DRZ 03-05";11,36
WSM;61-556-05;WSM 61-556-05 Cable, Clutch: Suzuki 125 / 250 RM 04-08;11,36
WSM;61-611-03;"WSM 61-611-03 Cable, Clutch; Honda 250 CR 98-03";11,36
WSM;61-612-05;"WSM 61-612-05 Cable, Clutch; Honda 250 CRF-X 04-17";11,36
WSM;61-304;"WSM 61-304 Cable, Clutch; Honda 250 TRX-EX 06-21";11,36
WSM;61-312;"WSM 61-312 Cable, Clutch; Honda 400 TRX-EX";11,36
WSM;61-338;"WSM 61-338 Cable, Clutch; Suzuki 230 / 250 / 350";11,36
WSM;61-535-04;"WSM 61-535-04 Cable, Clutch; Yamaha 250 / 400  WR-F / YZ-F 00-02";11,36
WSM;61-320;"WSM 61-320 Cable, Clutch; Yamaha 250 Raptor 08-13";11,36
WSM;61-560-07;"WSM 61-560-07 Cable, Clutch; Yamaha 250 YZ 99-03";11,36
WSM;61-336;"WSM 61-336 Cable, Clutch; Yamaha 700 Raptor 06-26";11,36
WSM;61-685-03;"WSM 61-685-03 Cable, Hot Start; Suzuki / Yamaha 250 / 450 RMZ / WR-F / YZ-F 03-07";11,36
WSM;61-198;"WSM 61-198 Cable, Throttle; Kawasaki / Suzuki 400 03-08";11,36
WSM;61-190;"WSM 61-190 Cable, Throttle; Kawasaki 250 / 300";11,36
WSM;61-170;"WSM 61-170 Cable, Throttle; Suzuki 250 / 300 LT-F 00-02";11,36
WSM;61-146;"WSM 61-146 Cable, Throttle; Yamaha 250 - 450";11,36
WSM;007-590-01;"WSM 007-590-01 Exhaust Outer Gasket; Yamaha 1200 / 1300 99-08";11,38
WSM;61-168;"WSM 61-168 Cable, Throttle; Suzuki 250 / 300 LT-F";11,45
WSM;601-295;"WSM 601-295 Check Valve, Fuel; Mercury / Mariner 30 - 225 Hp 94-14";11,45
WSM;300-65;"WSM 300-65 Piston Pin; Mercury 65 - 115 4 Cyl 4-Stroke";11,51
WSM;650-154;"WSM 650-154 Trailer Winch Strap; 2'' x 12' w/ Stainless Hook";11,51
WSM;445-315;"WSM 445-315 Gasket, Water Pump; Yamaha 300 -350 Hp";11,53
WSM;30-191;"WSM 30-191 Lever, Brake; Honda 250 TRX-EX 01-05";11,53
WSM;700-325;"WSM 700-325 Water Pump Impeller; Johnson / Evinrude 1.2 - 6 Hp";11,53
WSM;010-190;"WSM 010-190 Crankshaft Main Bearing; Sea-Doo 1503 / 1630 4-Tec 02-26";11,56
WSM;010-190-05;"WSM 010-190-05 Crankshaft Main Bearing; Sea-Doo 1503 / 1630 4-Tec 02-26";11,56
WSM;017-207-01;"WSM 017-207-01 Exhaust Valve; Suzuki 400 - 500 98-25";11,56
WSM;600-315;"WSM 600-315 Fuel Filter; Honda 115 / 130 Hp BF 99-10";11,56
WSM;010-014;"WSM 010-014 Intake Valve; Yamaha 1000 / 1050 16-26";11,56
WSM;552-55;"WSM 552-55 Oil Seal, Propeller Shaft; Yamaha 200 - 300 Hp 3.3 / 4.2L";11,56
WSM;120-110;"WSM 120-110 Valve Stem Seal; Mercury 80 - 400 Hp 4-Stroke";11,56
WSM;700-500;"WSM 700-500 Water Pump Impeller; Evinrude / Suzuki 2 - 8 Hp";11,56
WSM;61-507-10;"WSM 61-507-10 Cable Pull, Throttle; Kawasaki 250 / 600 KL / KLR 85-05";11,6
WSM;008-418-02;"WSM 008-418-02 Crankcase Cover O-Ring; Yamaha 1050 16-26";11,6
WSM;600-314;"WSM 600-314 Fuel Filter; Suzuki 9.9 - 90 Hp 4-Stroke 09-23";11,6
WSM;805-200-04;"WSM 805-200-04 Bolt, Connecting Rod; Force / Mercury / Mariner 20 - 150 Hp (4 Pack)";11,62
WSM;581-920;"WSM 581-920 Gasket, Valve Cover; Mercruiser 4.3L 262 CI.";11,62
WSM;515-25;"WSM 515-25 Gasket, Air Box; Johnson / Evinrude 120 - 140 Hp V4 Looper 85-94";11,64
WSM;13-162-34;"WSM 13-162-34 Hose Clamp, Oetiker; 011.3mm-13.8mm 10 Pack";11,65
WSM;52-227;"WSM 52-227 Piston Pin; Honda 400 / 450 TRX 95-04";11,65
WSM;PH360-0001;"WSM PH360-0001 Relay; Johnson / Evinrude 25 - 300 Hp 81-06";11,66
WSM;PH365-0004;"WSM PH365-0004 Starter Bolts, Zinc Plated; Delco Dichromate";11,66
WSM;PH365-0005;"WSM PH365-0005 Starter Bolts, Zinc Plated; Delco Dichromate";11,66
WSM;007-594-10;"WSM 007-594-10 Muffler Damper Gasket; Yamaha 1800 / 1900 08-26";11,68
WSM;505-50;"WSM 505-50 O-Ring, Cylinder Head; Mercury / Mariner 200 - 300 Hp 3L / 3.2L";11,68
WSM;010-161;"WSM 010-161 Wrist Pin Bearing; Yamaha 200 - 300 Hp 76 Degree";11,68
WSM;007-286;"WSM 007-286 Exhaust Outer Cover Gasket; Yamaha 800 98-05";11,69
WSM;995-125;"WSM 995-125 Gearcase Filler Adaptor; Volvo Duoprop";11,69
WSM;010-118;"WSM 010-118 Bearing, Wrist Pin; Kawasaki 1200 STX-R / Ultra 150 99-05";11,72
WSM;009-787T;"WSM 009-787T Crankshaft Oil Seal; Sea-Doo 951 97-07";11,72
WSM;009-788T;"WSM 009-788T Crankshaft Oil Seal; Sea-Doo 951 97-07";11,72
WSM;010-495-10;"WSM 010-495-10 Power Valve Piston; Sea-Doo 800 / 951 95-05";11,72
WSM;505-06;"WSM 505-06 Gasket, Head Cover; Johnson / Evinrude 60 - 75 Hp Looper 73-88";11,78
WSM;010-210;"WSM 010-210 Bearing, Crankshaft; Yamaha 350 / 500 / 1800 87-12";11,81
WSM;505-53;"WSM 505-53 O-Ring, Cylinder Head; Mercury / Mariner 200 - 300 Hp";11,81
WSM;010-120-34;"WSM 010-120-34 Bearing, Needles With Washers; Mercury / Mariner 70 - 125 / 200 - 300 Hp";11,83
WSM;986-210;"WSM 986-210 Bushing, Tilt Tube; Yamaha  75 - 300 Hp";11,83
WSM;600-15;"WSM 600-15 Carburetor Kit; Mercury / Mariner 30 - 125 Hp";11,83
WSM;996-220;"WSM 996-220 Connectors, Butt; 14-16 AWG (25 Pack)";11,83
WSM;996-215;"WSM 996-215 Connectors, Butt; 18 - 22 AWG";11,83
WSM;010-206-06;"WSM 010-206-06 Crankshaft Bearing; Polaris 800 Octane / Virage 00-04";11,83
WSM;009-785T;"WSM 009-785T Crankshaft Oil Seal; Sea-Doo 800 95-05";11,83
WSM;007-322;"WSM 007-322 Exhaust Gasket; Kawasaki 750 STS / STX 96-98";11,83
WSM;011-430;"WSM 011-430 Exhaust Hose; Sea-Doo 951 98-02";11,83
WSM;006-540;"WSM 006-540 Fuel Filter; Yamaha 500 - 1200 89-20";11,83
WSM;541-32;"WSM 541-32 Gasket, Bypass; Yamaha 200 - 250 Hp 90-05";11,83
WSM;010-192;"WSM 010-192 Lower Rod Bearing; Sea-Doo 1503 / 1630 4-Tec 02-26 / Can-Am 500 / 650 Quest / Traxter 02-05 (Pair)";11,83
WSM;010-192-05;"WSM 010-192-05 Lower Rod Bearing; Sea-Doo 1503 / 1630 4-Tec 02-26 / Can-Am 500 / 650 Quest / Traxter 02-05 (Pair)";11,83
WSM;007-597-04;"WSM 007-597-04 Oil Cooler Gasket; Yamaha 1100 05-11";11,83
WSM;008-689-09;"WSM 008-689-09 Oil Cooler O-Ring; Yamaha 1000 / 1100 02-10";11,83
WSM;300-20;"WSM 300-20 Piston Pin; Mercury / Mariner / Sea-Doo 105 - 210 / 2500 90-05";11,83
WSM;300-30;"WSM 300-30 Piston Pin; Mercury / Mariner 135 - 200 Hp 00-05";11,83
WSM;300-10;"WSM 300-10 Piston Pin; Mercury / Mariner 175 - 225 Hp";11,83
WSM;300-45;"WSM 300-45 Piston Pin; Mercury / Mariner 200 - 300 Hp 2.5 / 3.0L 94-08";11,83
WSM;300-06;"WSM 300-06 Piston Pin; Mercury / Mariner 30 - 60 Hp 94-07";11,83
WSM;300-07;"WSM 300-07 Piston Pin; Mercury / Mariner 45 - 60 Hp 91-97";11,83
WSM;300-27;"WSM 300-27 Piston Pin; Mercury / Mariner 75 - 125 Hp 1.5L Optimax 04-14";11,83
WSM;300-295;"WSM 300-295 Piston Pin; Yamaha 300 Hp HPDI 04-10";11,83
WSM;009-795;"WSM 009-795 Power Valve Oil Seal; Sea-Doo 951 DI 00-07";11,83
WSM;007-399-08;"WSM 007-399-08 Valve Cover Gasket; Sea-Doo / Can-Am 900 / 1000 14-26";11,83
WSM;010-043;"WSM 010-043 Valve Guide, Exhaust; Yamaha 1000 - 1100 02-26";11,83
WSM;010-042;"WSM 010-042 Valve Guide, Intake; Yamaha 1000 - 1100 02-26";11,83
WSM;010-001;"WSM 010-001 Valve Spring Retainer; Sea-Doo 1503 / 1630 4-Tec 02-23 / Can-Am 500 / 650 Quest 02-03 Intake/Exhaust";11,83
WSM;805-106-06;"WSM 805-106-06 Bolt, Connecting Rod; Johnson / Evinrude 20 - 235 Hp (6 Pack)";11,87
WSM;014-345;"WSM 014-345 Bolt, Hex Head; Sea-Doo 951 98-03 Stainless";11,87
WSM;33-218;"WSM 33-218 Clutch Cover Gasket; Kawasaki 250 KDX / KX 90-94";11,87
WSM;33-226-01;"WSM 33-226-01 Clutch Cover Gasket; Kawasaki 250 KX-F 09-16";11,87
WSM;33-406;"WSM 33-406 Clutch Cover Gasket; Suzuki 125 RM 92-00";11,87
WSM;775-100;"WSM 775-100 Thermostat; Johnson / Evinrude 5 - 70 / 120 - 140 / 250 Hp";11,87
WSM;600-271;"WSM 600-271 Fuel Filter; Yamaha 4 - 9.9 Hp 4-Stroke 01-22";11,89
WSM;510-08;"WSM 510-08 Gasket, Base; Johnson / Evinrude 120 - 140 Hp V4 Looper 85-01";11,89
WSM;555-81;"WSM 555-81 Gasket, Intake; Yamaha 115 Hp 4-Stroke 11-14";11,89
WSM;555-80;"WSM 555-80 Gasket, Throttle Body; Yamaha 115 Hp 4-Stroke 11-14";11,89
WSM;29-911;"WSM 29-911 Top End Gasket Kit; Suzuki 80 RM 1989";11,89
WSM;29-914;"WSM 29-914 Top End Gasket Kit; Suzuki 85 RM 02-23";11,89
WSM;710-416;"WSM 710-416 Water Pump Housing; Yamaha 25 - 40 Hp 4-Stroke";11,89
WSM;006-713-50;"WSM 006-713-50 Hose, Polyeurethane; 1/8'' x 50'";11,9
WSM;003-280;"WSM 003-280 Drive Line Rubber Pipe; Yamaha 1100 VX 05-09";11,94
WSM;003-415-04;"WSM 003-415-04 Jet Pump Nose Cone; Sea-Doo 900 / 1503 / 1630 4-Tec 04-26";11,94
WSM;007-335-03;"WSM 007-335-03 Compressor Inlet Gasket; Kawasaki 1500 Ultra 300 / 310 11-26";11,98
WSM;600-290;"WSM 600-290 Fuel Filter; Mercury / Suzuki / Yamaha 150 - 300 Hp";11,99
WSM;008-418-01;"WSM 008-418-01 Generator Cover O-Ring; Yamaha 1000 / 1100 02-15";11,99
WSM;526-26;"WSM 526-26 O-Ring, Cylinder Head; Mercury / Mariner 110 - 240 Hp V6 2.5L";11,99
WSM;600-273;"WSM 600-273 Fuel Filter; Evinrude / Honda / Mercury / Mariner / Nissan / Tohatsu 4 - 100 Hp Inline";12
WSM;1000-3820BK;"WSM 1000-3820BK Dock Line; 3/8'' x 20' Nylon Black";12,04
WSM;1000-3820BL;"WSM 1000-3820BL Dock Line; 3/8'' x 20' Nylon Blue";12,04
WSM;1000-3820G;"WSM 1000-3820G Dock Line; 3/8'' x 20' Nylon Gold";12,04
WSM;1000-3820NB;"WSM 1000-3820NB Dock Line; 3/8'' x 20' Nylon Navy Blue";12,04
WSM;1000-3820W;"WSM 1000-3820W Dock Line; 3/8'' x 20' Nylon White";12,04
WSM;600-109-11;"WSM 600-109-11 VST O-Ring; Yamaha 115 - 350 Hp 4-Stroke";12,04
WSM;61-113-01;"WSM 61-113-01 Cable, Choke; Honda 300 TRX 96-00";12,06
WSM;61-307-01;"WSM 61-307-01 Cable, Choke; Honda 500 TRX Rubicon 4X4 01-04";12,06
WSM;61-501-05;"WSM 61-501-05 Cable, Front Brake; Honda 100 CRF-F / XR 85-13";12,06
WSM;61-103;"WSM 61-103 Cable, Reverse; Honda 125 - 250 85-96";12,06
WSM;003-317;"WSM 003-317 Flywheel Puller; Kawasaki 750 / 800 92-11";12,06
WSM;20-106;"WSM 20-106 Head Gasket; Polaris 400 94-03";12,06
WSM;FSY-008-14;"WSM FSY-008-14 Sprocket, Front; Yamaha 250 08-13";12,06
WSM;775-505;"WSM 775-505 Thermostat; Chrysler / Crusader / Mercruiser 140° F";12,07
WSM;011-509;"WSM 011-509 Exhaust Hose; Kawasaki 1200 / 1500 03-26";12,08
WSM;700-275;"WSM 700-275 Water Pump Impeller; Johnson / Evinrude 18 - 35 Hp";12,11
WSM;506-46-01;"WSM 506-46-01 Gasket, Head Cover; Yamaha 115 Hp L4 1.8L 4-Stroke";12,14
WSM;200-263-05;"WSM 200-263-05 Piston Rings; Yamaha 40 Hp 2 Cyl Commercial .020 Over";12,16
WSM;200-263;"WSM 200-263 Piston Rings; Yamaha 40 Hp 2 Cyl Commercial Standard";12,16
WSM;006-514;"WSM 006-514 Fuel Filter; Kawasaki 400 - 1000 / 1500 12-26";12,19
WSM;517-18;"WSM 517-18 Gasket, Base; Force 35 - 50 Hp 2 Cyl 90-94";12,19
WSM;700-200;"WSM 700-200 Water Pump Impeller; Mercury / Mariner 30 - 70 Hp";12,19
WSM;007-304;"WSM 007-304 Intake Manifold Gasket; Yamaha 1100 / 1200 95-05";12,25
WSM;006-561;"WSM 006-561 Oil Filter; Sea-Doo 1503 / 1630 4-Tec 16-26";12,25
WSM;002-503;"WSM 002-503 Cable End; Sea-Doo 720 - 951 97-03";12,29
WSM;61-611-01;"WSM 61-611-01 Cable, Clutch; Honda 150 / 230 CRF-F 03-19";12,29
WSM;61-612-01;"WSM 61-612-01 Cable, Clutch; Honda 250 CRF-R 04-07";12,29
WSM;61-612-02;"WSM 61-612-02 Cable, Clutch; Honda 250 CRF-R 08-09";12,29
WSM;61-620-08;"WSM 61-620-08 Cable, Clutch; Kawasaki 250 / 600 KLR / KL 85-05";12,29
WSM;61-620-15;"WSM 61-620-15 Cable, Clutch; Kawasaki 300 KLX 97-07";12,29
WSM;61-558;"WSM 61-558 Cable, Clutch; Suzuki 125 DRZ 03-26";12,29
WSM;61-505-09;"WSM 61-505-09 Cable, Throttle; KTM / Husqvarna / GAS GAS 85 - 380 97-26";12,29
WSM;61-540-07;"WSM 61-540-07 Cable, Throttle; Yamaha 250 WR 92-96";12,29
WSM;017-207-02;"WSM 017-207-02 Intake Valve; Suzuki 400 - 500 98-25";12,29
WSM;29-116;"WSM 29-116 Top End Gasket Kit; Honda 250 Odyssey 77-84";12,29
WSM;61-601;"WSM 61-601 Cable, Clutch; Honda 125 CR 87-97";12,31
WSM;61-612-03;"WSM 61-612-03 Cable, Clutch; Honda 250 / 450 CRF-R 09-14";12,31
WSM;61-613;"WSM 61-613 Cable, Clutch; Honda 450 CRF-R 2008";12,31
WSM;61-557-01;"WSM 61-557-01 Cable, Clutch; Kawasaki / Suzuki 250";12,31
WSM;61-625-04;"WSM 61-625-04 Cable, Clutch; Kawasaki 125 KX 1999";12,31
WSM;61-620-11;"WSM 61-620-11 Cable, Clutch; Kawasaki 250 KX 05-07";12,31
WSM;61-349;"WSM 61-349 Cable, Clutch; Suzuki 400 DRZ 00-07";12,31
WSM;61-560-05;"WSM 61-560-05 Cable, Clutch; Yamaha 250 WR-F 03-13";12,31
WSM;61-560-17;"WSM 61-560-17 Cable, Clutch; Yamaha 450 YZ-F 06-08";12,31
WSM;61-332;"WSM 61-332 Cable, Clutch; Yamaha 660 Raptor 01-04";12,31
WSM;61-501-01;"WSM 61-501-01 Cable, Throttle; Honda 100 CRF-F / XR-R 86-13";12,31
WSM;61-501-04;"WSM 61-501-04 Cable, Throttle; Honda 125 CR 04-07";12,31
WSM;61-501;"WSM 61-501 Cable, Throttle; Honda 50 CRF-F / XR / Z 85-26";12,31
WSM;61-200;"WSM 61-200 Cable, Throttle; Kawasaki 450 KFX 08-14";12,31
WSM;61-210;"WSM 61-210 Cable, Throttle; Polaris 325 - 700  02-06";12,31
WSM;61-182;"WSM 61-182 Cable, Throttle; Suzuki 450 LT-R 06-08";12,31
WSM;61-540;"WSM 61-540 Cable, Throttle; Yamaha 125 / 250 YZ 07-26";12,31
WSM;61-128;"WSM 61-128 Cable, Throttle; Yamaha 250 Raptor 08-13";12,31
WSM;61-144;"WSM 61-144 Cable, Throttle; Yamaha 350 Raptor 04-13";12,31
WSM;506-30;"WSM 506-30 Gasket, Head; Yamaha 9.9 / 15 Hp 84-95";12,31
WSM;RSY-040-28;"WSM RSY-040-28 Sprocket, Rear; Kawasaki / Suzuki 50 KDX / JR";12,31
WSM;2000-420;"WSM 2000-420 Trailer Coupler; 2'' x 2''";12,34
WSM;523-14;"WSM 523-14 Gasket, Exhaust; Yamaha 150 - 200 Hp 87-10";12,35
WSM;007-597-03;"WSM 007-597-03 Oil Cooler Gasket; Yamaha 1000 / 1100 02-15";12,35
WSM;506-49-01;"WSM 506-49-01 Gasket, Valve Cover; Yamaha 75 / 90 Hp L4 4-Stroke";12,4
WSM;007-593-10;"WSM 007-593-10 Valve Cover Gasket; Yamaha 1050 16-26";12,4
WSM;COU220NJ;"WSM COU220NJ Hose Barb; 1'' Hose x 3/4'' Male";12,41
WSM;010-119;"WSM 010-119 Bearing, Wrist Pin; Sea-Doo 951 97-07";12,43
WSM;010-124;"WSM 010-124 Bearing, Wrist Pin; Tiger Shark 1000 95-99";12,43
WSM;010-123;"WSM 010-123 Bearing, Wrist Pin; Tiger Shark 640 / 770 / 900 94-99";12,43
WSM;77-520-03;"WSM 77-520-03 Carburetor Boot; Yamaha 350 Banshee 87-06";12,43
WSM;010-220-01;"WSM 010-220-01 Crankshaft Bearing; Sea-Doo / Kawasaki  550 - 650 82-95";12,43
WSM;009-729-01T;"WSM 009-729-01T Crankshaft Oil Seal; Tiger Shark 900 / 1000 95-99";12,43
WSM;009-729T;"WSM 009-729T Crankshaft Oil Seal; Tiger Shark 900 / 1000 95-99";12,43
WSM;007-579-04;"WSM 007-579-04 Exhaust Gasket; Tiger Shark 770 96-99";12,43
WSM;006-541;"WSM 006-541 Fuel Filter; Yamaha 800 / 1200 99-05";12,43
WSM;010-227;"WSM 010-227 Jet Pump Bearing; Sea-Doo 580 - 951 89-07";12,43
WSM;007-290;"WSM 007-290 Mufler Damper Gasket; Yamaha 1100 / 1200 95-44";12,43
WSM;010-228;"WSM 010-228 Seal Carrier Bearing; Sea-Doo 580 - 951 90-07";12,43
WSM;008-683-10;"WSM 008-683-10 Oil Pan O-Ring; Yamaha 1000 02-08";12,44
WSM;016-003;"WSM 016-003 Carburetor Kit; Honda 110 ATC 79-83";12,46
WSM;016-024;"WSM 016-024 Carburetor Kit; Honda 110 ATC 84-85";12,46
WSM;016-025;"WSM 016-025 Carburetor Kit; Honda 125 ATC 84-85";12,46
WSM;016-004;"WSM 016-004 Carburetor Kit; Honda 125 TRX 85-86";12,46
WSM;016-005;"WSM 016-005 Carburetor Kit; Honda 125 TRX 87-88";12,46
WSM;016-026;"WSM 016-026 Carburetor Kit; Honda 185 / 200 ATC 1983";12,46
WSM;016-027;"WSM 016-027 Carburetor Kit; Honda 200 ATC 82-85";12,46
WSM;016-007;"WSM 016-007 Carburetor Kit; Honda 200 ATC-S 84-86";12,46
WSM;016-009;"WSM 016-009 Carburetor Kit; Honda 200 ATC-X 86-87";12,46
WSM;016-036;"WSM 016-036 Carburetor Kit; Honda 200 TRX 1984";12,46
WSM;016-032;"WSM 016-032 Carburetor Kit; Honda 200 TRX 90-91";12,46
WSM;016-033;"WSM 016-033 Carburetor Kit; Honda 200 TRX 92-93";12,46
WSM;016-034;"WSM 016-034 Carburetor Kit; Honda 200 TRX 94-96";12,46
WSM;016-010;"WSM 016-010 Carburetor Kit; Honda 200 TRX-SX 87-88";12,46
WSM;016-014;"WSM 016-014 Carburetor Kit; Honda 250 ATC-R 1985";12,46
WSM;016-012;"WSM 016-012 Carburetor Kit; Honda 250 ATC-R 81-82";12,46
WSM;016-013;"WSM 016-013 Carburetor Kit; Honda 250 ATC-R 83-84";12,46
WSM;016-015;"WSM 016-015 Carburetor Kit; Honda 250 ATC-SX 1985";12,46
WSM;016-028;"WSM 016-028 Carburetor Kit; Honda 250 ATC-SX 86-87";12,46
WSM;016-016;"WSM 016-016 Carburetor Kit; Honda 250 TRX 1985";12,46
WSM;016-017;"WSM 016-017 Carburetor Kit; Honda 250 TRX 86-87";12,46
WSM;016-018;"WSM 016-018 Carburetor Kit; Honda 250 TRX-R 86-87";12,46
WSM;016-021;"WSM 016-021 Carburetor Kit; Honda 300 TRX / TRX-FW 88-90";12,46
WSM;016-029;"WSM 016-029 Carburetor Kit; Honda 300 TRX 91-92";12,46
WSM;016-031;"WSM 016-031 Carburetor Kit; Honda 300 TRX 93-00";12,46
WSM;016-022;"WSM 016-022 Carburetor Kit; Honda 350 ATC-X 1985";12,46
WSM;016-023;"WSM 016-023 Carburetor Kit; Honda 350 TRX 86-88";12,46
WSM;016-035;"WSM 016-035 Carburetor Kit; Honda 70 TRX 86-87";12,46
WSM;016-002;"WSM 016-002 Carburetor Kit; Honda 90 72-78";12,46
WSM;016-106;"WSM 016-106 Carburetor Kit; Kawasaki 250 Mojave 87-04";12,46
WSM;016-110;"WSM 016-110 Carburetor Kit; Kawasaki 400 Prairie 99-02";12,46
WSM;518-37;"WSM 518-37 Gasket, Intake; Mercury / Mariner / Yamaha 115 Hp EFI 4-Stroke 00-11";12,46
WSM;518-40;"WSM 518-40 Gasket, Intake; Mercury / Mariner / Yamaha 200 / 225 Hp 4-Stroke 02-14";12,46
WSM;447-422;"WSM 447-422 Oil Seal, Propeller Shaft; Mercury / Mariner / Mercruiser 30 - 300 Hp";12,46
WSM;61-326;"WSM 61-326 Cable, Clutch; Yamaha 450 YFZ 04-09";12,48
WSM;61-328;"WSM 61-328 Cable, Clutch; Yamaha 450 YFZ-R / YFZ-X";12,48
WSM;007-305;"WSM 007-305 Exhaust Manifold Gasket; Yamaha 1100 95-98";12,49
WSM;61-540-08;"WSM 61-540-08 Cable, Throttle; Yamaha 250 YZ 00-05";12,5
WSM;529-105;"WSM 529-105 Gasket, Exhaust Manifold; Mercruiser / GM V8 Big Block";12,5
WSM;600-460;"WSM 600-460 Fuel Filter,Water Separator; Suzuki 10 Micron";12,54
WSM;445-154;"WSM 445-154 Thrust Bearing; Johnson / Evinrude 40-50 Hp Looper";12,54
WSM;584-105;"WSM 584-105 Valve Cover Bushing; Mercruiser 4.3 Liter V6";12,54
WSM;600-318;"WSM 600-318 Fuel Filter; Suzuki 100 - 200 Hp 4-Stroke 13-23";12,56
WSM;551-21;"WSM 551-21 Oil Seal, Camshaft; Mercury / Yamaha 75 - 350 Hp 4-Stroke 99-22";12,56
WSM;700-160;"WSM 700-160 Water Pump Impeller; Honda 5 - 10 Hp";12,56
WSM;006-558;"WSM 006-558 Oil Filter; Sea-Doo / Can-Am 900 14-26";12,59
WSM;700-265;"WSM 700-265 Water Pump Impeller; Johnson / Evinrude 4 - 8 Hp";12,59
WSM;615-157;"WSM 615-157 Oil Filter; Suzuki 70 - 140 Hp 09-19";12,6
WSM;369-125;"WSM 369-125 Spark Plug Boot; Yamaha 90°";12,6
WSM;30-503;"WSM 30-503 Lever, Brake; Yamaha 450 YFZ 04-09";12,61
WSM;010-138-16;"WSM 010-138-16 Bearing Needles; Force / Mercury / Mariner 35 - 150 Hp";12,65
WSM;09-2010E;"WSM 09-2010E Brake Shoes, Rear; Honda 90 - 250 ATC / TRX 79-25";12,66
WSM;61-506-05;"WSM 61-506-05 Cable Pull, Throttle; Honda 400 XR 96-04";12,66
WSM;61-506-06;"WSM 61-506-06 Cable Push, Throttle; Honda 400 XR 96-04";12,66
WSM;61-685-02;"WSM 61-685-02 Cable, Hot Start; Kawasaki / Suzuki 250 / 450 KX-F / RMZ 04-10";12,66
WSM;016-203;"WSM 016-203 Carburetor Kit; Suzuki 250 Quadracer 85-86";12,66
WSM;33-128;"WSM 33-128 Clutch Cover Gasket; Honda 250 CRF-R 10-17";12,66
WSM;33-200;"WSM 33-200 Clutch Cover Gasket; Kawasaki / Suzuki 60 KX / RM 84-03";12,66
WSM;33-314;"WSM 33-314 Clutch Cover Gasket; KTM 250 EXC-F / SX-F / XC-F 05-13";12,66
WSM;011-518;"WSM 011-518 Exhaust Diffuser; Kawasaki 750 STS / STX 96-98";12,66
WSM;600-276;"WSM 600-276 Fuel Filter; Mercury / Mariner 25 - 90 Hp 4-Stroke Inline";12,66
WSM;011-815;"WSM 011-815 Hood Latch; Sea-Doo 720 - 1503 98-11";12,66
WSM;017-313-01;"WSM 017-313-01 Intake Valve; Yamaha 660 Grizzly / Raptor 01-08";12,66
WSM;29-703;"WSM 29-703 Top End Gasket Kit; Kawasaki / Suzuki 60 KX / RM 85-03";12,66
WSM;29-925;"WSM 29-925 Top End Gasket Kit; Suzuki 125 RM 1991";12,66
WSM;63/22X;"WSM 63/22X Bearing, Crankshaft; C4";12,68
WSM;016-308J;"WSM 016-308J Carburetor Jet Kit; Yamaha 350 Banshee 87-06";12,68
WSM;600-109-01;"WSM 600-109-01 VST O-Ring; Mercury / Yamaha 50 - 90 Hp 4-Stroke 05-21";12,68
WSM;600-107-06;"WSM 600-107-06 VST O-Ring; Mercury / Mariner / Nissan / Tohatsu 25 / 30 Hp 4-Stroke";12,71
WSM;61-105;"WSM 61-105 Cable, Choke; Honda 250 ATC / TRX 85-87";12,77
WSM;61-111;"WSM 61-111 Cable, Foot Brake; Honda 185 - 200 ATC 80-85";12,77
WSM;30-186;"WSM 30-186 Lever, Brake; Honda 450 TRX  04-14";12,78
WSM;61-335;"WSM 61-335 Cable, Hand Brake; Suzuki 400 Eiger 02-07";12,79
WSM;999-105;WSM 999-105 Fuel Bowl Wrench;12,79
WSM;010-015;"WSM 010-015 Intake Valve; Yamaha 1000 / 1100 02-15";12,79
WSM;58-105;"WSM 58-105 Piston Ring; Yamaha 125 YZ 02-26";12,79
WSM;778-100;"WSM 778-100 Sender,Temperature; Mercruiser / OMC";12,79
WSM;778-102;"WSM 778-102 Sender,Temperature; Mercruiser / OMC";12,79
WSM;2000-425;"WSM 2000-425 Trailer Coupler; 2'' x 3''";12,79
WSM;2000-400-01;WSM 2000-400-01 Trailer Jack Replacement Wheel 2'' x 6'';12,79
WSM;2000-100-01L;WSM 2000-100-01L Trailer Light left Side, LED, Under 80'' Submersible;12,79
WSM;2000-100-01R;WSM 2000-100-01R Trailer Light Right Side, LED, Under 80'' Submersible;12,79
WSM;2000-460;WSM 2000-460 Trailer Winch Strap w/ Hook: 15 FT 5000LB Capacity;12,79
WSM;650-155;"WSM 650-155 Trailer Winch Strap; 2'' x 15' w/ Stainless Hook";12,79
WSM;700-405;"WSM 700-405 Water Pump Impeller; Mariner / Yamaha 6 / 8 Hp";12,79
WSM;2000-130;WSM 2000-130 Wire Harness Wishbone;12,79
WSM;1000-1215BK;"WSM 1000-1215BK Dock Line; 1/2'' x 15' Nylon Black";12,82
WSM;1000-1215BL;"WSM 1000-1215BL Dock Line; 1/2'' x 15' Nylon Blue";12,82
WSM;1000-1215G;"WSM 1000-1215G Dock Line; 1/2'' x 15' Nylon Gold";12,82
WSM;1000-1215NB;"WSM 1000-1215NB Dock Line; 1/2'' x 15' Nylon Navy Blue";12,82
WSM;1000-1215W;"WSM 1000-1215W Dock Line; 1/2'' x 15' Nylon White";12,82
WSM;445-125;"WSM 445-125 Screen, Water Intake; Johnson / Evinrude 40 - 70 Hp";12,83
WSM;515-54;"WSM 515-54 Gasket, Reed Block; Johnson / Evinrude 150 - 200 Hp E-Tec 07-12";12,85
WSM;010-202-02;"WSM 010-202-02 Bearing, Crankshaft; Yamaha 350 Banshee 87-06";12,88
WSM;011-513;"WSM 011-513 Exhaust Flange; Kawasaki 900 STX 97-98";12,88
WSM;010-221-01;"WSM 010-221-01 Bearing; Johnson / Evinrude / Mercury / Yamaha  / 1800 / 1900";12,94
WSM;010-206-01;"WSM 010-206-01 Crankshaft Bearing; Chrysler / Force / Johnson / Evinrude / Mercury / Polaris 40 - 1200";12,94
WSM;007-557;"WSM 007-557 Exhaust Gasket; Kawasaki 750 92-99";12,94
WSM;778-104;"WSM 778-104 Sensor,Temperature; Mercury / Mariner 35 - 300 Hp 76-97";13
WSM;007-354;"WSM 007-354 Exhaust Outer Cover Gasket; Yamaha 760 96-00";13,01
WSM;521-32;"WSM 521-32 Gasket, Divider Plate; Mercury / Mariner 110 - 240 Hp";13,03
WSM;521-31;"WSM 521-31 Gasket, Exhaust Plate; Mercury / Mariner 105 - 200 Hp";13,03
WSM;505-15;"WSM 505-15 Gasket, Head; Johnson / Evinrude 20 - 35 Hp 2 Cylinder 79-05";13,03
WSM;516-35;"WSM 516-35 Gasket, Reed Block; Mercury / Mariner 110 - 200 Hp V6 2.5L DFI";13,03
WSM;29-640;"WSM 29-640 Top End Gasket Kit; Honda 250 CR 1986";13,03
WSM;29-711;"WSM 29-711 Top End Gasket Kit; Kawasaki 80 KX 88-89";13,03
WSM;29-800;"WSM 29-800 Top End Gasket Kit; KTM 50 98-01";13,03
WSM;29-1014;"WSM 29-1014 Top End Gasket Kit; Yamaha 125 YZ 1993";13,03
WSM;29-1012;"WSM 29-1012 Top End Gasket Kit; Yamaha 125 YZ 90-91";13,03
WSM;29-1013;"WSM 29-1013 Top End Gasket Kit; Yamaha 125 YZ 92";13,03
WSM;29-1015;"WSM 29-1015 Top End Gasket Kit; Yamaha 125 YZ 94-97";13,03
WSM;29-1016;"WSM 29-1016 Top End Gasket Kit; Yamaha 125 YZ 98-01";13,03
WSM;29-1008;"WSM 29-1008 Top End Gasket Kit; Yamaha 80 / 85 YZ 93-18";13,03
WSM;29-1007;"WSM 29-1007 Top End Gasket Kit; Yamaha 80 YZ 93-01";13,03
WSM;447-414;"WSM 447-414 Oil Seal, Propeller Shaft; Johnson / Evinrude 90 - 250 Hp 95-98";13,04
WSM;61-620-18;"WSM 61-620-18 Cable, Clutch; Kawasaki 450 KX-F 06-08";13,06
WSM;61-655;"WSM 61-655 Cable, Front Brake; Honda 200 XR 84-02";13,06
WSM;61-192;"WSM 61-192 Cable, Throttle; Kawasaki 360 Prairie 4X4 03-12";13,06
WSM;518-23;"WSM 518-23 Gasket, Intake; Yamaha 150 - 225 Hp 87-09";13,06
WSM;584-110-12K;"WSM 584-110-12K Valve Stem O-Ring Kit; Mercruiser / OMC 12 pack";13,06
WSM;33-226-02;"WSM 33-226-02 Clutch Cover Gasket; Kawasaki 250 KX-F 17-20";13,07
WSM;007-573-10;"WSM 007-573-10 Mag Cover Gasket; Sea-Doo / Can-Am 900 14-26";13,07
WSM;016-702;"WSM 016-702 Carburetor Kit; Honda 125 CR 00-01";13,09
WSM;016-044;"WSM 016-044 Carburetor Kit; Honda 400 TRX-EX 99-04";13,09
WSM;016-058;"WSM 016-058 Carburetor Kit; Honda 90 TRX-X 13-20";13,09
WSM;009-907T;"WSM 009-907T Crankshaft Oil Seal Kit; Sea-Doo 800";13,09
WSM;009-702-01J;"WSM 009-702-01J Crankshaft Oil Seal; Yamaha 800 / 1200 / 1300 98-08";13,09
WSM;700-170;"WSM 700-170 Water Pump Impeller; Honda 9.9 / 15 Hp 97-02";13,09
WSM;002-504;"WSM 002-504 Cable End; Sea-Doo 720 - 1630 98-26";13,1
WSM;004-146;"WSM 004-146 Coil, Charge; Yamaha 760 96-00";13,1
WSM;581-935;"WSM 581-935 Gasket, Valve Cover; Mercruiser / OMC Gen VI 7.4L 454 CI.";13,1
WSM;61-113;"WSM 61-113 Cable, Choke; Honda 350 TRX 86-89";13,12
WSM;61-319;"WSM 61-319 Cable, Foot Brake; Yamaha 225 / 350 YFM 86-95";13,12
WSM;61-107-01;"WSM 61-107-01 Cable, Hand Brake; Honda 250 TRX 97-14";13,12
WSM;61-117;"WSM 61-117 Cable, Hand Brake; Honda 420 TRX Rancher 09-14";13,12
WSM;61-349-02;"WSM 61-349-02 Cable, Speedometer; Suzuki 250 - 650 82-26";13,12
WSM;13-162-83;"WSM 13-162-83 Hose Clamp, Oetiker; 48.5mm 10 Pack";13,12
WSM;006-605;"WSM 006-605 Shut Off Valve, Fuel; 5/16''";13,12
WSM;700-393;"WSM 700-393 Water Pump Impeller; Mariner / Yamaha 2 Hp";13,12
WSM;COU1KC;"WSM COU1KC Drain Cock; 1/4''";13,13
WSM;PH360-0006;WSM PH360-0006 Relay: Mercury / Mariner 35 - 60 Hp 87-90;13,13
WSM;PH360-0002;"WSM PH360-0002 Relay; Volvo Penta";13,13
WSM;PH360-0003;"WSM PH360-0003 Relay; Volvo Penta";13,13
WSM;PH360-0004;"WSM PH360-0004 Relay; Volvo Penta";13,13
WSM;PH360-0005;"WSM PH360-0005 Relay; Volvo Penta";13,13
WSM;PH360-0007;"WSM PH360-0007 Relay; Volvo Penta";13,13
WSM;65-988;"WSM 65-988 Sensor, Speed; Kawasaki 360 - 950 02-26";13,15
WSM;986-250;"WSM 986-250 Bushing, Swivel Pin; Force / Mercury 75 - 300 Hp";13,18
WSM;600-275;"WSM 600-275 Fuel Filter; Mercury 120 - 240 Hp V6 Sport Jet";13,18
WSM;30-194;"WSM 30-194 Lever, Brake; Honda 500 TRX Foreman 05-11";13,2
WSM;30-416;"WSM 30-416 Lever, Clutch; KTM / Husqvarna 125 - 530";13,2
WSM;447-425;"WSM 447-425 Oil Seal, Propeller Shaft; Force / Honda / Mercury / Mariner 30 - 225 Hp";13,21
WSM;725-155-01;"WSM 725-155-01 Water Pump Plate; Honda / Mercury / Mariner 30 - 350 Hp Rubber Coated";13,21
WSM;770-100K;"WSM 770-100K Water Pump Sleeve Kit; Mercury / Mariner / Yamaha 8 - 15 /  115 - 300 Hp";13,21
WSM;016-001;"WSM 016-001 Carburetor Kit; Honda 70 ATC 78-82";13,24
WSM;010-146;"WSM 010-146 Lower Main Bearing; Mercury / Mariner 15 - 25 Hp";13,25
WSM;010-807K;"WSM 010-807K Piston Kit, Compressor; Sea-Doo 951 DI 00-07";13,25
WSM;985-125-05;"WSM 985-125-05 Flywheel Puller Pressing Screw; Johnson / Evinrude";13,26
WSM;551-22;"WSM 551-22 Oil Seal, Crankshaft; Mercury / Mariner / Yamaha 75 - 115 Hp 4-Stroke 00-14";13,26
WSM;810-120;"WSM 810-120 Bolts, Powerhead Mounting; Johnson / Evinrude 60 - 75 Hp 3 Cyl. Looper (6 Pack)";13,27
WSM;61-620-12;"WSM 61-620-12 Cable, Clutch; Kawasaki 125 / 250 KX / KX-F 04-05";13,27
WSM;61-620-13;"WSM 61-620-13 Cable, Clutch; Kawasaki 250 KX-F 09-10";13,27
WSM;61-620-14;"WSM 61-620-14 Cable, Clutch; Kawasaki 250 KX-F 11-20";13,27
WSM;61-620-19;"WSM 61-620-19 Cable, Clutch; Kawasaki 450 KX-F 09-15";13,27
WSM;61-346;"WSM 61-346 Cable, Clutch; Suzuki 450 LT-R 06-09";13,27
WSM;61-653;"WSM 61-653 Cable, Front Brake; Honda 80 CRF-F / XR 83-13";13,27
WSM;61-108;"WSM 61-108 Cable, Throttle; Honda 300 / 400 TRX";13,27
WSM;61-114;"WSM 61-114 Cable, Throttle; Honda 400 TRX-EX";13,27
WSM;61-202;"WSM 61-202 Cable, Throttle; Kawasaki / Suzuki 650 / 700";13,27
WSM;61-534-03;"WSM 61-534-03 Cable, Throttle; Suzuki 125 RM 99-00";13,27
WSM;61-164;"WSM 61-164 Cable, Throttle; Suzuki 160 LT 89-04";13,27
WSM;61-511;"WSM 61-511 Cable, Throttle; Yamaha 250 - 426 WR-F / YZ-F 00-02";13,27
WSM;010-140-01;"WSM 010-140-01 Bearing Needles With Washers; Johnson / Evinrude 20 - 235 Hp 60 Degree Cross Flow";13,32
WSM;010-151-16;"WSM 010-151-16 Bearing Needles; Mercury / Mariner 70 - 115 / 225 - 300 Hp";13,32
WSM;002-515;"WSM 002-515 Cable Nut; Sea-Doo 900 / 1503 / 1630 4-Tec 09-20";13,32
WSM;950-125;"WSM 950-125 Crankshaft Locking Tool; Sea-Doo 1503 4-Tec 02-09";13,32
WSM;009-911;"WSM 009-911 Crankshaft Oil Seal Kit; Yamaha 650 - 760 / 1100 / 1200";13,32
WSM;009-702-06T;"WSM 009-702-06T Crankshaft Oil Seal; Yamaha 1800 / 1900 08-26";13,32
WSM;550-06T;"WSM 550-06T Crankshaft Seal; Johnson / Evinrude 120 - 140 / 200 - 300 Hp Looper 85-14";13,32
WSM;010-240;"WSM 010-240 Drive Line Bearing; Johnson / Evinrude / Yamaha 20 - 35 / 500 - 1200 89-26";13,32
WSM;007-324;"WSM 007-324 Exhaust Gasket; Kawasaki 900 STX 97-98";13,32
WSM;011-425;"WSM 011-425 Exhaust Hose; Sea-Doo 1503 4-Tec 02-08";13,32
WSM;511-09;"WSM 511-09 Gasket, Base; Yamaha 9.9 Hp 4-Stroke 85-05";13,32
WSM;003-313;"WSM 003-313 Impeller Tool; Honda / Kawasaki  / Sea-Doo / Yamaha 580 - 1200 86-24";13,32
WSM;007-353;"WSM 007-353 Muffler Damper Gasket; Yamaha 760 96-00";13,32
WSM;008-689-11;"WSM 008-689-11 Oil Cooler O-Ring; Yamaha 1800 / 1900 09-26";13,32
WSM;007-327;"WSM 007-327 Oil Pan Gasket; Kawasaki 1200 / 1500 03-26";13,32
WSM;007-597-01;"WSM 007-597-01 Oil Pan Gasket; Yamaha 1100 04-11";13,32
WSM;010-495-05;"WSM 010-495-05 Power Valve Bellow; Sea-Doo 800 / 951 98-05";13,32
WSM;010-495-26;"WSM 010-495-26 Power Valve Cover; Sea-Doo 800 / 951 95-06";13,32
WSM;29-100;"WSM 29-100 Top End Gasket Kit; Honda 70 ATC / TRX 78-87";13,32
WSM;516-40-01;"WSM 516-40-01 Gasket, Reed Block; Mercury / Mariner 200 - 300 Hp DFI / EFI / XS";13,34
WSM;010-271;"WSM 010-271 Lower Main Bearing; Johnson / Evinrude 9.9 - 15 Hp 74-07";13,34
WSM;518-24;"WSM 518-24 Gasket, Intake; Yamaha 150 - 225 Hp 6 Cylinder 96-09";13,37
WSM;61-612-06;"WSM 61-612-06 Cable, Clutch; Honda 250 XR 96-04";13,39
WSM;420-102;"WSM 420-102 Chain, 420 Series; 102 Link";13,39
WSM;420-104;"WSM 420-104 Chain, 420 Series; 104 Link";13,39
WSM;420-106;"WSM 420-106 Chain, 420 Series; 106 Link";13,39
WSM;420-108;"WSM 420-108 Chain, 420 Series; 108 Link";13,39
WSM;420-92;"WSM 420-92 Chain, 420 Series; 92 Link";13,39
WSM;40-106K;"WSM 40-106K Crankshaft Seal Kit; Yamaha 200 Blaster 88-06";13,39
WSM;29-713;"WSM 29-713 Top End Gasket Kit; Kawasaki 80 KX 91-97";13,39
WSM;29-714;"WSM 29-714 Top End Gasket Kit; Kawasaki 80 KX 98-00";13,39
WSM;983-500-01;"WSM 983-500-01 Tilt / Trim Wrench Pins; .160'' Pins 3 Pack";13,4
WSM;983-501;"WSM 983-501 Tilt / Trim Wrench Pins; .172'' Pins";13,4
WSM;983-501-01;"WSM 983-501-01 Tilt / Trim Wrench Pins; .172'' Pins";13,4
WSM;983-502-01;"WSM 983-502-01 Tilt / Trim Wrench Pins; .220'' Pins";13,4
WSM;09-2024E;"WSM 09-2024E Brake Shoes, Front; Honda 300 / 400 TRX 88-00";13,43
WSM;014-1090;"WSM 014-1090 Exhaust Wrap; 2'' x 25' - Black";13,43
WSM;65-100;"WSM 65-100 Starter Solenoid; Honda 250 / 300 TRX 02-21";13,43
WSM;65-130;"WSM 65-130 Starter Solenoid; Yamaha 50 - 125 / 350 / 400 96-13";13,43
WSM;009-914T;"WSM 009-914T Crankshaft Oil Seal Kit; Yamaha 1050";13,44
WSM;09-2222E;"WSM 09-2222E Brake Shoes, Front; Suzuki 230 - 300 LT 85-89";13,45
WSM;33-224-01;"WSM 33-224-01 Clutch Cover Gasket; Kawasaki 250 KX 94-04";13,45
WSM;09-2017E;"WSM 09-2017E Brake Shoes, Front; Honda 200 - 300 TRX 92-26";13,46
WSM;016-101;"WSM 016-101 Carburetor Kit; Kawasaki 220 Bayou 88-02";13,46
WSM;30-284;"WSM 30-284 Lever, Brake; Kawasaki 450 KFX 08-14";13,46
WSM;010-202;"WSM 010-202 Crankshaft Bearing; Sea-Doo 580 89-96";13,49
WSM;007-591-01;"WSM 007-591-01 Intake Manifold Gasket; Yamaha 1200 99-01";13,5
WSM;61-561;"WSM 61-561 Cable, Clutch; Yamaha 125 TT-R 00-26";13,51
WSM;61-185;"WSM 61-185 Cable, Hand Brake; Kawasaki 300 Bayou 89-03";13,51
WSM;600-125-08;"WSM 600-125-08 Fuel Pump Repair Kit; Suzuki 40 - 65 Hp DT 86-98";13,56
WSM;200-60-04;"WSM 200-60-04 Piston Rings; Mercury / Yamaha 25 - 70 Hp 4 Stroke .010 Over";13,6
WSM;200-60-05;"WSM 200-60-05 Piston Rings; Mercury / Yamaha 25 - 70 Hp 4 Stroke .020 Over";13,6
WSM;200-60-06;"WSM 200-60-06 Piston Rings; Mercury / Yamaha 25 - 70 Hp 4 Stroke .030 Over";13,6
WSM;200-60;"WSM 200-60 Piston Rings; Mercury / Yamaha 25 - 70 Hp 4 Stroke Standard";13,6
WSM;516-43;"WSM 516-43 Gasket, Reed Block; Mercury / Mariner 200 / 225 Hp 3L DFI 98-99";13,61
WSM;650-195;"WSM 650-195 Keel Roller; 8'' x 5/8''";13,61
WSM;30-334;"WSM 30-334 Lever, Brake; Yamaha 250 / 450 / 700";13,67
WSM;30-354;"WSM 30-354 Lever, Brake; Honda 250 / 450 CRF-R 07-26";13,68
WSM;13-200;"WSM 13-200 Cable Ties, Radius Head; 8'' 100 Per Pack";13,72
WSM;016-703;"WSM 016-703 Carburetor Kit; Honda 125 CR 02-03";13,75
WSM;016-006;"WSM 016-006 Carburetor Kit; Honda 185 / 200 ATC 80-82";13,75
WSM;016-105;"WSM 016-105 Carburetor Kit; Kawasaki 300 Bayou 4x4 89-04";13,75
WSM;016-109;"WSM 016-109 Carburetor Kit; Kawasaki 300 Prairie 99-02";13,75
WSM;016-107;"WSM 016-107 Carburetor Kit; Kawasaki 400 Bayou 4x4 93-95";13,75
WSM;016-108;"WSM 016-108 Carburetor Kit; Kawasaki 400 Bayou 4x4 96-99";13,75
WSM;016-410;"WSM 016-410 Carburetor Kit; Polaris 500 Scrambler / Sportsman 01-13";13,75
WSM;016-213;"WSM 016-213 Carburetor Kit; Suzuki 400 Eiger 02-07";13,75
WSM;016-224;"WSM 016-224 Carburetor Kit; Suzuki 400 King Quad 08-10";13,75
WSM;541-42;"WSM 541-42 Gasket, Crankcase Cover; Yamaha 200 - 250 Hp V6 4-Stroke 05-21";13,75
WSM;710-420;"WSM 710-420 Water Pump Housing; Yamaha 50 - 70 Hp";13,75
WSM;61-651;"WSM 61-651 	Cable, Front Brake; Honda 50 CRF-F 04-26";13,78
WSM;61-652-01;"WSM 61-652-01 	Cable, Front Brake; Suzuki 125 DRZ 08-09";13,78
WSM;61-507-11;"WSM 61-507-11 Cable Push, Throttle; Kawasaki 250 / 600 KL / KLR 85-05";13,78
WSM;61-612-04;"WSM 61-612-04 Cable, Clutch; Honda 250 CRF-R 14-17";13,78
WSM;61-613-02;"WSM 61-613-02 Cable, Clutch; Honda 450 CRF-R 15-18";13,78
WSM;61-612-09;"WSM 61-612-09 Cable, Clutch; Honda 450 CRF-X 05-07";13,78
WSM;61-612-10;"WSM 61-612-10 Cable, Clutch; Honda 450 CRF-X 08-17";13,78
WSM;61-612-11;"WSM 61-612-11 Cable, Clutch; Honda 600 / 650 XR 85-20";13,78
WSM;61-625-06;"WSM 61-625-06 Cable, Clutch; Kawasaki 125 KX 2003";13,78
WSM;61-557-04;"WSM 61-557-04 Cable, Clutch; Suzuki 350 DR / DR-S";13,78
WSM;61-560-13;"WSM 61-560-13 Cable, Clutch; Yamaha 250 / 450 YZ-F 04-18";13,78
WSM;61-656;"WSM 61-656 Cable, Front Brake; Kawasaki / Suzuki 50 JR / KDX 78-06";13,78
WSM;61-504-04;"WSM 61-504-04 Cable, Throttle; Kawasaki 140 KLX 08-23";13,78
WSM;61-505-05;"WSM 61-505-05 Cable, Throttle; KTM 50 SX Jr. / Mini 09-11";13,78
WSM;61-534-02;"WSM 61-534-02 Cable, Throttle; Suzuki 125 / 250 RM 95-00";13,78
WSM;61-536-01;"WSM 61-536-01 Cable, Throttle; Suzuki 250 RM / RMX  93-98";13,78
WSM;61-535-01;"WSM 61-535-01 Cable, Throttle; Suzuki 250 RM 95-96";13,78
WSM;61-540-04;"WSM 61-540-04 Cable, Throttle; Yamaha 125 / 250 YZ 96-98";13,78
WSM;506-11;"WSM 506-11 Gasket, Head Cover; Yamaha 60 / 70 Hp 3 Cylinder 84-08";13,78
WSM;61-560-18;"WSM 61-560-18 Cable, Clutch; Yamaha 450 YZ-F 2009";13,85
WSM;016-042;"WSM 016-042 Carburetor Kit; Honda 250 TRX 97-05";13,85
WSM;61-504-02;"WSM 61-504-02 Cable, Clutch; Kawasaki 125 KX 88-93";13,87
WSM;61-541;"WSM 61-541 Cable, Clutch; Yamaha 250 YZ 2004";13,87
WSM;600-297;"WSM 600-297 Fuel Filter; Yamaha 25 - 115 Hp 4-Stroke 06-22";13,87
WSM;010-017;"WSM 010-017 Intake Valve; Sea-Doo / Can-Am 900 14-26";13,87
WSM;RSS-001-32;"WSM RSS-001-32 Sprocket, Rear; Kawasaki / Suzuki 50 - 110";13,87
WSM;RSS-001-33;"WSM RSS-001-33 Sprocket, Rear; Kawasaki / Suzuki 50 - 110";13,87
WSM;RSS-001-35;"WSM RSS-001-35 Sprocket, Rear; Kawasaki / Suzuki 50 - 110";13,87
WSM;RSS-001-37;"WSM RSS-001-37 Sprocket, Rear; Kawasaki / Suzuki 50 - 110";13,87
WSM;RSS-001-42;"WSM RSS-001-42 Sprocket, Rear; Kawasaki / Suzuki 50 - 110";13,87
WSM;BR-36S;"WSM BR-36S Starter Brush Kit; OMC / Mercury / Force";13,87
WSM;PH185-BK01;"WSM PH185-BK01 Starter Brush Kit; OMC / Mercury / Force";13,87
WSM;523-28;"WSM 523-28 Gasket, Exhaust; Mercury / Yamaha 30 / 40 Hp 4-Stroke 00-08";13,96
WSM;09-2155E;"WSM 09-2155E Brake Shoes, Front; Yamaha 350 / 400 Big Bear / Kodiak 89-98";13,97
WSM;825-505K;"WSM 825-505K Block Off Kit, Oil Injection; Mercury / Mariner 225 Hp V6 3L 94-01";13,99
WSM;010-173;"WSM 010-173 Crankshaft Repair Sleeve; Kawasaki / Polaris / Sea-Doo 440 - 1100 77-06";14
WSM;010-174;"WSM 010-174 Crankshaft Repair Sleeve; Kawasaki / Sea-Doo 440 / 800 77-03";14
WSM;010-170;"WSM 010-170 Crankshaft Repair Sleeve; Polaris / Sea-Doo 580 - 720 89-05";14
WSM;010-171;"WSM 010-171 Crankshaft Repair Sleeve; Yamaha 500 Wave Jammer / Wave Runner 87-93";14
WSM;010-172;"WSM 010-172 Crankshaft Repair Sleeve; Yamaha 650 - 760 / 1100 / 1200 90-96";14
WSM;007-323;"WSM 007-323 Exhaust Gasket; Kawasaki 900 STX 97-98";14
WSM;009-737-01T;"WSM 009-737-01T Jet Pump Oil Seal; Kawasaki 900 - 1500 96-04";14
WSM;009-771;"WSM 009-771 Jet Pump Oil Seal; Polaris 650 - 1200 94-04";14
WSM;007-573-01;"WSM 007-573-01 Timing Drive Cover Gasket; Sea-Doo 1503 / 1630 4-Tec 02-26";14
WSM;600-109-06;"WSM 600-109-06 VST O-Ring; Yamaha 225 / 250 Hp 4-Stroke";14
WSM;20-221C;"WSM 20-221C Clutch Cover Gasket; Honda 400 TRX-EX / XR-R 96-04";14,03
WSM;09-2015E;"WSM 09-2015E Brake Shoes, Front; Honda 200 - 400 Odyssey / Pilot / TRX 84-90";14,04
WSM;016-019;"WSM 016-019 Carburetor Kit; Honda 250 TRX-R 1988";14,04
WSM;600-125-02;"WSM 600-125-02 Fuel Pump Repair Kit; Force / Mercury 30 - 300 Hp 76-18";14,05
WSM;009-709-02;"WSM 009-709-02 Impeller Shaft Oil Seal; Yamaha 1800 / 1900 08-26";14,06
WSM;650-220;"WSM 650-220 Bow Roller; 3 Piece 3''";14,08
WSM;0600-10-01;WSM 600-10-01 Carburetor Float, Mercury 135 - 225 Hp 78-89;14,08
WSM;009-905T;"WSM 009-905T Crankshaft Oil Seal Kit; Sea-Doo 580 - 720 89-03";14,08
WSM;2000-435;"WSM 2000-435 Hitch Ball Mount; 2'' Receiver 2'' Drop 1'' Hole";14,08
WSM;003-054;"WSM 003-054 Impeller Boot; Sea-Doo 900 Spark 14-26";14,08
WSM;010-016R;"WSM 010-016R Intake Valve; Yamaha 1800 / 1900 08-26";14,08
WSM;010-052K;"WSM 010-052K Seal, Valve Stem, Exhaust; Yamaha 1000 - 1100 02-26 Pack of 8";14,08
WSM;990-130;"WSM 990-130 Tire Iron, Straight; 11''";14,08
WSM;2000-200;"WSM 2000-200 Trailer Bearing Kit; 1-1/16'' Spindle";14,08
WSM;2000-205;"WSM 2000-205 Trailer Bearing Kit; 1-1/16'' To 1-3/8'' Spindle";14,08
WSM;2000-465;WSM 2000-465 Trailer Winch Strap w/ Hook: 20 FT 5000LB Capacity;14,08
WSM;650-160;"WSM 650-160 Trailer Winch Strap; 2'' x 20' w/ Stainless Hook";14,08
WSM;78-130;"WSM 78-130 Fuel Petcock; Universal - 6mm";14,1
WSM;600-113-01;"WSM 600-113-01 Fuel Pump Sleeve; Mercury / Mariner 30 - 300 Hp";14,1
WSM;010-296-02BLU;"WSM 010-296-02BLU Lower Rod Bearing; Mercury / Yamaha 115 Hp 4-Stroke 00-14";14,1
WSM;010-296-02GRN;"WSM 010-296-02GRN Lower Rod Bearing; Mercury / Yamaha 115 Hp 4-Stroke 00-14";14,1
WSM;010-296-02RED;"WSM 010-296-02RED Lower Rod Bearing; Mercury / Yamaha 115 Hp 4-Stroke 00-14";14,1
WSM;010-296-02YEL;"WSM 010-296-02YEL Lower Rod Bearing; Mercury / Yamaha 115 Hp 4-Stroke 00-14";14,1
WSM;010-296-01BLU;"WSM 010-296-01BLU Main Bearing; Mercury / Yamaha 75 - 115 Hp 4-Stroke 99-11";14,1
WSM;010-296-01GRN;"WSM 010-296-01GRN Main Bearing; Mercury / Yamaha 75 - 115 Hp 4-Stroke 99-11";14,1
WSM;010-296-01RED;"WSM 010-296-01RED Main Bearing; Mercury / Yamaha 75 - 115 Hp 4-Stroke 99-11";14,1
WSM;010-296-01YEL;"WSM 010-296-01YEL Main Bearing; Mercury / Yamaha 75 - 115 Hp 4-Stroke 99-11";14,1
WSM;300-325;"WSM 300-325 Piston Pin; Yamaha 150 - 350 Hp 4-Stroke";14,1
WSM;700-295;"WSM 700-295 Water Pump Impeller; Johnson / Evinrude 14 - 35 Hp";14,11
WSM;010-221;"WSM 010-221 Crankshaft Bearing; Sea-Doo 580 - 720 93-05";14,12
WSM;447-458;"WSM 447-458 Oil Seal, Gimbal Bearing; Mercruiser";14,12
WSM;700-115;"WSM 700-115 Water Pump Impeller; Chrysler / Force 75 - 140 Hp";14,12
WSM;700-505;"WSM 700-505 Water Pump Impeller; Johnson / Suzuki 8 - 15 Hp";14,12
WSM;09-2021E;"WSM 09-2021E Brake Shoes, Front; Honda 350 TRX 86-89";14,14
WSM;010-216;"WSM 010-216 Crankshaft Bearing; Kawasaki 650 / 750 87-02";14,14
WSM;009-703J;"WSM 009-703J Crankshaft Oil Seal; Yamaha 650 - 760 / 1100 / 1200 90-20";14,14
WSM;29-615;"WSM 29-615 Top End Gasket Kit; Honda 100 CRF-F / XR 92-13";14,14
WSM;29-641;"WSM 29-641 Top End Gasket Kit; Honda 250 CR 1987";14,14
WSM;29-609;"WSM 29-609 Top End Gasket Kit; Honda 80 CR 92-02";14,14
WSM;29-611;"WSM 29-611 Top End Gasket Kit; Honda 85 CR 03-04";14,14
WSM;29-612;"WSM 29-612 Top End Gasket Kit; Honda 85 CR 05-07";14,14
WSM;29-1017;"WSM 29-1017 Top End Gasket Kit; Yamaha 125 YZ 02-04";14,14
WSM;010-141;"WSM 010-141 Wrist Pin Bearing; Johnson / Evinrude 120 - 300 Hp Looper";14,14
WSM;010-160;"WSM 010-160 Wrist Pin Bearing; Yamaha 115 - 225 Hp";14,14
WSM;700-165;"WSM 700-165 Water Pump Impeller; Honda 9.9 / 15 Hp 88-97";14,15
WSM;001-115;"WSM 001-115 WSM Banner; 3' x 6'";14,17
WSM;016-308;"WSM 016-308 Carburetor Kit; Yamaha 350 Banshee 88-06";14,18
WSM;016-207;"WSM 016-207 Carburetor Kit; Suzuki 250 LT-F 90-96";14,2
WSM;016-209;"WSM 016-209 Carburetor Kit; Suzuki 300 LT-F 91-99";14,2
WSM;61-506-11;"WSM 61-506-11 Cable Pull, Throttle; Honda 650 XR-R 00-07";14,21
WSM;61-506-12;"WSM 61-506-12 Cable Push, Throttle; Honda 650 XR-R 00-07";14,21
WSM;61-610-01;"WSM 61-610-01 Cable, Clutch; Honda 125 98-99";14,21
WSM;61-612-13;"WSM 61-612-13 Cable, Clutch; Honda 650 XR-R 00-07";14,21
WSM;61-557;"WSM 61-557 Cable, Clutch; Suzuki 250 RMZ 2004";14,21
WSM;61-560-12;"WSM 61-560-12 Cable, Clutch; Yamaha 250 YZ-F 09-13";14,21
WSM;61-559;"WSM 61-559 Cable, Clutch; Yamaha 80 YZ 93-96";14,21
WSM;61-685;"WSM 61-685 Cable, Hot Start; Suzuki / Yamaha 450 05-08";14,21
WSM;61-503-11;"WSM 61-503-11 Cable, Throttle; Kawasaki 125 / 200 / 250 / 500 KDX / KX 88-04";14,21
WSM;61-504-09;"WSM 61-504-09 Cable, Throttle; Kawasaki 250 KX 05-07";14,21
WSM;61-341;"WSM 61-341 Cable, Foot Brake; Kawasaki 300 Bayou 89-03";14,22
WSM;61-345;"WSM 61-345 Cable, Foot Brake; Kawasaki 650 / 750 Brute Force 05-07";14,22
WSM;61-317-01;"WSM 61-317-01 Cable, Hand Brake; Yamaha 350 / 400 YFM 93-98";14,22
WSM;61-317-02;"WSM 61-317-02 Cable, Hand Brake; Yamaha 80 Raptor 02-08";14,22
WSM;61-101;"WSM 61-101 Cable, Reverse; Honda 300 TRX 88-00";14,22
WSM;65-102;"WSM 65-102 Starter Solenoid; Honda 300 TRX 88-00";14,22
WSM;65-104;"WSM 65-104 Starter Solenoid; Honda 350 - 520 / 700 04-07 / 15-26";14,22
WSM;010-002-07;"WSM 010-002-07 Valve Spring Seat; Kawasaki 1200 / 1500 4-Stroke 03-26 Intake / Exhaust Lower";14,22
WSM;003-123;"WSM 003-123 Drive Shaft Bellow; Sea-Doo 900 14-21";14,24
WSM;33-226;"WSM 33-226 Clutch Cover Gasket; Kawasaki / Suzuki 250 KX-F / RMZ 04-08";14,26
WSM;33-224-02;"WSM 33-224-02 Clutch Cover Gasket; Kawasaki 250 KX 05-08";14,26
WSM;33-520;"WSM 33-520 Clutch Cover Gasket; Yamaha 250 WR / YZ 90-98";14,26
WSM;600-125-09;"WSM 600-125-09 Fuel Pump Repair Kit; Mariner / Yamaha 6 - 15 Hp";14,28
WSM;700-225;"WSM 700-225 Water Pump Impeller; Force / Mercury 18 - 75 Hp";14,28
WSM;700-215;"WSM 700-215 Water Pump Impeller; Mercury 3.5 - 9.8 Hp";14,28
WSM;016-052;"WSM 016-052 Carburetor Kit; Honda 250 TRX-EX 06-12";14,32
WSM;016-020;"WSM 016-020 Carburetor Kit; Honda 250 TRX-X  87-92";14,32
WSM;016-038;"WSM 016-038 Carburetor Kit; Honda 300 TRX-EX 93-08";14,32
WSM;016-037;"WSM 016-037 Carburetor Kit; Honda 400 TRX-FW 95-03";14,32
WSM;016-041;"WSM 016-041 Carburetor Kit; Honda 90 TRX 93-98";14,32
WSM;016-047;"WSM 016-047 Carburetor Kit; Honda 90 TRX 99-05";14,32
WSM;016-114;"WSM 016-114 Carburetor Kit; Kawasaki 80 KFX 03-06";14,32
WSM;016-411;"WSM 016-411 Carburetor Kit; Polaris 200 Phoenix 05-14";14,32
WSM;016-408;"WSM 016-408 Carburetor Kit; Polaris 500 Scrambler / Sportsman 98-02";14,32
WSM;016-211;"WSM 016-211 Carburetor Kit; Suzuki 250 LT-F 97-99";14,32
WSM;016-223;"WSM 016-223 Carburetor Kit; Suzuki 50 LT-Z 06-09";14,32
WSM;016-212;"WSM 016-212 Carburetor Kit; Suzuki 500 LT-F 98-02";14,32
WSM;016-323;"WSM 016-323 Carburetor Kit; Yamaha 50 Raptor 04-08";14,32
WSM;016-309;"WSM 016-309 Carburetor Kit; Yamaha 80 / 100 89-08";14,32
WSM;003-206;"WSM 003-206 Damper; Yamaha 650 / 700 90-20";14,34
WSM;016-206;"WSM 016-206 Carburetor Kit; Suzuki 250 LT 87-89";14,35
WSM;950-105;"WSM 950-105 Pressure Cap; Sea-Doo 1503 4-Tec 02-07";14,36
WSM;584-172;"WSM 584-172 Rear Main Seal; Mercruiser 4.3 / 5.0 / 5.7L V6 / V8";14,36
WSM;016-202;"WSM 016-202 Carburetor Kit; Suzuki 230 LT 85-88";14,39
WSM;007-471-02;"WSM 007-471-02 Exhaust Manifold Gasket; Polaris 780 95-97";14,41
WSM;010-206-03;"WSM 010-206-03 Crankshaft Bearing; SeaDoo 580 / 650 89-96";14,46
WSM;20-120;"WSM 20-120 Head Gasket; Kawasaki 650 02-13";14,46
WSM;007-406-04;"WSM 007-406-04 Head Gasket; Kawasaki 650 87-96";14,46
WSM;FSY-020-14;"WSM FSY-020-14 Sprocket, Front; Yamaha 350 / 600";14,46
WSM;FSY-020-15;"WSM FSY-020-15 Sprocket, Front; Yamaha 350 / 600";14,46
WSM;09-5297JL;"WSM 09-5297JL Brake Pads, Rear; Suzuki / Yamaha 125 - 600 91-07";14,53
WSM;61-506-03;"WSM 61-506-03 Cable Pull, Throttle; Honda 250 XR 96-04";14,53
WSM;61-506-07;"WSM 61-506-07 Cable Pull, Throttle; Honda 600 XR 88-00";14,53
WSM;61-506-09;"WSM 61-506-09 Cable Pull, Throttle; Honda 650 XR-L 93-20";14,53
WSM;61-506-08;"WSM 61-506-08 Cable Push, Throttle; Honda 600 XR 88-00";14,53
WSM;61-506-10;"WSM 61-506-10 Cable Push, Throttle; Honda 650 XR-L 93-20";14,53
WSM;61-342;"WSM 61-342 Cable, Clutch; Kawasaki / Suzuki 400";14,53
WSM;61-620-05;"WSM 61-620-05 Cable, Clutch; Kawasaki 200 / 220 KDX 89-08";14,53
WSM;61-620-20;"WSM 61-620-20 Cable, Clutch; Kawasaki 250 / 500 KX 88-95";14,53
WSM;61-657;"WSM 61-657 Cable, Front Brake; Kawasaki / Suzuki 60 / 80 / 125 84-07";14,53
WSM;61-658;"WSM 61-658 Cable, Front Brake; Suzuki 80 DS 85-00";14,53
WSM;61-194;"WSM 61-194 Cable, Throttle; Kawasaki 360 Prairie 03-08";14,53
WSM;61-120;"WSM 61-120 Cable, Throttle; Yamaha 125 Breeze 89-01";14,53
WSM;61-542;"WSM 61-542 Cable, Throttle; Yamaha 50 PW 99-26";14,53
WSM;009-704J;"WSM 009-704J Crankshaft Oil Seal; Yamaha 650 - 760 / 1100 / 1200 90-20";14,53
WSM;600-125-06;"WSM 600-125-06 Fuel Pump Repair Kit; Mariner / Nissan / Tohatsu / Yamaha 8 - 50 Hp";14,53
WSM;600-125-12;"WSM 600-125-12 Fuel Pump Repair Kit; Nissan / Tohatsu 4 - 9.8 Hp 02-03";14,53
WSM;600-125-07;"WSM 600-125-07 Fuel Pump Repair Kit; Suzuki 8 - 15 Hp DT 83-97";14,53
WSM;516-31;"WSM 516-31 Gasket, Air Handler; Mercury / Mariner 110 - 250 Hp DFI / EFI 98-18";14,53
WSM;505-70;"WSM 505-70 Gasket, Head; Force 50 Hp 2 Cyl 87-89";14,53
WSM;011-800;"WSM 011-800 Hood Latch; Sea-Doo 720 - 1630 95-20";14,53
WSM;003-415-07;"WSM 003-415-07 Jet Pump Nose Cone; Sea-Doo 900 Spark 14-26";14,53
WSM;007-594-08;"WSM 007-594-08 Oil Pump Gasket; Yamaha 1100 04-15";14,53
WSM;07-7118;WSM 07-7118 Shut off Valve;14,53
WSM;990-105;"WSM 990-105 Snap Ring Plier Set; 4 Piece";14,53
WSM;PH375-AAC01;"WSM PH375-AAC01 Starter Solenoid; Arctic Cat 250 / 300 2x4 / 4x4 98-05";14,53
WSM;PH375-AHN01;"WSM PH375-AHN01 Starter Solenoid; Honda 125 - 300 ATC / TRX 82-00";14,53
WSM;PH375-AHN02;"WSM PH375-AHN02 Starter Solenoid; Honda 90 / 200 - 700 TRX / Pioneer 90-26";14,53
WSM;PH375-MKT01;"WSM PH375-MKT01 Starter Solenoid; KTM 400 - 660 98-07";14,53
WSM;PH375-ASZ02;"WSM PH375-ASZ02 Starter Solenoid; Suzuki 160 - 350 / 650 LT / DR 85-04";14,53
WSM;PH375-MSZ03;"WSM PH375-MSZ03 Starter Solenoid; Suzuki 250 / 350 / 650 DR 93-99";14,53
WSM;PH375-MYA01;"WSM PH375-MYA01 Starter Solenoid; Yamaha 200 / 225 / 600 87-04";14,53
WSM;PH375-AYA01;"WSM PH375-AYA01 Starter Solenoid; Yamaha 50 - 400 / 600 86-13";14,53
WSM;775-125;"WSM 775-125 Thermostat; Johnson / Evinrude 4.5 - 300 Hp";14,53
WSM;29-712;"WSM 29-712 Top End Gasket Kit; Kawasaki 80 KX 1990";14,53
WSM;29-922;"WSM 29-922 Top End Gasket Kit; Suzuki 125 RM 87-88";14,53
WSM;29-926;"WSM 29-926 Top End Gasket Kit; Suzuki 125 RM 92-96";14,53
WSM;29-1002;"WSM 29-1002 Top End Gasket Kit; Yamaha 80 PW 83-06";14,53
WSM;700-394;"WSM 700-394 Water Pump Impeller; Mariner / Yamaha 4 - 6 Hp";14,53
WSM;010-140;"WSM 010-140 Wrist Pin Bearing; Johnson / Evinrude 20 - 235 Hp";14,53
WSM;30-467;"WSM 30-467 Lever, Brake; Arctic Cat / Suzuki 400 / 450";14,56
WSM;615-115;"WSM 615-115 Oil Filter; Mercury / Mariner / Yamaha  8 / 9.9 Hp 4-Stroke 90-05";14,57
WSM;582-310B;"WSM 582-310B Gasket, Intake; Mercruiser / OMC V-6";14,58
WSM;006-560K;"WSM 006-560K Oil Filter Kit; Sea-Doo 1503 4-Tec 02-17";14,58
WSM;29-102;"WSM 29-102 Top End Gasket Kit; Honda 110 ATC 79-85";14,58
WSM;010-147;"WSM 010-147 Upper Main Bearing; Mercury / Mariner 15 - 25 Hp";14,58
WSM;725-325;"WSM 725-325 Water Pump Service Kit; Mercury 4 - 9.8 Hp";14,58
WSM;014-1050;"WSM 014-1050 Wire Terminal Kit; Universal";14,58
WSM;016-103;"WSM 016-103 Carburetor Kit; Kawasaki 300 Bayou 86-88";14,59
WSM;COU1KA;"WSM COU1KA Drain Cock; 1/8''";14,6
WSM;555-10;"WSM 555-10 Drain Plug Gasket; Mercury / Mariner / Yamaha 2 - 350 / 500 - 700 - Pack of 50";14,6
WSM;016-008;"WSM 016-008 Carburetor Kit; Honda 200 ATC-X 83-85";14,65
WSM;016-307;"WSM 016-307 Carburetor Kit; Yamaha 350 Warrior 88-04";14,65
WSM;550-38T;"WSM 550-38T Oil Seal, Crankshaft; Mercury / Mariner 200 - 300 Hp 94-18";14,65
WSM;016-454;"WSM 016-454 Carburetor Kit; Arctic Cat 300 2x4 / 4x4 01-05";14,66
WSM;016-457;"WSM 016-457 Carburetor Kit; Arctic Cat 500 4x4 05-07";14,66
WSM;016-040;"WSM 016-040 Carburetor Kit; Honda 450 TRX 4X4 98-04";14,66
WSM;016-118;"WSM 016-118 Carburetor Kit; Kawasaki 300 Lakota 95-03";14,66
WSM;016-423;"WSM 016-423 Carburetor Kit; Polaris 325 Magnum / Trail Boss 00-02";14,66
WSM;016-424;"WSM 016-424 Carburetor Kit; Polaris 335 Sportsman 99-00";14,66
WSM;016-419;"WSM 016-419 Carburetor Kit; Polaris 50 Outlaw / Predator 07-13";14,66
WSM;016-418;"WSM 016-418 Carburetor Kit; Polaris 50 Predator 05-06";14,66
WSM;016-422;"WSM 016-422 Carburetor Kit; Polaris 90 Outlaw / Sportsman 07-08";14,66
WSM;016-215;"WSM 016-215 Carburetor Kit; Suzuki 250 Ozark 03-09";14,66
WSM;0510-09-02;"WSM 510-09-02 Gasket, Base; Johnson / Evinrude 200 - 300 Hp 3.3 / 3.4L 00-14";14,66
WSM;700-205;"WSM 700-205 Water Pump Impeller; Force / Mercruiser / Mercury 65 - 300 Hp";14,66
WSM;007-591-02;"WSM 007-591-02 Intake Manifold Gasket; Yamaha 1200 01-05";14,69
WSM;RSY-018-35;"WSM RSY-018-35 Sprocket, Rear; Yamaha 50 - 110";14,69
WSM;2000-440;"WSM 2000-440 Hitch Ball Mount; 2'' Receiver 2'' Drop 3/4'' Hole";14,71
WSM;016-404;"WSM 016-404 Carburetor Kit; Polaris 400 94-95";14,75
WSM;006-558K;"WSM 006-558K Oil Filter Kit; Sea-Doo / Can-Am 900 14-26";14,75
WSM;511-13;"WSM 511-13 Gasket, Base; Yamaha 200 - 250 Hp 90-05";14,76
WSM;51-400-04;"WSM 51-400-04 Piston Rings; Suzuki 230 / 250 LT / LT-F 85-02 .25mm Over";14,76
WSM;51-400-05;"WSM 51-400-05 Piston Rings; Suzuki 230 / 250 LT / LT-F 85-02 .5mm Over";14,76
WSM;51-400-06;"WSM 51-400-06 Piston Rings; Suzuki 230 / 250 LT / LT-F 85-02 .75mm Over";14,76
WSM;51-400-07;"WSM 51-400-07 Piston Rings; Suzuki 230 / 250 LT / LT-F 85-02 1mm Over";14,76
WSM;51-400;"WSM 51-400 Piston Rings; Suzuki 230 / 250 LT / LT-F 85-02 Standard";14,76
WSM;300-345;"WSM 300-345 Piston Pin; Yamaha 150 - 300 Hp 4-Stroke 2.8 - 4.2L 09-24";14,77
WSM;003-105-04;"WSM 003-105-04 Drive Shaft Bellow; Sea-Doo 900 Spark 14-21";14,78
WSM;010-015R;"WSM 010-015R Intake Valve; Yamaha 1000 / 1100 02-15";14,78
WSM;010-020R;"WSM 010-020R Intake Valve; Yamaha 1000 / 1100 02-15";14,78
WSM;775-25;"WSM 775-25 Thermostat; Mercury 7.5 - 250 Hp 72-06";14,8
WSM;520-30;"WSM 520-30 	Gasket, Exhaust; Evinrude 60 - 90 Hp E-TEC 04-15";14,81
WSM;68-1300;"WSM 68-1300 Axle Boot; Arctic Cat / Honda / Kawasaki / Suzuki / Yamaha 250 - 700 86-23";14,81
WSM;010-193;"WSM 010-193 Balance Shaft Bearing; Sea-Doo 1503 / 1630 4-Tec 03-26 (Pair)";14,81
WSM;010-158-31;"WSM 010-158-31 Bearing Needles; Yamaha 9.9 / 15 Hp";14,81
WSM;010-202-01;"WSM 010-202-01 Bearing, Crankshaft; Yamaha 350 Banshee 97-06";14,81
WSM;986-500;"WSM 986-500 Cable Grease Nut; Mercury / Mariner 70 - 250 Hp 1-14 Thread";14,81
WSM;600-69-01;"WSM 600-69-01 Carburetor Kit; Mariner / Yamaha 8 - 15 Hp Without Float";14,81
WSM;600-50-01;"WSM 600-50-01 Carburetor Kit; Nissan / Tohatsu / Yamaha 25 / 30 / 75 - 90 Hp Without Float";14,81
WSM;010-281-01;"WSM 010-281-01 Center Main Bearing; Johnson / Evinrude / Force / Mercury / Mariner 25 - 200 Hp";14,81
WSM;996-225;"WSM 996-225 Connectors, Butt; 10-12 AWG 25 pack";14,81
WSM;010-191;"WSM 010-191 Crankshaft Center Main Thrust Ring; Sea-Doo 1503 / 1630 4-Tec 02-26";14,81
WSM;010-191-04;"WSM 010-191-04 Crankshaft Center Main Thrust Ring; Sea-Doo 1503 / 1630 4-Tec 02-26";14,81
WSM;010-191-05;"WSM 010-191-05 Crankshaft Center Main Thrust Ring; Sea-Doo 1503 / 1630 4-Tec 02-26";14,81
WSM;009-912;"WSM 009-912 Crankshaft Oil Seal Kit; Yamaha 800";14,81
WSM;550-09T;"WSM 550-09T Crankshaft Seal; Johnson / Evinrude 20 - 35 Hp 76-05";14,81
WSM;006-509;"WSM 006-509 Fuel Filter; Yamaha 1200 00-14";14,81
WSM;004-805-01F;"WSM 004-805-01F Fuel Pump Filter; Sea-Doo 951 DI";14,81
WSM;004-805-02F;"WSM 004-805-02F Fuel Pump Filter; Sea-Doo 951 DI / 1503 4-Tec 00-06";14,81
WSM;518-31;"WSM 518-31 Gasket, Intake; Yamaha 150 - 250 Hp 6 Cylinder 97-15";14,81
WSM;986-510;"WSM 986-510 Grease Nut; 7/8-14 Thread";14,81
WSM;007-404;"WSM 007-404 Head Gasket; Kawasaki 440 JS 79-92";14,81
WSM;20-101;"WSM 20-101 Head Gasket; Suzuki 500 LT-R 88-90";14,81
WSM;010-232;"WSM 010-232 Jet Pump Bearing; Kawasaki 900 - 1500 96-16";14,81
WSM;010-247;"WSM 010-247 Jet Pump Bearing; Yamaha 1100 05-15";14,81
WSM;003-415-03;"WSM 003-415-03 Jet Pump Nose Cone; Sea-Doo 1503 4-Tec 02-09";14,81
WSM;014-703;"WSM 014-703 Nut, Nylon Lock; 10mm Stainless - Pack Of 10";14,81
WSM;010-066;"WSM 010-066 Oil Pump Chain; Kawasaki 1500 07-26";14,81
WSM;550-37T;"WSM 550-37T Oil Seal, Crankshaft; Mercury / Mariner 200 - 300 Hp 94-18";14,81
WSM;551-17;"WSM 551-17 Oil Seal, Crankshaft; Yamaha 200 - 250 Hp 94-05";14,81
WSM;550-18;"WSM 550-18 Oil Seal; Johnson / Evinrude 25 - 90 Hp E-Tec 2 / 3 Cylinder 04-17";14,81
WSM;986-505;"WSM 986-505 Tilt Tube Grease Nut; Johnson / Evinrude / Nissan / Yamaha 7/8'' x 14";14,81
WSM;003-435;"WSM 003-435 Trim VTS Sliding Block; Sea-Doo 800 - 1503 95-11";14,81
WSM;010-098;"WSM 010-098 Valve Seat Sleeve; Sea-Doo 1503 / 1630 02-26";14,81
WSM;24-049;"WSM 24-049 Water Pump Rebuild Kit; Suzuki 250 RMZ 07-18";14,81
WSM;24-053;"WSM 24-053 Water Pump Rebuild Kit; Suzuki 450 RMX / RMZ 08-18";14,81
WSM;24-051;"WSM 24-051 Water Pump Rebuild Kit; Suzuki 450 RMZ 05-07";14,81
WSM;551-23;"WSM 551-23 Oil Seal, Cam / Crankshaft; Mercury / Mariner / Yamaha 75 - 115 Hp 4-Stroke 00-24";14,82
WSM;506-19;"WSM 506-19 Gasket, Head Cover; Yamaha 200 - 250 Hp 6 Cylinder 90-05";14,84
WSM;016-201;"WSM 016-201 Carburetor Kit; Suzuki 125 ALT / LT 83-87";14,86
WSM;600-107-02;"WSM 600-107-02 VST Gasket; Mercury 110 - 300 Hp";14,87
WSM;61-620-22;"WSM 61-620-22 Cable, Clutch; Kawasaki 650 KLR 87-07";14,88
WSM;007-336-07;"WSM 007-336-07 Exhaust Gasket; Kawasaki 1500 Ultra 250 / 260 / 300 07-11";14,88
WSM;25-300-01;"WSM 25-300-01 Full Gasket Kit; Polaris 50 Predator 04-06";14,88
WSM;585-980A;"WSM 585-980A Gasket, Oil Pan; Mercruiser";14,88
WSM;585-980B;"WSM 585-980B Gasket, Oil Pan; Mercruiser";14,88
WSM;585-981A;"WSM 585-981A Gasket, Oil Pan; Mercruiser";14,88
WSM;585-981B;"WSM 585-981B Gasket, Oil Pan; Mercruiser";14,88
WSM;51-245-05;"WSM 51-245-05 Piston Rings; Kawasaki / Suzuki 50 96-06 .5mm Over";14,88
WSM;51-245-07;"WSM 51-245-07 Piston Rings; Kawasaki / Suzuki 50 96-06 1mm Over";14,88
WSM;51-245;"WSM 51-245 Piston Rings; Kawasaki / Suzuki 50 96-06 Standard";14,88
WSM;010-497-02K;"WSM 010-497-02K Power Valve Gasket Kit; Yamaha 800 - 1300 95-08";14,88
WSM;29-300;"WSM 29-300 Top End Gasket Kit; Polaris 250 86-06";14,88
WSM;29-302;"WSM 29-302 Top End Gasket Kit; Polaris 300 94-00";14,88
WSM;014-801;"WSM 014-801 Nut, Acorn; 6mm - Pack Of 10";14,89
WSM;985-125-09;"WSM 985-125-09 Flywheel Puller Puller Handle; Johnson / Evinrude";14,94
WSM;008-594-03;"WSM 008-594-03 Power Valve Grooved O-Ring; Sea-Doo 951 DI 00-07";14,95
WSM;RSY-001-49;"WSM RSY-001-49 Sprocket, Rear; Yamaha 125 YT 80-81";14,95
WSM;775-110;"WSM 775-110 Thermostat; Johnson / Evinrude / Mercury / Mariner 4.5 - 300 Hp Stainless Steel";14,95
WSM;600-160;"WSM 600-160 Fuel Injector Repair Kit; Johnson / Evinrude 40 - 300 Hp E-Tec 04-10";14,98
WSM;700-345;"WSM 700-345 Water Pump Impeller; Johnson / Mercury / Nissan / Tohatsu 2 - 6 / 25 - 50 Hp";15
WSM;016-316;"WSM 016-316 Carburetor Kit; Yamaha 250 Bear Tracker 99-04";15,01
WSM;700-203;"WSM 700-203 Water Pump Impeller; Mercury 20 Hp 2 Cyl";15,02
WSM;725-180;"WSM 725-180 Water Pump Service Kit; Honda 25 / 30 Hp BF 98-13";15,02
WSM;61-348;"WSM 61-348 Cable, Clutch; Kawasaki 250 Mojave 87-04";15,05
WSM;33-318;"WSM 33-318 Clutch Cover Gasket; KTM 250 - 560 04-07";15,05
WSM;017-406-02;"WSM 017-406-02 Exhaust Valve; Polaris 900 / 1000 13-26";15,06
WSM;017-407-02;"WSM 017-407-02 Exhaust Valve; Polaris 900 11-14";15,06
WSM;017-406-01;"WSM 017-406-01 Intake Valve; Polaris 900 / 1000 13-25";15,06
WSM;600-109-02;"WSM 600-109-02 VST O-Ring; Mercury / Mariner / Yamaha 115 - 225 Hp 4-Stroke";15,07
WSM;335-273;"WSM 335-273 O-Ring Kit, Fill Cap; Mercury 200 - 400 Hp Verado";15,08
WSM;007-594-12;"WSM 007-594-12 Crankcase Water Intake Gasket; Yamaha 1800 / 1900 08-26";15,11
WSM;506-45-01;"WSM 506-45-01 Gasket, Head Cover; Yamaha 150 - 200 Hp L4 2.8L 4 Stroke";15,11
WSM;007-421;"WSM 007-421 Head Gasket; Polaris 750 SL / SLT 94-95";15,11
WSM;RSY-018-36;"WSM RSY-018-36 Sprocket, Rear; Yamaha 50 - 110";15,11
WSM;700-412;"WSM 700-412 Water Pump Impeller; Yamaha 20 / 25 Hp 2 Cylinder";15,16
WSM;61-509-03;"WSM 61-509-03 Cable Pull-Push, Throttle; Kawasaki / Suzuki 400 KLX / DRZ 00-07";15,17
WSM;61-610-03;"WSM 61-610-03 Cable, Clutch; Honda 125 CR 04-07";15,17
WSM;61-625-03;"WSM 61-625-03 Cable, Clutch; Kawasaki 125 KX 97-98";15,17
WSM;61-557-02;"WSM 61-557-02 Cable, Clutch; Suzuki 250 RMZ 07-09";15,17
WSM;61-558-04;"WSM 61-558-04 Cable, Clutch; Suzuki 450 RMZ 08-26";15,17
WSM;61-560-04;"WSM 61-560-04 Cable, Clutch; Yamaha 250 WR / YZ 88-98";15,17
WSM;61-602;"WSM 61-602 Cable, Speedometer; Honda 200 XL / XR 83-02";15,17
WSM;61-102;"WSM 61-102 Cable, Throttle; Honda 200 / 250 TRX";15,17
WSM;61-104;"WSM 61-104 Cable, Throttle; Honda 200 ATC / TRX";15,17
WSM;61-502;"WSM 61-502 Cable, Throttle; Honda 70 CRF-F / XR 01-12";15,17
WSM;61-180;"WSM 61-180 Cable, Throttle; Suzuki 400 Eiger 02-07";15,17
WSM;61-124;"WSM 61-124 Cable, Throttle; Yamaha 250 Timberwolf 92-00";15,17
WSM;010-912-04;"WSM 010-912-04 Piston Rings; Kawasaki 550 JS 82-89 .25mm Over";15,17
WSM;010-912-05;"WSM 010-912-05 Piston Rings; Kawasaki 550 JS 82-89 .5mm Over";15,17
WSM;010-912-06;"WSM 010-912-06 Piston Rings; Kawasaki 550 JS 82-89 .75mm Over";15,17
WSM;010-912-07;"WSM 010-912-07 Piston Rings; Kawasaki 550 JS 82-89 1mm Over";15,17
WSM;010-912;"WSM 010-912 Piston Rings; Kawasaki 550 JS 82-89 Standard";15,17
WSM;600-500K;"WSM 600-500K Primer Solenoid Kit; Johnson / Evinrude 20 - 300 Hp 80-94";15,17
WSM;700-305;"WSM 700-305 Water Pump Impeller; Johnson / Evinrude 40 - 60 Hp Looper";15,2
WSM;010-206-02;"WSM 010-206-02 Crankshaft Bearing; Polaris / Sea-Doo 580 - 800 93-05";15,23
WSM;010-206;"WSM 010-206 Crankshaft Bearing; Yamaha 700 / 1200 99-20";15,23
WSM;710-455-01;"WSM 710-455-01 Water Pump Housing; Yamaha 200 - 300 Hp 4.2L 4-Stroke 10-22";15,23
WSM;600-38-01;"WSM 600-38-01 Carburetor Kit; Johnson / Evinrude 130 - 250 Hp Without Float";15,28
WSM;009-901T;"WSM 009-901T Crankshaft Oil Seal Kit; Kawasaki 650 / 750 86-02";15,28
WSM;009-907J;"WSM 009-907J Crankshaft Oil Seal Kit; Sea-Doo 800";15,28
WSM;40-100K;"WSM 40-100K Crankshaft Seal Kit; Yamaha 350 Banshee 87-06";15,28
WSM;011-510;"WSM 011-510 Exhaust Coupler; Kawasaki 650 - 750 89-99";15,28
WSM;505-07;"WSM 505-07 Gasket, Head; Johnson / Evinrude 50 - 70 Hp 3 Cylinder Looper 86-01";15,31
WSM;505-05;"WSM 505-05 Gasket, Head; Johnson / Evinrude 60 - 75 Hp 3 Cylinder Looper 72-88";15,31
WSM;984-120;"WSM 984-120 Spanner Nut; Yamaha 150 - 225 Hp";15,31
WSM;600-298;"WSM 600-298 Fuel Filter; Yamaha 150 - 300 Hp HPDI 04-06";15,34
WSM;010-901-04;"WSM 010-901-04 Piston Rings; Yamaha 500 89-93 .25mm Over";15,34
WSM;010-901-05;"WSM 010-901-05 Piston Rings; Yamaha 500 89-93 .5mm Over";15,34
WSM;010-901-06;"WSM 010-901-06 Piston Rings; Yamaha 500 89-93 .75mm Over";15,34
WSM;010-901-07;"WSM 010-901-07 Piston Rings; Yamaha 500 89-93 1mm Over";15,34
WSM;FSY-026-13;"WSM FSY-026-13 Sprocket, Front; Yamaha 250 TT-R 99-06";15,34
WSM;FSY-026-14;"WSM FSY-026-14 Sprocket, Front; Yamaha 250 TT-R 99-06";15,34
WSM;FSY-021-19;"WSM FSY-021-19 Sprocket, Front; Yamaha 350 XT 85-00";15,34
WSM;775-25K;"WSM 775-25K Thermostat Kit; Mercury 4.5 - 300 Hp";15,34
WSM;700-216;"WSM 700-216 Water Pump Impeller; Force / Mercury 6 - 15 Hp";15,35
WSM;700-400;"WSM 700-400 Water Pump Impeller; Yamaha 8 - 20 Hp 2 Cylinder";15,35
WSM;009-909;"WSM 009-909 Crankshaft Oil Seal Kit; Tiger Shark 640";15,36
WSM;003-316-01;"WSM 003-316-01 Drive Shaft Holding Tool; Yamaha 1050 EX / VX 1200 XL / XLT 01-25";15,36
WSM;003-316;"WSM 003-316 Drive Shaft Holding Tool; Yamaha 700 / 760 / 1100 93-20";15,36
WSM;010-016;"WSM 010-016 Intake Valve; Yamaha 1800 / 1900 08-26";15,36
WSM;650-165;"WSM 650-165 Trailer Winch Strap; 2'' x 25' w/ Stainless Hook";15,36
WSM;002-510;"WSM 002-510 Cable End; Kawasaki 1500 10-25";15,37
WSM;61-130;"WSM 61-130 Cable, Throttle; Yamaha 350 Warrior 88-92";15,37
WSM;600-109;"WSM 600-109 VST O-Ring; Yamaha 150 - 300 Hp";15,38
WSM;09-2156E;"WSM 09-2156E Brake Shoes, Front; Yamaha 350 Big Bear 87-88";15,41
WSM;516-35-01;"WSM 516-35-01 Gasket, Reed Block; Mercury / Mariner 150 - 200 Hp 6 Cyl 2.5L EFI 02-10";15,44
WSM;600-296;"WSM 600-296 Fuel Filter; Suzuki / Yamaha 150 - 350 Hp 04-22";15,47
WSM;525-19;"WSM 525-19 Seal, Oil Pump; Mercury / Yamaha 90 - 350 Hp 4-Stroke 02-22";15,47
WSM;S41316220;"WSM S41316220 Piston Ring; KTM 50 Adventure / SX 02-19";15,53
WSM;003-203;"WSM 003-203 Damper; Sea-Doo 800 / 951 98-07";15,54
WSM;810-130;"WSM 810-130 Bolts, Powerhead Mounting; Johnson / Evinrude 40 / 50 Hp 2 Cyl. Looper (8 Pack)";15,56
WSM;010-215-01;"WSM 010-215-01 Crankshaft Bearing; Nissan / Yamaha / Sea-Doo 800 / 951  60 / 70Hp";15,56
WSM;006-603;"WSM 006-603 Fuel Valve, 2 Position; Polaris 700 - 1200 97-04";15,56
WSM;006-600;"WSM 006-600 Fuel Valve, 3 Position; Sea-Doo";15,56
WSM;006-601;"WSM 006-601 Fuel Valve, 3 Position; Sea-Doo";15,56
WSM;016-306;"WSM 016-306 Carburetor Kit; Yamaha 250 Timberwolf 92-00";15,58
WSM;016-312;"WSM 016-312 Carburetor Kit; Yamaha 400 Big Bear 00-12";15,58
WSM;016-056;"WSM 016-056 Carburetor Kit; Honda 90 TRX 06-09 / 2012";15,59
WSM;016-409;"WSM 016-409 Carburetor Kit; Polaris 330 Magnum / Trail Blazer / Trail Boss 03-13";15,59
WSM;016-406;"WSM 016-406 Carburetor Kit; Polaris 400 Scrambler 97-02";15,59
WSM;016-413;"WSM 016-413 Carburetor Kit; Polaris 400 Sportsman 4x4 03-05";15,59
WSM;016-415;"WSM 016-415 Carburetor Kit; Polaris 500 Outlaw / Predator 03-07";15,59
WSM;523-27;"WSM 523-27 Gasket, Exhaust; Mercury / Yamaha 9.9 / 15 Hp 4-Stroke 98-07";15,6
WSM;810-125;"WSM 810-125 Bolts, Powerhead Mounting; Johnson / Evinrude (6 Pack)";15,62
WSM;29-928;"WSM 29-928 Top End Gasket Kit; Suzuki 125 RM 01-03";15,62
WSM;29-923;"WSM 29-923 Top End Gasket Kit; Suzuki 125 RM 1989";15,62
WSM;29-927;"WSM 29-927 Top End Gasket Kit; Suzuki 125 RM 98-00";15,62
WSM;29-941;"WSM 29-941 Top End Gasket Kit; Suzuki 250 RM 1989";15,62
WSM;29-942;"WSM 29-942 Top End Gasket Kit; Suzuki 250 RM 1990";15,62
WSM;29-940;"WSM 29-940 Top End Gasket Kit; Suzuki 250 RM 87-88";15,62
WSM;007-593-04;"WSM 007-593-04 Valve Cover Gasket; Yamaha 1000 / 1100 02-15";15,62
WSM;09-2029E;"WSM 09-2029E Brake Shoes, Rear; Honda 250 TRX 97-21";15,64
WSM;RSY-018-37;"WSM RSY-018-37 Sprocket, Rear; Yamaha 50 - 110";15,64
WSM;011-519;"WSM 011-519 Exhaust Diffuser; Kawasaki 750 92-99";15,65
WSM;007-420;"WSM 007-420 Head Gasket; Polaris 650 SL 94-95";15,68
WSM;984-125-01;"WSM 984-125-01 Washer,Spanner Nut; Yamaha 300 / 350 Hp 4-Stroke 5.3L";15,72
WSM;600-30-01;"WSM 600-30-01 Carburetor Kit; Johnson / Evinrude 85 - 235 Hp Cross Flow Without Float";15,77
WSM;010-223-01BLK;"WSM 010-223-01BLK Connecting Rod Bearing; Yamaha 1800 08-16";15,82
WSM;010-223-01BLU;"WSM 010-223-01BLU Connecting Rod Bearing; Yamaha 1800 08-16";15,82
WSM;010-223-01BRN;"WSM 010-223-01BRN Connecting Rod Bearing; Yamaha 1800 08-16";15,82
WSM;017-313-02;"WSM 017-313-02 Exhaust Valve; Yamaha 660 Grizzly / Raptor 01-08";15,83
WSM;805-106-08;"WSM 805-106-08 Bolt, Connecting Rod; Johnson / Evinrude 20 - 235 Hp (8 Pack)";15,84
WSM;33-210;"WSM 33-210 Clutch Cover Gasket; Kawasaki 125 KX 03-05";15,84
WSM;33-232;"WSM 33-232 Clutch Cover Gasket; Kawasaki 500 KX 86-04";15,84
WSM;78-132;"WSM 78-132 Fuel Petcock; Universal - 6mm";15,84
WSM;700-320;"WSM 700-320 Water Pump Impeller; Johnson / Evinrude 40 - 55 Hp";15,84
WSM;600-20;"WSM 600-20 Carburetor Kit; Mercury / Mariner 105 - 225 Hp 2L-3L With Needle And Seat";15,85
WSM;003-105-02;"WSM 003-105-02 Drive Shaft Bellow; Sea-Doo 1503 / 1630 15-21";15,86
WSM;20-125;"WSM 20-125 Head Gasket; Kawasaki 700 KFX / Praire 4x4 04-09";15,86
WSM;016-208;"WSM 016-208 Carburetor Kit; Suzuki 160 LT 89-00";15,89
WSM;21-500;"WSM 21-500 Crankshaft Seal Kit; Yamaha 200 Blaster 88-06";15,91
WSM;505-17;"WSM 505-17 Gasket, Head; Johnson / Evinrude 120 / 140 Hp V4 Looper 85-87";15,94
WSM;1000-1220BK;"WSM 1000-1220BK Dock Line; 1/2'' x 20' Nylon Black";15,97
WSM;1000-1220BL;"WSM 1000-1220BL Dock Line; 1/2'' x 20' Nylon Blue";15,97
WSM;1000-1220G;"WSM 1000-1220G Dock Line; 1/2'' x 20' Nylon Gold";15,97
WSM;1000-1220NB;"WSM 1000-1220NB Dock Line; 1/2'' x 20' Nylon Navy Blue";15,97
WSM;1000-1220W;"WSM 1000-1220W Dock Line; 1/2'' x 20' Nylon White";15,97
WSM;725-500;"WSM 725-500 Water Pump Service Kit; Johnson / Evinrude / Suzuki 4 / 5 Hp";15,97
WSM;RSY-018-38;"WSM RSY-018-38 Sprocket, Rear; Yamaha 50 - 110";15,98
WSM;725-161;"WSM 725-161 Water Pump Impeller; Honda 8 / 9.9 Hp BF 02-13";16,01
WSM;521-26;"WSM 521-26 Gasket, Exhaust; Mercury / Mariner 80 - 125 Hp 4 Cyl 94-98";16,02
WSM;521-27;"WSM 521-27 Gasket, Exhaust; Mercury / Mariner 80 - 125 Hp 4 Cyl 94-98";16,02
WSM;581-931;"WSM 581-931 Gasket, Valve Cover; Mercruiser / OMC 5.0 / 5.7L 305 / 350 CI.";16,02
WSM;29-1030;"WSM 29-1030 Top End Gasket Kit; Yamaha 250 YZ 88-89";16,02
WSM;29-1032;"WSM 29-1032 Top End Gasket Kit; Yamaha 250 YZ 95-96";16,02
WSM;510-56;"WSM 510-56 Gasket, Base; Force 75 Hp 96-98";16,03
WSM;010-228-03;"WSM 010-228-03 Thrust Bearing; Sea-Doo 720 - 951 99-07";16,03
WSM;61-109;"WSM 61-109 Cable, Foot Brake; Honda 350 TRX 86-89";16,04
WSM;61-347;"WSM 61-347 Cable, Foot Brake; Kawasaki 400 Prairie 97-02";16,04
WSM;RSH-065-40;"WSM RSH-065-40 Sprocket, Rear; Honda 50 CRF-F / XR";16,04
WSM;700-175;"WSM 700-175 Water Pump Impeller; Honda / Tohatsu 35 - 60 Hp 95-19";16,04
WSM;725-162;"WSM 725-162 Water Pump Service Kit; Honda 8 - 20 Hp";16,04
WSM;725-165;"WSM 725-165 Water Pump Service Kit; Honda 9.9 / 15 Hp BF 99-02";16,04
WSM;600-329;"WSM 600-329 Fuel Filter; Suzuki 40 - 140 Hp 4-Stroke";16,06
WSM;600-125-20;"WSM 600-125-20 Fuel Pump Repair Kit; Chrysler / Force 20 - 150 Hp";16,06
WSM;006-507;"WSM 006-507 Fuel Filter; Kawasaki / Yamaha 1100 / 1200 96-05";16,09
WSM;016-053;"WSM 016-053 Carburetor Kit; Honda 350 TRX Rancher 04-06";16,1
WSM;016-043;"WSM 016-043 Carburetor Kit; Honda 500 TRX Rubicon 01-04";16,1
WSM;61-300;"WSM 61-300 Cable, Clutch; Honda 250 TRX-X";16,12
WSM;61-625-02;"WSM 61-625-02 Cable, Clutch; Kawasaki 125 KX 95-96";16,12
WSM;61-620-04;"WSM 61-620-04 Cable, Clutch; Kawasaki 140 KLX 08-22";16,12
WSM;61-560-03;"WSM 61-560-03 Cable, Clutch; Yamaha 125 YZ 05-26";16,12
WSM;61-652;"WSM 61-652 Cable, Front Brake; Honda 70 CRF-F / XR 97-12";16,12
WSM;61-196;"WSM 61-196 Cable, Throttle; Kawasaki 300 / 400 93-02";16,12
WSM;61-214;"WSM 61-214 Cable, Throttle; Polaris 325";16,12
WSM;61-174;"WSM 61-174 Cable, Throttle; Suzuki 500 LT-F 98-02";16,12
WSM;016-039;"WSM 016-039 Carburetor Kit; Honda 350 TRX 00-03";16,12
WSM;010-223-01GRN;"WSM 010-223-01GRN Connecting Rod Bearing; Yamaha 1800 08-16";16,13
WSM;010-225-01BLK;"WSM 010-225-01BLK Connecting Rod Bearing; Yamaha 1800 13-23";16,13
WSM;010-225-01BLU;"WSM 010-225-01BLU Connecting Rod Bearing; Yamaha 1800 13-23";16,13
WSM;010-225-01BRN;"WSM 010-225-01BRN Connecting Rod Bearing; Yamaha 1800 13-23";16,13
WSM;010-225-01GRN;"WSM 010-225-01GRN Connecting Rod Bearing; Yamaha 1800 13-23";16,13
WSM;010-225BLK;"WSM 010-225BLK Crankshaft Main Bearing; Yamaha 1800 08-23";16,13
WSM;010-225BLU;"WSM 010-225BLU Crankshaft Main Bearing; Yamaha 1800 08-23";16,13
WSM;010-225BRN;"WSM 010-225BRN Crankshaft Main Bearing; Yamaha 1800 08-23";16,13
WSM;010-225GRN;"WSM 010-225GRN Crankshaft Main Bearing; Yamaha 1800 08-23";16,13
WSM;010-225YEL;"WSM 010-225YEL Crankshaft Main Bearing; Yamaha 1800 08-23";16,13
WSM;700-130;"WSM 700-130 Water Pump Impeller; OMC Cobra";16,14
WSM;950-180;"WSM 950-180 Camshaft Locking Tool; Sea-Doo 1503 4-Tec 02-09";16,15
WSM;010-222;"WSM 010-222 Crankshaft Bearing; Nissan / Sea-Doo / Yamaha 800 / 951 / 1200 / 1300 98-08";16,18
WSM;650-305;WSM 650-305 Cup Holder: Stainless Steel;16,19
WSM;650-625;"WSM 650-625 Light Base, Stern; Chrome Plated Zamak";16,19
WSM;516-42;"WSM 516-42 Gasket, Reed Block; Mercury / Mariner 200 / 225 Hp 3L DFI 98-99";16,21
WSM;61-330;"WSM 61-330 Cable, Clutch; Yamaha 450 YFZ 12-13";16,22
WSM;010-023;"WSM 010-023 Exhaust Valve; Yamaha 1000 / 1050 16-26";16,26
WSM;555-82;"WSM 555-82 Gasket, Intake; Yamaha 115 Hp 1.8L L4 4-Stroke";16,26
WSM;600-36-01;"WSM 600-36-01 Carburetor Kit; Johnson / Evinrude 120 - 300 Hp Looper Without Float";16,31
WSM;009-913;"WSM 009-913 Crankshaft Oil Seal Kit; Yamaha 1200 / 1300 GP-R 00-08";16,31
WSM;505-22;"WSM 505-22 Gasket, Head; Johnson / Evinrude 9.9 / 15 Hp 2 Cylinder Cross Flow 93-07";16,31
WSM;0200-05-04;"WSM 200-05-04 Piston Rings; Mercury / Mariner 30 / 40 Hp 89-97 Cross Flow .010 Over";16,31
WSM;200-05-045;"WSM 200-05-045 Piston Rings; Mercury / Mariner 30 / 40 Hp 89-97 Cross Flow .015 Over";16,31
WSM;0200-05-05;"WSM 200-05-05 Piston Rings; Mercury / Mariner 30 / 40 Hp 89-97 Cross Flow .020 Over";16,31
WSM;0200-05-06;"WSM 200-05-06 Piston Rings; Mercury / Mariner 30 / 40 Hp 89-97 Cross Flow .030 Over";16,31
WSM;0200-05-07;"WSM 200-05-07 Piston Rings; Mercury / Mariner 30 / 40 Hp 89-97 Cross Flow .040 Over";16,31
WSM;200-05;"WSM 200-05 Piston Rings; Mercury / Mariner 30 / 40 Hp 89-97 Cross Flow Standard";16,31
WSM;200-15-045;"WSM 200-15-045 Piston Rings; Mercury / Mariner 35 - 150 Hp Cross Flow .015 Over";16,31
WSM;200-15-05;"WSM 200-15-05 Piston Rings; Mercury / Mariner 35 - 150 Hp Cross Flow .020 Over";16,31
WSM;200-15-06;"WSM 200-15-06 Piston Rings; Mercury / Mariner 35 - 150 Hp Cross Flow .030 Over";16,31
WSM;200-15-07;"WSM 200-15-07 Piston Rings; Mercury / Mariner 35 - 150 Hp Cross Flow .040 Over";16,31
WSM;200-15;"WSM 200-15 Piston Rings; Mercury / Mariner 35 - 150 Hp Cross Flow Standard";16,31
WSM;200-15-04;"WSM 200-15-04 Piston Rings; Mercury / Mariner 35 - 150 Hp Cross Flow5006pk";16,31
WSM;700-155;"WSM 700-155 Water Pump Impeller; Mercruiser / Mercury / Mariner / Honda 30 - 350 Hp";16,31
WSM;61-620-06;"WSM 61-620-06 Cable, Clutch; Kawasaki 250 / 500 KDX / KX 90-04";16,37
WSM;61-532;"WSM 61-532 Cable, Throttle; Suzuki 80 DS 85-00";16,37
WSM;420-110;"WSM 420-110 Chain, 420 Series; 110 Link";16,37
WSM;420-112;"WSM 420-112 Chain, 420 Series; 112 Link";16,37
WSM;420-114;"WSM 420-114 Chain, 420 Series; 114 Link";16,37
WSM;420-116;"WSM 420-116 Chain, 420 Series; 116 Link";16,37
WSM;420-118;"WSM 420-118 Chain, 420 Series; 118 Link";16,37
WSM;428-100;"WSM 428-100 Chain, 428 Series; 100 Link";16,37
WSM;428-102;"WSM 428-102 Chain, 428 Series; 102 Link";16,37
WSM;428-104;"WSM 428-104 Chain, 428 Series; 104 Link";16,37
WSM;428-106;"WSM 428-106 Chain, 428 Series; 106 Link";16,37
WSM;428-108;"WSM 428-108 Chain, 428 Series; 108 Link";16,37
WSM;428-96;"WSM 428-96 Chain, 428 Series; 96 Link";16,37
WSM;21-100;"WSM 21-100 Crankshaft Seal Kit; Honda 400 TRX-EX 99-04";16,37
WSM;21-200;"WSM 21-200 Crankshaft Seal Kit; Kawasaki / Suzuki 50 KFX / LT 02-06";16,37
WSM;21-202;"WSM 21-202 Crankshaft Seal Kit; Kawasaki / Suzuki 80 KFX / LT 87-06";16,37
WSM;990-350;WSM 990-350 CV Joint Band Clamp Tool;16,37
WSM;011-517;"WSM 011-517 Exhaust Diffuser; Kawasaki 750 STS / STX 96-98";16,37
WSM;29-600;"WSM 29-600 Top End Gasket Kit; Honda 50 CRF-F / XR / Z-R 00-26";16,37
WSM;29-605;"WSM 29-605 Top End Gasket Kit; Honda 70 CRF-F / XR 97-12";16,37
WSM;29-905;"WSM 29-905 Top End Gasket Kit; Kawasaki / Suzuki 65 KX / RM 00-26";16,37
WSM;004-808-01F;"WSM 004-808-01F Filter, Fuel Pump; Kawasaki 400 / 620 / 1000 / 1500 16-26";16,39
WSM;018-1;"WSM 018-1 Flywheel Puller; Honda / Kawasaki / KTM / Suzuki / Yamaha 50 - 500";16,43
WSM;016-204;"WSM 016-204 Carburetor Kit; Suzuki 230 LT 85-87";16,44
WSM;09-2018E;"WSM 09-2018E Brake Shoes, Rear; Can-Am 50 / 90 DS 02-07";16,45
WSM;016-045;"WSM 016-045 Carburetor Kit; Honda 400 TRX Rancher 04-07";16,45
WSM;016-112;"WSM 016-112 Carburetor Kit; Kawasaki 360 Prairie 03-09";16,45
WSM;016-401;"WSM 016-401 Carburetor Kit; Polaris 250 Trail Blazer / Trail Boss 89-99";16,45
WSM;016-405;"WSM 016-405 Carburetor Kit; Polaris 250 Trailer Blazer / Xplorer 96-06";16,45
WSM;016-402;"WSM 016-402 Carburetor Kit; Polaris 300 Xplorer / Xpress 94-99";16,45
WSM;016-403;"WSM 016-403 Carburetor Kit; Polaris 350 Sportsman / Trail Boss 92-93";16,45
WSM;016-319;"WSM 016-319 Carburetor Kit; Yamaha 125 Breeze / Grizzly 89-06";16,45
WSM;016-302;"WSM 016-302 Carburetor Kit; Yamaha 250 YFM 89-91";16,45
WSM;016-314;"WSM 016-314 Carburetor Kit; Yamaha 600 Grizzly 98-01";16,45
WSM;523-30;"WSM 523-30 Gasket, Exhaust; Yamaha 150 - 200 Hp HPDI 00-15";16,45
WSM;700-212;"WSM 700-212 Water Pump Impeller; Evinrude / Mercury / Mariner / Nissan / Tohatsu 6 - 9.9 Hp";16,48
WSM;700-435;"WSM 700-435 Water Pump Impeller; Mariner / Yamaha 9.9 - 15 Hp";16,48
WSM;09-5063E;"WSM 09-5063E Brake Pads, Front & Rear; Kawasaki / Suzuki / Yamaha 65 - 500 85-14/18-26";16,49
WSM;428-HSO-44;WSM 428-HSO-44 Chain, 428 Series With O-Rings: 44 Link;16,51
WSM;615-155;"WSM 615-155 Oil Filter; Suzuki 150 - 300 Hp 4-Stroke 04-17";16,51
WSM;017-474-02;"WSM 017-474-02 Exhaust Valve; Can Am 450 - 1000 13-26";16,56
WSM;600-06;"WSM 600-06 Carburetor Kit; Chrysler / Force 25 / 35 / 105 Hp";16,57
WSM;017-403-02;"WSM 017-403-02 Exhaust Valve; Polaris 450 - 850 12-26";16,57
WSM;016-870;"WSM 016-870 Carburetor Kit; Yamaha 250 WR-F 05-09";16,58
WSM;016-805;"WSM 016-805 Carburetor Kit; Suzuki 450 RMZ 05-07";16,61
WSM;010-025;"WSM 010-025 Exhaust Valve; Yamaha 1000 / 1100 02-15";16,61
WSM;RSH-065-35;"WSM RSH-065-35 Sprocket, Rear; Honda 50 CRF-F / XR";16,61
WSM;447-421;"WSM 447-421 Oil Seal, Propeller Shaft; Mercury / Mariner / Mercruiser 150 - 300 Hp";16,62
WSM;984-115;"WSM 984-115 Spanner Nut; Yamaha 50 - 130 Hp";16,63
WSM;011-162;"WSM 011-162 Drain Plug; Sea- Doo 951 / 1503 06-11";16,64
WSM;600-109-03;"WSM 600-109-03 VST O-Ring; Yamaha 30 / 40 Hp 4-Stroke 08-22";16,64
WSM;700-250;"WSM 700-250 Water Pump Impeller; Johnson / Evinrude 35 - 55 Hp";16,67
WSM;09-2210E;"WSM 09-2210E Brake Shoes, Front; Suzuki 300 LT 91-01";16,68
WSM;65-984;"WSM 65-984 Sensor, Shift Angle; Honda 350 00-04";16,68
WSM;017-208-02;"WSM 017-208-02 Exhuast Valve; Kawasaki / Suzuki 400 KFX / LTZ 03-14";16,69
WSM;017-208-01;"WSM 017-208-01 Intake Valve; Kawasaki / Suzuki 400 KFX / LTZ 03-14";16,69
WSM;017-114-01;"WSM 017-114-01 Intake Valve; Kawasaki 650 - 750 02-26";16,69
WSM;002-500;"WSM 002-500 Cable End; Sea-Doo 720 - 1630 98-26";16,74
WSM;61-507-02;"WSM 61-507-02 Cable Pull-Push, Throttle; Honda 250 CRF-R 10-13";16,74
WSM;61-506-04;"WSM 61-506-04 Cable Push, Throttle; Honda 250 XR / XR-L 91-04";16,74
WSM;61-507-04;"WSM 61-507-04 Cable Push-Pull, Throttle; Honda 450 CRF-R 09-18";16,74
WSM;61-612-07;"WSM 61-612-07 Cable, Clutch; Honda 400 XR 96-04";16,74
WSM;61-503-01;"WSM 61-503-01 Cable, Throttle; Honda 150 CRF-F 03-17";16,74
WSM;61-504-05;"WSM 61-504-05 Cable, Throttle; Kawasaki 200 / 220 KDX 95-06";16,74
WSM;61-504-07;"WSM 61-504-07 Cable, Throttle; Kawasaki 250 KDX 91-94";16,74
WSM;61-503-10;"WSM 61-503-10 Cable, Throttle; Suzuki 400 DRZ 00-24";16,74
WSM;600-31-01;"WSM 600-31-01 Carburetor Kit; Johnson / Evinrude 20 - 75 Hp Without Float";16,74
WSM;003-104;"WSM 003-104 Drive Shaft Bellow; Sea-Doo 1503 4-Tec 02-14";16,74
WSM;581-930;"WSM 581-930 Gasket, Valve Cover; Mercruiser / OMC 5.0 / 5.7L 305 / 350 CI.";16,74
WSM;003-415-02;"WSM 003-415-02 Jet Pump Nose Cone; Sea-Doo 720 - 951 01-07";16,74
WSM;52-520F;"WSM 52-520F Piston Pin; Yamaha 350 Banshee 87-06";16,79
WSM;525-20;"WSM 525-20 Oil Pump Seal; Yamaha 150 - 300 Hp 4-Stroke 09-22";16,84
WSM;006-716-25;"WSM 006-716-25 Hose, Polyeurethane; 3/16'' x 25'";16,87
WSM;004-133-01;"WSM 004-133-01 Starter Solenoid; Kawasaki 1100 / 1200 / 1500 02-26";16,93
WSM;RSH-066-36;"WSM RSH-066-36 Sprocket, Rear; Honda 60 - 80";16,94
WSM;0200-06-04;"WSM 200-06-04 Piston Rings; Mercury / Mariner 30 - 60 Hp .010 Over";16,96
WSM;200-06-045;"WSM 200-06-045 Piston Rings; Mercury / Mariner 30 - 60 Hp .015 Over";16,96
WSM;0200-06-05;"WSM 200-06-05 Piston Rings; Mercury / Mariner 30 - 60 Hp .020 Over";16,96
WSM;0200-06-06;"WSM 200-06-06 Piston Rings; Mercury / Mariner 30 - 60 Hp .030 Over";16,96
WSM;0200-06-07;"WSM 200-06-07 Piston Rings; Mercury / Mariner 30 - 60 Hp .040 Over";16,96
WSM;200-06;"WSM 200-06 Piston Rings; Mercury / Mariner 30 - 60 Hp Standard";16,96
WSM;78-135;"WSM 78-135 Fuel Pump; Universal";16,99
WSM;010-298YEL;"WSM 010-298YEL Upper Main Bearing; Yamaha 200 / 250 Hp 3.3L 4-Stroke 02-10 #1 Yellow";16,99
WSM;010-298GRN;"WSM 010-298GRN Upper Main Bearing; Yamaha 200 / 250 Hp 3.3L 4-Stroke 02-10 #2 Green";16,99
WSM;010-298BLU;"WSM 010-298BLU Upper Main Bearing; Yamaha 200 / 250 Hp 3.3L 4-Stroke 02-10 #3 Blue";16,99
WSM;505-01;"WSM 505-01 Gasket, Head; Johnson / Evinrude 150 - 235 Hp V6 Cross Flow 76-92";17,02
WSM;510-12;"WSM 510-12 Gasket, Base; Johnson / Evinrude 250 - 300 Hp V8 Looper 85-95";17,05
WSM;20-105;"WSM 20-105 Head Gasket; Yamaha 200 Blaster 88-06";17,05
WSM;61-508-02;"WSM 61-508-02 Cable Pull-Push, Throttle; Suzuki 250 / 450 RMZ 08-15";17,06
WSM;61-556-02;"WSM 61-556-02 Cable, Clutch; Suzuki 125 / 250 RM";17,06
WSM;61-560-09;"WSM 61-560-09 Cable, Clutch; Yamaha 250 TT-R 99-06";17,06
WSM;61-560-15;"WSM 61-560-15 Cable, Clutch; Yamaha 450- 07-11";17,06
WSM;61-560-14;"WSM 61-560-14 Cable, Clutch; Yamaha 450 WR-F 03-06";17,06
WSM;61-334;"WSM 61-334 Cable, Clutch; Yamaha 660 Raptor 2005";17,06
WSM;61-506-01;"WSM 61-506-01 Cable, Throttle; Honda 200 XR 86-02";17,06
WSM;61-204;"WSM 61-204 Cable, Throttle; Kawasaki 650 - 750";17,06
WSM;61-505-12;"WSM 61-505-12 Cable, Throttle; KTM 400 - 660 03-12";17,06
WSM;61-186;"WSM 61-186 Cable, Throttle; Suzuki 400 King Quad 08-10";17,06
WSM;61-132;"WSM 61-132 Cable, Throttle; Yamaha 350 Banshee 87-06";17,06
WSM;61-133;"WSM 61-133 Cable, Throttle; Yamaha 350 Banshee 87-06 (Aftermarket Carbs)";17,06
WSM;61-134;"WSM 61-134 Cable, Throttle; Yamaha 350 YFM 94-95";17,06
WSM;016-205;"WSM 016-205 Carburetor Kit; Suzuki 230 LT 89-93";17,09
WSM;775-107;"WSM 775-107 Thermostat; Johnson / Evinrude 185 - 225 Hp";17,09
WSM;007-336-01;"WSM 007-336-01 Exhaust Manifold Gasket; Kawasaki 1200 / 1500 03-26";17,11
WSM;25-100;"WSM 25-100 Full Gasket Kit; Honda 70 ATC 77-85";17,11
WSM;010-238;"WSM 010-238 Jet Pump Bearing; Yamaha 650 - 760 / 1100 / 1200 91-04";17,11
WSM;29-802;"WSM 29-802 Top End Gasket Kit; Husqvarna / KTM 50 TC / SX 09-23";17,11
WSM;29-929;"WSM 29-929 Top End Gasket Kit; Suzuki 125 RM 04-07";17,11
WSM;650-150;WSM 650-150 Bearing Protector w/ Covers 1.98'';17,12
WSM;600-15-01;WSM 600-15-01 Carburetor Float, Mercury / Mariner 30 - 125 Hp;17,12
WSM;582-304;"WSM 582-304 Gasket, Intake; Mercruiser 5.0 / 5.7L 305 / 350 CI.";17,15
WSM;725-500-02;"WSM 725-500-02 Water Pump Service Kit; Suzuki 6 / 8 Hp DT";17,15
WSM;61-541-02;"WSM 61-541-02 Cable, Clutch; Yamaha 450 YZ-F 10-13";17,16
WSM;61-308-01;"WSM 61-308-01 Cable, Foot Brake; Honda 250 TRX 86-87";17,16
WSM;61-343;"WSM 61-343 Cable, Foot Brake; Kawasaki 300 - 400 Bayou / Prairie 89-04";17,16
WSM;61-187;"WSM 61-187 Cable, Hand Brake; Kawasaki 400 Bayou 4X4 93-99";17,16
WSM;20-100;"WSM 20-100 Head Gasket; Suzuki 250 LT-R 87-92";17,17
WSM;700-440;"WSM 700-440 Water Pump Impeller; Mariner / Yamaha 40 Hp 2-Stroke";17,17
WSM;120-221;"WSM 120-221 Intake Valve; Yamaha 150 Hp 4-Stroke 11-22";17,18
WSM;014-802;"WSM 014-802 Nut, Acorn; Kawasaki 300 - 1500 - Pack Of 10";17,2
WSM;725-500-01;"WSM 725-500-01 Water Pump Service Kit; Johnson / Suzuki 4 - 6 Hp 4-Stroke";17,21
WSM;010-132-56;"WSM 010-132-56 Bearing Needles; Mercury / Mariner 7.5 - 150 Hp";17,23
WSM;006-602;"WSM 006-602 Fuel Valve, 3 Position; Polaris 300 - 500 97-03";17,24
WSM;010-298-02BLU;"WSM 010-298-02BLU Rod Bearing; Yamaha 200 / 250 Hp 3.3L 4-Stroke 02-10 Blue";17,24
WSM;010-298-02GRN;"WSM 010-298-02GRN Rod Bearing; Yamaha 200 / 250 Hp 3.3L 4-Stroke 02-10 Green";17,24
WSM;010-298-02YEL;"WSM 010-298-02YEL Rod Bearing; Yamaha 200 / 250 Hp 3.3L 4-Stroke 02-10 Yellow";17,24
WSM;002-512;"WSM 002-512 Cable End; Kawasaki 1500 Ultra 160 / 250 / 260 / 300 / 310 07-26";17,3
WSM;008-683-12;"WSM 008-683-12 Throttle Body O-Ring; Yamaha 1100 / 1800 05-15";17,3
WSM;016-429;"WSM 016-429 Carburetor Kit; Polaris 525 Outlaw 07-11";17,36
WSM;RSY-008-32;"WSM RSY-008-32 Sprocket, Rear; Yamaha 125 Breeze / Grizzly";17,36
WSM;29-810;"WSM 29-810 Top End Gasket Kit; KTM 85 SX / XC 02-12";17,36
WSM;010-159-31;"WSM 010-159-31 Bearing Needles; Yamaha 20 / 25 Hp";17,38
WSM;510-37-01;"WSM 510-37-01 Gasket, Base; Mercury / Mariner 200 - 250 Hp 6 Cyl 3L 94-06";17,39
WSM;555-74;"WSM 555-74 Gasket, Intake; Yamaha 75 / 90 Hp 4-Stroke 16-22";17,39
WSM;010-024;"WSM 010-024 Exhaust Valve; Yamaha 1800 / 1900 08-26";17,41
WSM;805-200-06;"WSM 805-200-06 Bolt, Connecting Rod; Force / Mercury / Mariner 20 - 150 Hp (6 Pack)";17,42
WSM;88-102;"WSM 88-102 Clutch Kit, Complete; Honda 80 XR 88-03";17,44
WSM;09-5295JL;"WSM 09-5295JL Brake Pads, Rear; Suzuki 80 / 85 RM 90-04";17,45
WSM;61-172;"WSM 61-172 Cable, Throttle; Suzuki 450 / 700 / 750 King Quad";17,45
WSM;600-125-01;"WSM 600-125-01 Fuel Pump Repair Kit; Johnson / Evinrude 9.9 - 115 Hp 91-16";17,45
WSM;51-536-04;"WSM 51-536-04 Piston Rings; Yamaha 80 86-08 .25mm Over";17,45
WSM;51-536-05;"WSM 51-536-05 Piston Rings; Yamaha 80 86-08 .5mm Over";17,45
WSM;51-536-06;"WSM 51-536-06 Piston Rings; Yamaha 80 86-08 .75mm Over";17,45
WSM;51-536-09;"WSM 51-536-09 Piston Rings; Yamaha 80 86-08 1.5mm Over";17,45
WSM;51-536-07;"WSM 51-536-07 Piston Rings; Yamaha 80 86-08 1mm Over";17,45
WSM;51-536;"WSM 51-536 Piston Rings; Yamaha 80 86-08 Standard";17,45
WSM;PH375-AHN03;"WSM PH375-AHN03 Starter Solenoid; Honda 125 - 400 ATC / TRX 85-01";17,45
WSM;PH375-MSZ04;"WSM PH375-MSZ04 Starter Solenoid; Suzuki 125 / 200 DR 94-13";17,45
WSM;016-471;"WSM 016-471 Carburetor Kit; Can-Am 200 Rally 05-07";17,46
WSM;016-051;"WSM 016-051 Carburetor Kit; Honda 250 TRX-TM / TE 06-11";17,46
WSM;016-050;"WSM 016-050 Carburetor Kit; Honda 450 TRX-ER 06-14";17,46
WSM;016-049;"WSM 016-049 Carburetor Kit; Honda 450 TRX-R 04-05";17,46
WSM;016-048;"WSM 016-048 Carburetor Kit; Honda 500 TRX Foreman 05-11";17,46
WSM;016-055;"WSM 016-055 Carburetor Kit; Honda 500 TRX Rubicon 05-12";17,46
WSM;016-046;"WSM 016-046 Carburetor Kit; Honda 650 TRX 03-05";17,46
WSM;016-219;"WSM 016-219 Carburetor Kit; Suzuki 250 LT-Z 04-09";17,46
WSM;016-218;"WSM 016-218 Carburetor Kit; Suzuki 250 Quadracer 88-92";17,46
WSM;016-322;"WSM 016-322 Carburetor Kit; Yamaha 350 Raptor 04-08";17,46
WSM;016-327;"WSM 016-327 Carburetor Kit; Yamaha 450 Rhino 06-09";17,46
WSM;0200-07-04;"WSM 200-07-04 Piston Rings; Mercury / Mariner 45 - 60 Hp 91-97 .010 Over";17,46
WSM;200-07-045;"WSM 200-07-045 Piston Rings; Mercury / Mariner 45 - 60 Hp 91-97 .015 Over";17,46
WSM;0200-07-05;"WSM 200-07-05 Piston Rings; Mercury / Mariner 45 - 60 Hp 91-97 .020 Over";17,46
WSM;0200-07-06;"WSM 200-07-06 Piston Rings; Mercury / Mariner 45 - 60 Hp 91-97 .030 Over";17,46
WSM;200-07;"WSM 200-07 Piston Rings; Mercury / Mariner 45 - 60 Hp 91-97 Standard";17,46
WSM;61-216;"WSM 61-216 Cable, Throttle; Polaris 250 Trail Blazer / Xplorer";17,47
WSM;600-74;"WSM 600-74 Carburetor Kit; Yamaha 20 / 25 Hp With Float 1988-09";17,47
WSM;20-115;"WSM 20-115 Head Gasket; Kawasaki 250 Mojave 87-04";17,47
WSM;010-099;"WSM 010-099 Pipe, Spark Plug; Sea-Doo 1503 / 1630 4-Tec 02-26";17,47
WSM;65-110;"WSM 65-110 Starter Solenoid; Kawasaki 300 - 1000 93-26";17,47
WSM;650-200;"WSM 650-200 Keel Roller; 10'' x 5/8''";17,48
WSM;51-520-69;"WSM 51-520-69 Piston Rings; Yamaha 350 Banshee 87-06 For 69mm Piston";17,48
WSM;003-104-01;"WSM 003-104-01 Drive Shaft Bellow; Sea-Doo 580 - 951 95-06";17,5
WSM;25-800;"WSM 25-800 Full Gasket Kit; KTM 50 98-01";17,5
WSM;25-801;"WSM 25-801 Full Gasket Kit; KTM 50 SX 01-08";17,5
WSM;120-230;"WSM 120-230 Intake Valve; Yamaha 200 - 250 Hp 3.3L 4-Stroke 11-19";17,5
WSM;010-495-01K-1;"WSM 010-495-01K-1 Power Valve Rebuild Kit; Sea-Doo 800 / 951 98-04";17,5
WSM;010-495K-1;"WSM 010-495K-1 Power Valve Rebuild Kit; Sea-Doo 800 95-98";17,5
WSM;010-498K-1;"WSM 010-498K-1 Power Valve Rebuild Kit; Sea-Doo 951 DI 00-07";17,5
WSM;983-147;"WSM 983-147 Sleeve Installation Tool; Mercruiser";17,5
WSM;29-822;"WSM 29-822 Top End Gasket Kit; KTM 125 EXC / SX 02-06";17,5
WSM;29-820;"WSM 29-820 Top End Gasket Kit; KTM 125 EXC / SX 94-97";17,5
WSM;29-821;"WSM 29-821 Top End Gasket Kit; KTM 125 EXC / SX 98-01";17,5
WSM;29-831;"WSM 29-831 Top End Gasket Kit; KTM 200 EXC / SX / XC 02-16";17,5
WSM;29-830;"WSM 29-830 Top End Gasket Kit; KTM 200 EXC / SX 98-02";17,5
WSM;29-837;"WSM 29-837 Top End Gasket Kit; KTM 250 / 300 EXC / MXC / SX 03-04";17,5
WSM;29-835;"WSM 29-835 Top End Gasket Kit; KTM 250 EGS / EXC / SX 90-98";17,5
WSM;29-836;"WSM 29-836 Top End Gasket Kit; KTM 250 EXC / MXC / SX 99-03";17,5
WSM;29-847;"WSM 29-847 Top End Gasket Kit; KTM 300 EXC / MXC / SX 96-03";17,5
WSM;29-848;"WSM 29-848 Top End Gasket Kit; KTM 300 EXC / SX 2004";17,5
WSM;29-849;"WSM 29-849 Top End Gasket Kit; KTM 300 EXC / XC 05-07";17,5
WSM;29-805;"WSM 29-805 Top End Gasket Kit; KTM 65 SX / XC 98-08";17,5
WSM;29-1018;"WSM 29-1018 Top End Gasket Kit; Yamaha 125 YZ 05-21";17,5
WSM;700-180;"WSM 700-180 Water Pump Impeller; Honda 25 / 30 Hp 95-04";17,5
WSM;24-020;"WSM 24-020 Water Pump Rebuild Kit; Yamaha 80 YZ 93-01";17,5
WSM;09-2233E;"WSM 09-2233E Brake Shoes, Front & Rear; Kawasaki / Suzuki 250 - 400 87-26";17,52
WSM;506-17;"WSM 506-17 Gasket, Head Cover; Yamaha 150 - 225 Hp 6 Cylinder 84-10";17,52
WSM;09-5067E;"WSM 09-5067E Brake Pads, Front & Rear; Honda / Kawasaki / Suzuki / Yamaha 80 - 660 82-26";17,53
WSM;003-105;"WSM 003-105 Drive Shaft Bellow; Sea-Doo 900 Spark 21-26";17,53
WSM;RSH-065-37;"WSM RSH-065-37 Sprocket, Rear; Honda 50 CRF-F / XR";17,53
WSM;600-118-01F;"WSM 600-118-01F Fuel Filter; Honda / Mercury / Mariner / Nissan / Tohatsu 25 - 60 Hp 4-Stroke";17,54
WSM;61-350;"WSM 61-350 Cable, Clutch; Kawasaki 450 KFX 08-14";17,57
WSM;007-406-07;"WSM 007-406-07 Head Gasket; Kawasaki 650 86-96";17,58
WSM;007-419-01;"WSM 007-419-01 Head Gasket; Kawasaki 750 92-02";17,58
WSM;003-116;"WSM 003-116 Seal Carrier; Sea-Doo 720 - 951 95-07";17,58
WSM;010-005;"WSM 010-005 Intake Valve; Sea-Doo 1503 / 1630 4-Tec 02-26 / Can-Am 500 / 650 02-05";17,63
WSM;20-103;"WSM 20-103 Head Gasket; Yamaha 350 Banshee 87-06";17,65
WSM;446-137;"WSM 446-137 Lower Unit Seal Kit; Yamaha 4 / 5 Hp 84-06";17,7
WSM;700-425;"WSM 700-425 Water Pump Impeller; Yamaha 60 - 90 Hp";17,72
WSM;805-300-06;"WSM 805-300-06 Bolt, Connecting Rod; Yamaha  55 / 85 - 225 Hp (6 Pack)";17,74
WSM;541-34-03;"WSM 541-34-03 Gasket, Crankcase Cover; Yamaha 200 - 300 Hp 4.2L V6 4-Stroke 09-22";17,74
WSM;541-34-05;"WSM 541-34-05 Gasket, Crankcase Cover; Yamaha 300 - 350 Hp 5.3L V8 4-Stroke 07-19";17,74
WSM;1000-BH;WSM 1000-BH Bilge Hose Kit: 3/4 x 5';17,77
WSM;30-212;WSM 30-212 Lever, Clutch: Polaris Victory ;17,78
WSM;009-900;"WSM 009-900 Crankshaft Oil Seal Kit; Kawasaki 440 / 550 SX 77-95";17,81
WSM;011-420;"WSM 011-420 Exhaust Hose; Sea-Doo 650 - 800 94-05";17,81
WSM;010-492;"WSM 010-492 Flywheel Bolt; Yamaha 650 / 700 90-04";17,81
WSM;505-42;"WSM 505-42 Gasket, Head; Mercury / Mariner 150 - 220 Hp 2.4 Liter V6 76-91";17,81
WSM;006-714-25;"WSM 006-714-25 Hose, Polyeurethane; 1/4'' x 25'";17,81
WSM;200-101-04;"WSM 200-101-04 Piston Rings; Johnson / Evinrude 9.9 / 15 Hp 74-92 .010 Over";17,81
WSM;200-101-05;"WSM 200-101-05 Piston Rings; Johnson / Evinrude 9.9 / 15 Hp 74-92 .020 Over";17,81
WSM;200-101-06;"WSM 200-101-06 Piston Rings; Johnson / Evinrude 9.9 / 15 Hp 74-92 .030 Over";17,81
WSM;200-101-07;"WSM 200-101-07 Piston Rings; Johnson / Evinrude 9.9 / 15 Hp 74-92 .040 Over";17,81
WSM;200-101;"WSM 200-101 Piston Rings; Johnson / Evinrude 9.9 / 15 Hp 74-92 Standard";17,81
WSM;200-102-04;"WSM 200-102-04 Piston Rings; Johnson / Evinrude 9.9 / 15 Hp 93-07 .010 Over";17,81
WSM;200-102-05;"WSM 200-102-05 Piston Rings; Johnson / Evinrude 9.9 / 15 Hp 93-07 .020 Over";17,81
WSM;200-102-06;"WSM 200-102-06 Piston Rings; Johnson / Evinrude 9.9 / 15 Hp 93-07 .030 Over";17,81
WSM;200-102-07;"WSM 200-102-07 Piston Rings; Johnson / Evinrude 9.9 / 15 Hp 93-07 .040 Over";17,81
WSM;200-102;"WSM 200-102 Piston Rings; Johnson / Evinrude 9.9 / 15 Hp 93-07 Standard";17,81
WSM;950-185;"WSM 950-185 Supercharger Torx Adapter; Sea-Doo 1503 4-Tec 03-09";17,81
WSM;335-800;"WSM 335-800 Tilt & Trim Seal Kit; Mercruiser Alpha / Bravo";17,81
WSM;1000-FS100;"WSM 1000-FS100 Bilge Pump Switch;";17,82
WSM;010-206-04;"WSM 010-206-04 Crankshaft Bearing; Kawasaki 900 - 1200 95-06";17,83
WSM;010-075;"WSM 010-075 Timing Chain Damper; Yamaha 1000 / 1100 02-12";17,83
WSM;003-094;"WSM 003-094 Jet Pump Spacer; Yamaha 1800 / 1900 18-26";17,84
WSM;61-556-10;"WSM 61-556-10 Cable, Clutch; Suzuki 125 / 250 RM / RMX 90-98";17,86
WSM;61-560-16;"WSM 61-560-16 Cable, Clutch; Yamaha 450 WR-F 12-15";17,86
WSM;200-206-06;"WSM 200-206-06 Piston Rings; Chrysler / Force 40 - 150 Hp .030 Over";17,86
WSM;200-206;"WSM 200-206 Piston Rings; Chrysler / Force 40 - 150 Hp Standard";17,86
WSM;51-249-04;"WSM 51-249-04 Piston Rings; Kawasaki / Suzuki 80 KFX / LT 87-06 .25mm Over";17,86
WSM;51-249-05;"WSM 51-249-05 Piston Rings; Kawasaki / Suzuki 80 KFX / LT 87-06 .5mm Over";17,86
WSM;51-249-06;"WSM 51-249-06 Piston Rings; Kawasaki / Suzuki 80 KFX / LT 87-06 .75mm Over";17,86
WSM;51-249-07;"WSM 51-249-07 Piston Rings; Kawasaki / Suzuki 80 KFX / LT 87-06 1mm Over";17,86
WSM;51-249;"WSM 51-249 Piston Rings; Kawasaki / Suzuki 80 KFX / LT 87-06 Standard";17,86
WSM;29-106;"WSM 29-106 Top End Gasket Kit; Honda 185 / 200 ATC / XL 81-86";17,86
WSM;29-644;"WSM 29-644 Top End Gasket Kit; Honda 250 CR 88-91";17,86
WSM;29-725;"WSM 29-725 Top End Gasket Kit; Kawasaki / Suzuki 100 KX / RM 98-13";17,86
WSM;011-605;"WSM 011-605 Catalytic Temperature Sensor Chip; Yamaha 1200 / 1300 98-08";17,87
WSM;516-44;"WSM 516-44 Gasket, Reed Block; Mercury 175 - 240 Hp 2.5L 01-18";17,87
WSM;983-300-03;"WSM 983-300-03 Gimbal Bearing Puller; Flange Nut";17,87
WSM;68-260;"WSM 68-260 Ball Joint, Lower; Polaris 30 / 250 - 900 88-26";17,88
WSM;68-175;"WSM 68-175 Ball Joint, Upper & Lower; Suzuki 400 / 500 02-24";17,88
WSM;016-733;"WSM 016-733 Carburetor Kit; Honda 230 CRF-F 06-19";17,88
WSM;775-115;"WSM 775-115 Thermostat; Johnson / Evinrude / Mercury 200 - 250 Hp";17,88
WSM;017-114-02;"WSM 017-114-02 Exhaust Valve; Kawasaki 650 - 750 02-26";17,93
WSM;010-931-04;"WSM 010-931-04 Piston Rings; Polaris 650 .25mm Over";17,93
WSM;010-931-05;"WSM 010-931-05 Piston Rings; Polaris 650 .5mm Over";17,93
WSM;010-931-06;"WSM 010-931-06 Piston Rings; Polaris 650 .75mm Over";17,93
WSM;010-931-07;"WSM 010-931-07 Piston Rings; Polaris 650 1mm Over";17,93
WSM;010-931;"WSM 010-931 Piston Rings; Polaris 650 Standard";17,93
WSM;010-934-04;"WSM 010-934-04 Piston Rings; Polaris 780 .25mm Over";17,93
WSM;010-934-05;"WSM 010-934-05 Piston Rings; Polaris 780 .5mm Over";17,93
WSM;010-934-06;"WSM 010-934-06 Piston Rings; Polaris 780 .75mm Over";17,93
WSM;010-934-07;"WSM 010-934-07 Piston Rings; Polaris 780 1mm Over";17,93
WSM;010-934;"WSM 010-934 Piston Rings; Polaris 780 Standard";17,93
WSM;010-933-04;"WSM 010-933-04 Piston Rings; Polaris 900 SL 96-97 .25mm Over";17,93
WSM;010-933-05;"WSM 010-933-05 Piston Rings; Polaris 900 SL 96-97 .5mm Over";17,93
WSM;010-933-06;"WSM 010-933-06 Piston Rings; Polaris 900 SL 96-97 .75mm Over";17,93
WSM;010-933-07;"WSM 010-933-07 Piston Rings; Polaris 900 SL 96-97 1mm Over";17,93
WSM;010-933;"WSM 010-933 Piston Rings; Polaris 900 SL 96-97 Standard";17,93
WSM;010-953-04;"WSM 010-953-04 Piston Rings; Tiger Shark 1000 .25mm Over";17,93
WSM;010-953-05;"WSM 010-953-05 Piston Rings; Tiger Shark 1000 .5mm Over";17,93
WSM;010-953-06;"WSM 010-953-06 Piston Rings; Tiger Shark 1000 .75mm Over";17,93
WSM;010-953-07;"WSM 010-953-07 Piston Rings; Tiger Shark 1000 1mm Over";17,93
WSM;010-953;"WSM 010-953 Piston Rings; Tiger Shark 1000 Standard";17,93
WSM;010-950-04;"WSM 010-950-04 Piston Rings; Tiger Shark 640 .25mm Over";17,93
WSM;010-950-05;"WSM 010-950-05 Piston Rings; Tiger Shark 640 .5mm Over";17,93
WSM;010-950-06;"WSM 010-950-06 Piston Rings; Tiger Shark 640 .75mm Over";17,93
WSM;010-950-07;"WSM 010-950-07 Piston Rings; Tiger Shark 640 1mm Over";17,93
WSM;010-950;"WSM 010-950 Piston Rings; Tiger Shark 640 Standard";17,93
WSM;010-951-04;"WSM 010-951-04 Piston Rings; Tiger Shark 770 .25mm Over";17,93
WSM;010-951-05;"WSM 010-951-05 Piston Rings; Tiger Shark 770 .5mm Over";17,93
WSM;010-951-06;"WSM 010-951-06 Piston Rings; Tiger Shark 770 .75mm Over";17,93
WSM;010-951-07;"WSM 010-951-07 Piston Rings; Tiger Shark 770 1mm Over";17,93
WSM;010-951;"WSM 010-951 Piston Rings; Tiger Shark 770 Standard";17,93
WSM;010-952-04;"WSM 010-952-04 Piston Rings; Tiger Shark 900 .25mm Over";17,93
WSM;010-952-05;"WSM 010-952-05 Piston Rings; Tiger Shark 900 .5mm Over";17,93
WSM;010-952-06;"WSM 010-952-06 Piston Rings; Tiger Shark 900 .75mm Over";17,93
WSM;010-952-07;"WSM 010-952-07 Piston Rings; Tiger Shark 900 1mm Over";17,93
WSM;010-952;"WSM 010-952 Piston Rings; Tiger Shark 900 Standard";17,93
WSM;010-902-04;"WSM 010-902-04 Piston Rings; Yamaha 650 90-96 .25mm Over";17,93
WSM;010-902-05;"WSM 010-902-05 Piston Rings; Yamaha 650 90-96 .5mm Over";17,93
WSM;010-902-06;"WSM 010-902-06 Piston Rings; Yamaha 650 90-96 .75mm Over";17,93
WSM;010-902-07;"WSM 010-902-07 Piston Rings; Yamaha 650 90-96 1mm Over";17,93
WSM;010-902;"WSM 010-902 Piston Rings; Yamaha 650 90-96 Standard";17,93
WSM;010-925-04;"WSM 010-925-04 Piston Rings; Yamaha 700 / 1100 .25mm Over";17,93
WSM;010-925-05;"WSM 010-925-05 Piston Rings; Yamaha 700 / 1100 .5mm Over";17,93
WSM;010-925-06;"WSM 010-925-06 Piston Rings; Yamaha 700 / 1100 .75mm Over";17,93
WSM;010-925-07;"WSM 010-925-07 Piston Rings; Yamaha 700 / 1100 1mm Over";17,93
WSM;010-925;"WSM 010-925 Piston Rings; Yamaha 700 / 1100 Standard";17,93
WSM;010-926-04;"WSM 010-926-04 Piston Rings; Yamaha 760 / 1200 .25mm Over";17,93
WSM;010-926-05;"WSM 010-926-05 Piston Rings; Yamaha 760 / 1200 .5mm Over";17,93
WSM;010-926-06;"WSM 010-926-06 Piston Rings; Yamaha 760 / 1200 .75mm Over";17,93
WSM;010-926-07;"WSM 010-926-07 Piston Rings; Yamaha 760 / 1200 1mm Over";17,93
WSM;010-926;"WSM 010-926 Piston Rings; Yamaha 760 / 1200 Standard";17,93
WSM;24-027;"WSM 24-027 Water Pump Rebuild Kit; Yamaha 125 YZ 05-19";17,93
WSM;24-031;"WSM 24-031 Water Pump Rebuild Kit; Yamaha 250 WR-F / YZ-F 01-13";17,93
WSM;24-029;"WSM 24-029 Water Pump Rebuild Kit; Yamaha 250 YZ / X 99-19";17,93
WSM;24-037;"WSM 24-037 Water Pump Rebuild Kit; Yamaha 350 Banshee 87-06";17,93
WSM;24-033;"WSM 24-033 Water Pump Rebuild Kit; Yamaha 400 - 450 WR-F / YZ-F 98-15";17,93
WSM;24-039;"WSM 24-039 Water Pump Rebuild Kit; Yamaha 450 YFZ 04-13";17,93
WSM;24-035;"WSM 24-035 Water Pump Rebuild Kit; Yamaha 450 YZ-F 10-13";17,93
WSM;003-201;"WSM 003-201 Damper; Kawasaki 300 - 900 77-11";17,94
WSM;003-105-01;"WSM 003-105-01 Drive Shaft Bellow; Sea-Doo 1503 2015";17,94
WSM;003-115;"WSM 003-115 Seal Carrier; Sea-Doo 580 - 951 90-02";17,94
WSM;016-222;"WSM 016-222 Carburetor Kit; Kawasaki / Suzuki 50 KFX / LT 02-06";17,98
WSM;016-412;"WSM 016-412 Carburetor Kit; Polaris 400 Sportsman 4x4 01-02";17,98
WSM;016-416;"WSM 016-416 Carburetor Kit; Polaris 500 Magnum / Sportsman 99-02";17,98
WSM;016-417;"WSM 016-417 Carburetor Kit; Polaris 700 Sportsman 4x4 02-06";17,98
WSM;016-217;"WSM 016-217 Carburetor Kit; Suzuki 185 LT 84-87";17,98
WSM;016-214;"WSM 016-214 Carburetor Kit; Suzuki 250 LT-F 00-02";17,98
WSM;016-216;"WSM 016-216 Carburetor Kit; Suzuki 500 Vinson 02-07";17,98
WSM;016-329;"WSM 016-329 Carburetor Kit; Yamaha 125 Grizzly 07-13";17,98
WSM;016-324;"WSM 016-324 Carburetor Kit; Yamaha 250 Big Bear / Bruin 05-09";17,98
WSM;016-325;"WSM 016-325 Carburetor Kit; Yamaha 250 Raptor 08-13";17,98
WSM;09-5289JL;"WSM 09-5289JL Brake Pads, Front; Kawasaki / Suzuki 200 - 500 87-07";18
WSM;120-260;"WSM 120-260 Intake Valve; Yamaha 150 - 350 Hp 4-Stroke 09-22";18
WSM;61-560-08;"WSM 61-560-08 Cable, Clutch; Yamaha 450 YZ-F 2003";18,02
WSM;61-685-04;"WSM 61-685-04 Cable, Hot Start; Suzuki 250 / 450 RMZ 08-15";18,02
WSM;61-100;"WSM 61-100 Cable, Throttle; Honda 90 TRX";18,02
WSM;511-20;"WSM 511-20 Gasket, Base; Yamaha 9.9 / 15 Hp 4-Stroke 98-09";18,02
WSM;785-210;"WSM 785-210 Poppet Valve Kit; Yamaha 4-Stroke 115Hp 1.8L";18,06
WSM;24-043;"WSM 24-043 Water Pump Rebuild Kit; Kawasaki / Suzuki 80 - 112 KX / RM 86-24";18,12
WSM;24-045;"WSM 24-045 Water Pump Rebuild Kit; Kawasaki 125 KX 03-05";18,12
WSM;24-047;"WSM 24-047 Water Pump Rebuild Kit; Suzuki 250 RM 03-08";18,12
WSM;725-505;"WSM 725-505 Water Pump Service Kit; Johnson / Suzuki 9.9 / 15 Hp 2 / 4-Stroke 83-11";18,13
WSM;24-023;"WSM 24-023 Water Pump Rebuild Kit; Yamaha 85 YZ 02-18";18,16
WSM;009-909-01;"WSM 009-909-01 Crankshaft Oil Seal Kit; Tiger Shark 770";18,17
WSM;506-25;"WSM 506-25 Gasket, Head; Yamaha 30 Hp 2 Cylinder 1997";18,18
WSM;775-515;"WSM 775-515 Thermostat; Crusader / Mercruiser 160° F";18,22
WSM;65-986;"WSM 65-986 Sensor, Shift Angle; Honda 400 / 500 Foreman / Rancher / Rubicon 01-14";18,23
WSM;600-280;"WSM 600-280 Fuel Filter; Mercury / Mercruiser 75 - 400 Hp";18,24
WSM;RSH-065-39;"WSM RSH-065-39 Sprocket, Rear; Honda 50 CRF-F / XR";18,24
WSM;PH375-0038;"WSM PH375-0038 Starter Solenoid; Mercruiser 12V";18,24
WSM;PH375-0039;"WSM PH375-0039 Starter Solenoid; Mercury / Mercruiser 35 - 275 Hp 73-90";18,24
WSM;775-200;"WSM 775-200 Thermostat; Honda / Tohatsu / Yamaha 3 - 250 Hp";18,24
WSM;009-797;"WSM 009-797 Water Pump Seal; Sea-Doo 1503 / 1630 4-Tec 02-26 / Can-Am 500 - 1000 99-26";18,24
WSM;010-207-04;"WSM 010-207-04 Crankshaft Lower Main Bearing; Mercury / Mariner 65 - 125 Hp";18,32
WSM;518-31-01;"WSM 518-31-01 Gasket, Intake; Yamaha 200 - 300 Hp 3.3L HPDI 03-10";18,32
WSM;004-520;"WSM 004-520 Camshaft Position Sensor; Sea-Doo 900 / 1503 / 1630 4-Tec 02-26 / Can-am 500 - 1000 07-12/17-26";18,36
WSM;65-420;"WSM 65-420 CDI Box; Honda 200 TRX 90-97";18,36
WSM;45-205;"WSM 45-205 Connecting Rod; Honda 250 ATC-R 1986";18,36
WSM;45-210;"WSM 45-210 Connecting Rod; Honda 250 TRX-R 86-89";18,36
WSM;510-48;"WSM 510-48 Gasket, Base; Force 70 / 75 Hp 3 Cyl";18,36
WSM;010-913-05;"WSM 010-913-05 Piston Rings; Kawasaki 550 SX 91-95 .5mm Over";18,36
WSM;010-913-07;"WSM 010-913-07 Piston Rings; Kawasaki 550 SX 91-95 1mm Over";18,36
WSM;010-913;"WSM 010-913 Piston Rings; Kawasaki 550 SX 91-95 Standard";18,36
WSM;RSS-007-22;"WSM RSS-007-22 Sprocket, Rear; Kawasaki / Suzuki 80 KFX / LT";18,4
WSM;RSS-008-26;"WSM RSS-008-26 Sprocket, Rear; Suzuki 80 LT 87-88";18,4
WSM;016-104;"WSM 016-104 Carburetor Kit; Kawasaki 300 Bayou 89-04";18,41
WSM;78-120;"WSM 78-120 Fuel Petcock; Yamaha 400 / 450 Grizzly / Kodiak 00-14";18,41
WSM;983-165;"WSM 983-165 Hinge Pin Tool; Mercruiser";18,44
WSM;700-515;"WSM 700-515 Water Pump Impeller; Johnson / Evinrude / Suzuki 25 - 60 Hp 4-Stroke";18,44
WSM;017-474-01;"WSM 017-474-01 Intake Valve; Can Am 450 - 1000 13-26";18,5
WSM;009-905J;"WSM 009-905J Crankshaft Oil Seal Kit; Sea-Doo 580 - 720 89-03";18,58
WSM;600-160-14;"WSM 600-160-14 Fuel Injector Packing Kit; Yamaha 150 - 300 Hp HPDI 00-15";18,59
WSM;009-912T;"WSM 009-912T Crankshaft Oil Seal Kit; Yamaha 800";18,6
WSM;600-288;"WSM 600-288 Fuel Filter; Mercury / Yamaha 30 - 115 Hp 4-Stroke 05-21";18,6
WSM;016-720;"WSM 016-720 Carburetor Kit; Honda 230 CRF-F 03-05";18,61
WSM;016-742;"WSM 016-742 Carburetor Kit; Honda 230 CRF-L 08-09";18,61
WSM;016-735;"WSM 016-735 Carburetor Kit; Honda 250 XR 96-04";18,61
WSM;012-611;"WSM 012-611 Hand Pole Bushings; 650 / 700 Super Jet 90-17";18,61
WSM;003-315;"WSM 003-315 Drive Shaft Holding Tool; Yamaha 500 / 650 87-96";18,64
WSM;515-55;"WSM 515-55 Gasket, Throttle Body; Johnson / Evinrude 150 - 200 Hp E-Tec 07-12";18,66
WSM;30-299;WSM 30-299 Lever, Brake: Polaris Victory ;18,66
WSM;30-211;WSM 30-211 Lever, Clutch: Polaris Victory ;18,66
WSM;004-279;"WSM 004-279 Temperature Sensor; Sea-Doo 1503 4-Tec 260 Hp 14-17";18,66
WSM;007-592-01;"WSM 007-592-01 Head Cover Gasket; Yamaha 1200 99-05";18,67
WSM;007-406;"WSM 007-406 Head Gasket; Kawasaki 650 87-96";18,67
WSM;010-236;"WSM 010-236 Jet Pump Bearing; Kawasaki 1100 / 1200 99-05";18,67
WSM;010-910-04;"WSM 010-910-04 Piston Rings; Kawasaki 650 86-96 .25mm Over";18,67
WSM;010-910-05;"WSM 010-910-05 Piston Rings; Kawasaki 650 86-96 .5mm Over";18,67
WSM;010-910-06;"WSM 010-910-06 Piston Rings; Kawasaki 650 86-96 .75mm Over";18,67
WSM;010-910-07;"WSM 010-910-07 Piston Rings; Kawasaki 650 86-96 1mm Over";18,67
WSM;010-910;"WSM 010-910 Piston Rings; Kawasaki 650 86-96 Standard";18,67
WSM;020-1001;"WSM 020-1001 Heavy Duty Mount Brackets; 40 - 45mm / 1.75''";18,68
WSM;010-298-01YEL;"WSM 010-298-01YEL Lower Main Bearing; Yamaha 200 / 250 Hp 3.3L 4-Stroke 02-10 #1 Yellow";18,7
WSM;010-298-01GRN;"WSM 010-298-01GRN Lower Main Bearing; Yamaha 200 / 250 Hp 3.3L 4-Stroke 02-10 #2 Green";18,7
WSM;010-298-01BLU;"WSM 010-298-01BLU Lower Main Bearing; Yamaha 200 / 250 Hp 3.3L 4-Stroke 02-10 #3 Blue";18,7
WSM;600-160-35;"WSM 600-160-35 O-Ring Kit, Fuel Rail; Mercury / Mariner 75 - 300 Hp DFI 99-18";18,73
WSM;700-605;"WSM 700-605 Water Pump Impeller; Mercruiser Bravo";18,73
WSM;445-226;"WSM 445-226 Bearing Carrier Nut; Mercury / Mariner / Mercruiser 105 - 300 Hp";18,76
WSM;006-665;"WSM 006-665 Carburetor Adapter; Keihin 38 / 40 / 42mm";18,76
WSM;006-666;"WSM 006-666 Carburetor Adapter; Keihin CDK II 38mm";18,76
WSM;006-664;"WSM 006-664 Carburetor Adapter; Mikuni 38 / 40mm I Series";18,76
WSM;006-662;"WSM 006-662 Carburetor Adapter; Mikuni 46mm";18,76
WSM;006-660;"WSM 006-660 Carburetor Adapter; Mikuni SBN 38mm";18,76
WSM;006-660-01;"WSM 006-660-01 Carburetor Adapter; Mikuni SBN 38mm With Oil Injection Fitting";18,76
WSM;006-661;"WSM 006-661 Carburetor Adapter; Mikuni SBN 44";18,76
WSM;006-661-01;"WSM 006-661-01 Carburetor Adapter; Mikuni SBN 44 With Oil Injection Fitting";18,76
WSM;006-667;"WSM 006-667 Carburetor Adapter; Yamaha 800 / 1200 97-04";18,76
WSM;009-908T;"WSM 009-908T Crankshaft Oil Seal Kit; Sea-Doo 951";18,76
WSM;006-405;"WSM 006-405 Fuel Pump Repair Kit; Kawasaki 650 87-91";18,76
WSM;006-401;"WSM 006-401 Fuel Pump Repair Kit; Yamaha 650 Wave Runner LX 1990";18,76
WSM;014-803;"WSM 014-803 Nut, Acorn; Kawasaki 300 / 650 - 1500 - Pack Of 10";18,76
WSM;004-148;"WSM 004-148 Coil, Charge; Yamaha 650 / 700 94-20";18,78
WSM;510-43;"WSM 510-43 Gasket, Engine Adaptor; Mercury 200 - 240 Hp Sport Jet";18,78
WSM;551-20;"WSM 551-20 Oil Seal, Crankshaft; Mercury / Yamaha 200 - 250 Hp 4-Stroke 02-21";18,78
WSM;830-065;"WSM 830-065 Belt, Timing; Yamaha 6 - 9.9 Hp 4-Stroke 01-22";18,82
WSM;65-210;"WSM 65-210 Coil, Ignition; Honda 350 TRX 00-06";18,83
WSM;65-114;"WSM 65-114 Starter Solenoid; Suzuki 160 - 300 LT 85-04";18,83
WSM;65-112;"WSM 65-112 Starter Solenoid; Suzuki 90 LT-Z 07-26";18,83
WSM;010-182-28;"WSM 010-182-28 Bearing Needles; Yamaha 25 - 30Hp 3 Cyl";18,84
WSM;010-207-05;"WSM 010-207-05 Crankshaft Lower Main Bearing; Johnson / Mercury / Mariner / Yamaha 105 - 300 Hp 85-10";18,84
WSM;58-215;"WSM 58-215 Piston Ring; KTM / Husqvarna / Gas Gas 125 SX / TC / MC 07-26";18,84
WSM;983-145;"WSM 983-145 Shift Cable Socket; Mercruiser";18,84
WSM;505-72;"WSM 505-72 Gasket, Head; Force 40 / 50 Hp 2 Cyl 92-99";18,85
WSM;24-001;"WSM 24-001 Water Pump Rebuild Kit; Honda 150 CRF-R 07-26";18,85
WSM;24-015;"WSM 24-015 Water Pump Rebuild Kit; Honda 450 CRF-R 02-08";18,85
WSM;24-007;"WSM 24-007 Water Pump Rebuild Kit; Honda 250 CRF-R / X 04-17";18,86
WSM;09-5709JL;"WSM 09-5709JL Brake Pads, Rear; KTM 60 / 65 SX 98-03";18,88
WSM;775-530;"WSM 775-530 Thermostat; Mercruiser / OMC / Volvo 160° F";18,88
WSM;775-535;"WSM 775-535 Thermostat; Mercruiser / Volvo 140° F";18,88
WSM;09-5182JL;"WSM 09-5182JL Brake Pads, Rear; Kawasaki / Suzuki / Yamaha 125 - 450 02-26";18,89
WSM;09-5223JL;"WSM 09-5223JL Brake Pads, Rear; Suzuki 85 RM 05-23";18,89
WSM;700-310;"WSM 700-310 Water Pump Impeller; Johnson / Evinrude 85 - 300 Hp V4 / V6";18,89
WSM;09-5166JL;"WSM 09-5166JL Brake Pads, Front & Rear; Yamaha 125 - 350 / 600 85-04";18,9
WSM;09-5521JL;"WSM 09-5521JL Brake Pads, Front; Can-Am 500 Traxter 99-01";18,9
WSM;09-5371JL;"WSM 09-5371JL Brake Pads, Front; Kawasaki / Suzuki 65 KX / RM 00-26";18,9
WSM;09-5204JL;"WSM 09-5204JL Brake Pads, Front; Kawasaki / Suzuki 80 - 125 95-09";18,9
WSM;61-556-11;"WSM 61-556-11 Cable, Clutch; Suzuki 650 DR-S 92-95";18,9
WSM;003-312;"WSM 003-312 Impeller Tool; Kawasaki 440 / 550 77-95";18,9
WSM;PH375-APL01;"WSM PH375-APL01 Starter Solenoid; Polaris 170 / 200 05-26";18,9
WSM;700-517;"WSM 700-517 Water Pump Impeller; Suzuki 40 - 65 Hp";18,9
WSM;68-220;"WSM 68-220 Ball Joint, Upper & Lower; Arctic Cat 250 - 1000 98-22";18,96
WSM;68-245;"WSM 68-245 Ball Joint, Upper & Lower; Can-Am 500 - 800 99-12";18,96
WSM;61-507-12;"WSM 61-507-12 Cable Push-Pull, Throttle; Kawasaki / Suzuki 250 / 450 KX-F / RMZ 04-06";18,96
WSM;61-620-17;"WSM 61-620-17 Cable, Clutch; Kawasaki 450 KLX-R 08-09";18,96
WSM;61-558-05;"WSM 61-558-05 Cable, Clutch; Suzuki 650 DR 96-26";18,96
WSM;61-183;"WSM 61-183 Cable, Hand Brake; Kawasaki 185 Bayou 85-88";18,96
WSM;61-506-02;"WSM 61-506-02 Cable, Throttle; Honda 230 CRF-F 03-19";18,96
WSM;61-507-01;"WSM 61-507-01 Cable, Throttle; Honda 250 / 450 CRF-R 02-17";18,96
WSM;61-505-10;"WSM 61-505-10 Cable, Throttle; KTM 250 - 530 05-14";18,96
WSM;61-184;"WSM 61-184 Cable, Throttle; Suzuki 450 LT-R 2009";18,96
WSM;016-754;"WSM 016-754 Carburetor Kit; Kawasaki 250 KX 99-07";18,96
WSM;016-801;"WSM 016-801 Carburetor Kit; Suzuki 85 RM 02-08";18,96
WSM;13-162-110;"WSM 13-162-110 Hose Clamp, Oetiker; 77mm";18,96
WSM;65-108;"WSM 65-108 Starter Solenoid; Polaris 325 - 1000 07-23";18,96
WSM;09-2205E;"WSM 09-2205E Brake Shoes, Rear; Suzuki 400 Eiger / King Quad 02-24";18,98
WSM;009-902-01T;"WSM 009-902-01T Crankshaft Oil Seal Kit; Kawasaki 1200 Ultra 150 1999";18,98
WSM;011-508;"WSM 011-508 Exhaust Coupler; Kawasaki 650 SX / X2 87-94";18,98
WSM;700-190;"WSM 700-190 Water Pump Impeller; Honda / Tohatsu 75 - 100 Hp";19,03
WSM;007-413;"WSM 007-413 Head Gasket; Yamaha 700 93-97";19,15
WSM;007-399-06;"WSM 007-399-06 Valve Cover Gasket; Sea-Doo 1503 / 1630 4-Tec 02-26";19,15
WSM;RSK-017-44;"WSM RSK-017-44 Sprocket, Rear; Kawasaki / Suzuki 60 / 80";19,19
WSM;016-472;"WSM 016-472 Carburetor Kit; Can-Am 400 Outlander 03-07";19,2
WSM;016-111;"WSM 016-111 Carburetor Kit; Kawasaki 250 Bayou 03-06";19,2
WSM;016-310;"WSM 016-310 Carburetor Kit; Yamaha 200 YFM 85-89";19,2
WSM;016-304;"WSM 016-304 Carburetor Kit; Yamaha 350 / 400 89-97";19,2
WSM;016-332;"WSM 016-332 Carburetor Kit; Yamaha 350 / 450 00-12";19,2
WSM;016-313;"WSM 016-313 Carburetor Kit; Yamaha 400 Kodiak 00-04";19,2
WSM;650-215;"WSM 650-215 Bow Roller; 3 Piece 4''";19,21
WSM;779-105;"WSM 779-105 Sensor,Oil Pressure Light Switch; OMC / Volvo";19,21
WSM;775-201K;"WSM 775-201K Thermostat Kit; Yamaha 2.5 Hp 4-Stroke";19,21
WSM;29-504;"WSM 29-504 Top End Gasket Kit; Yamaha 80 YFM 86-01";19,21
WSM;2000-125;WSM 2000-125 Trailer Light Bar LED;19,21
WSM;700-403;"WSM 700-403 Water Pump Impeller; Mercury / Yamaha 8 - 15 Hp";19,21
WSM;20-130;"WSM 20-130 Head Gasket; Yamaha 700 06-26";19,22
WSM;780-520;"WSM 780-520 Thermostat Kit; Mercruiser V6 / V8 140° F";19,26
WSM;003-400-05;"WSM 003-400-05 Bearing Housing Rubber Stopper; Yamaha 700 / 1100 93-20";19,28
WSM;010-198;"WSM 010-198 Center Main Thrust Ring; Kawasaki 1200 / 1500 03-09";19,28
WSM;004-152;"WSM 004-152 Coil, Lighting; Yamaha 500 89-93";19,28
WSM;004-153;"WSM 004-153 Coil, Pulser; Yamaha 650 / 700 90-99";19,28
WSM;010-196;"WSM 010-196 Crankshaft Bearing; Kawasaki 1200 / 1500 03-09";19,28
WSM;010-197;"WSM 010-197 Crankshaft Center Bearing; Kawasaki 1200 / 1500 03-09";19,28
WSM;550-12;"WSM 550-12 Crankshaft Seal; Johnson / Evinrude 90 - 175 Hp 60 Degree 91-06";19,28
WSM;007-594-09;"WSM 007-594-09 Exhaust Manifold Gasket; Yamaha 1800 08-23";19,28
WSM;007-582-01;"WSM 007-582-01 Exhaust Sealing Gasket Ring; Sea-Doo 951 98-07";19,28
WSM;518-30;"WSM 518-30 Gasket, Intake; Yamaha 150 - 250 Hp 6 Cylinder 97-15";19,28
WSM;008-689;"WSM 008-689 Generator Cover O-Ring; Yamaha 1800 / 1900 08-26";19,28
WSM;010-011;"WSM 010-011 Intake Valve; Kawasaki 1200 / 1500 03-26";19,28
WSM;010-199;"WSM 010-199 Lower Rod Bearing; Kawasaki 1500 STX / Ultra 250 / 260 04-09";19,28
WSM;007-594-06;"WSM 007-594-06 Muffler Damper Gasket; Yamaha 1100 05-15";19,28
WSM;007-595-01;"WSM 007-595-01 Muffler Gasket; Yamaha 1200 / 1300 99-08";19,28
WSM;0200-10-04;"WSM 200-10-04 Piston Rings; Mercury / Mariner 135 - 200 Hp 90-91 .010 Over";19,28
WSM;0200-10-05;"WSM 200-10-05 Piston Rings; Mercury / Mariner 135 - 200 Hp 90-91 .020 Over";19,28
WSM;0200-10-06;"WSM 200-10-06 Piston Rings; Mercury / Mariner 135 - 200 Hp 90-91 .030 Over";19,28
WSM;0200-10-07;"WSM 200-10-07 Piston Rings; Mercury / Mariner 135 - 200 Hp 90-91 .040 Over";19,28
WSM;200-10;"WSM 200-10 Piston Rings; Mercury / Mariner 135 - 200 Hp 90-91 Standard";19,28
WSM;200-10CH;"WSM 200-10CH Piston Rings; Mercury / Mariner 175 / 200 Hp Standard 2.4L Chrome Hole";19,28
WSM;010-495-29;"WSM 010-495-29 Power Valve Regulator Cover; Sea-Doo 800 / 951 95-06";19,28
WSM;004-120;"WSM 004-120 Starter Solenoid; Sea-Doo 580 / 650 90-94";19,28
WSM;775-20;"WSM 775-20 Thermostat; Mercury 6 - 125 Hp 120° F";19,28
WSM;004-222;"WSM 004-222 Voltage Regulator; Sea-Doo 580 - 800 90-02";19,31
WSM;020-1002;"WSM 020-1002 Heavy Duty Mount Brackets; 49 - 54mm / 2.00''";19,32
WSM;004-277;"WSM 004-277 Temperature Sensor; Sea-Doo / Can-Am 400 - 1630 98-26";19,32
WSM;515-35;"WSM 515-35 Gasket, Intake; Johnson / Evinrude 75 - 115 Hp V4 95-06";19,33
WSM;61-507-20;"WSM 61-507-20 Cable Push, Throttle; Kawasaki 650 KLR 87-07";19,34
WSM;61-507-19;"WSM 61-507-19 Cable Push-Pull, Throttle; Kawasaki 650 KLR 87-07";19,34
WSM;420-120;"WSM 420-120 Chain, 420 Series; 120 Link";19,34
WSM;420-130;"WSM 420-130 Chain, 420 Series; 130 Link";19,34
WSM;420-132;"WSM 420-132 Chain, 420 Series; 132 Link";19,34
WSM;428-110;"WSM 428-110 Chain, 428 Series; 110 Link";19,34
WSM;428-112;"WSM 428-112 Chain, 428 Series; 112 Link";19,34
WSM;428-114;"WSM 428-114 Chain, 428 Series; 114 Link";19,34
WSM;428-116;"WSM 428-116 Chain, 428 Series; 116 Link";19,34
WSM;428-118;"WSM 428-118 Chain, 428 Series; 118 Link";19,34
WSM;428-120;"WSM 428-120 Chain, 428 Series; 120 Link";19,34
WSM;21-204;"WSM 21-204 Crankshaft Seal Kit; Kawasaki 450 KFX-R 08-14";19,34
WSM;25-300-02;"WSM 25-300-02 Full Gasket Kit; Polaris 90 Predator / Scrambler / Sportsman 01-06";19,34
WSM;25-400;"WSM 25-400 Full Gasket Kit; Suzuki 50 ALT / LT / JR 78-07";19,34
WSM;25-401;"WSM 25-401 Full Gasket Kit; Suzuki 50 LT 02-05";19,34
WSM;25-1000;"WSM 25-1000 Full Gasket Kit; Yamaha 50 PW 90-21";19,34
WSM;581-903;"WSM 581-903 Gasket, Push Rod Cover; Mercruiser GM 4 Cylinder";19,34
WSM;49-14010B;"WSM 49-14010B Kill Switch; Black";19,34
WSM;49-14010BU;"WSM 49-14010BU Kill Switch; Blue";19,34
WSM;49-14010R;"WSM 49-14010R Kill Switch; Red";19,34
WSM;49-14010Y;"WSM 49-14010Y Kill Switch; Yellow";19,34
WSM;29-735;"WSM 29-735 Top End Gasket Kit; Kawasaki 125 KX 1988";19,34
WSM;29-736;"WSM 29-736 Top End Gasket Kit; Kawasaki 125 KX 1989";19,34
WSM;29-745;"WSM 29-745 Top End Gasket Kit; Kawasaki 200 KDX 89-94";19,34
WSM;29-746;"WSM 29-746 Top End Gasket Kit; Kawasaki 200 KDX 95-06";19,34
WSM;29-747;"WSM 29-747 Top End Gasket Kit; Kawasaki 220 KDX 97-05";19,34
WSM;29-806;"WSM 29-806 Top End Gasket Kit; KTM / GAS GAS / Husqvarna 65 09-23";19,34
WSM;29-1033;"WSM 29-1033 Top End Gasket Kit; Yamaha 250 YZ 97-98";19,34
WSM;29-1034;"WSM 29-1034 Top End Gasket Kit; Yamaha 250 YZ 99-00";19,34
WSM;09-5124JL;"WSM 09-5124JL Brake Pads, Front; Yamaha 200 / 225 TX / XT 01-26";19,39
WSM;1000-1225BK;"WSM 1000-1225BK Dock Line; 1/2'' x 25' Nylon Black";19,39
WSM;1000-1225BL;"WSM 1000-1225BL Dock Line; 1/2'' x 25' Nylon Blue";19,39
WSM;1000-1225G;"WSM 1000-1225G Dock Line; 1/2'' x 25' Nylon Gold";19,39
WSM;1000-1225NB;"WSM 1000-1225NB Dock Line; 1/2'' x 25' Nylon Navy Blue";19,39
WSM;1000-1225W;"WSM 1000-1225W Dock Line; 1/2'' x 25' Nylon White";19,39
WSM;010-243-02;"WSM 010-243-02 Jet Pump Bearing; Yamaha 1050 / 1800 / 1900 08-26";19,42
WSM;615-107;"WSM 615-107 Oil Filter; Yamaha 200 - 350 Hp 4-Stroke 07-22";19,43
WSM;200-10-045;"WSM 200-10-045 Piston Rings; Mercury / Mariner 135 - 200 Hp 90-91 .015 Over";19,43
WSM;582-303A;WSM 582-303A Intake Gasket: Mercruiser 5.0 / 5.7L 305 / 350 CI.;19,44
WSM;551-26;"WSM 551-26 Oil Seal, Crankshaft; Yamaha 75 - 300 Hp 4-Stroke 09-24 Upper";19,44
WSM;007-422;"WSM 007-422 Head Gasket; Polaris 780 95-97";19,45
WSM;523-18;"WSM 523-18 Gasket, Exhaust; Yamaha 150 Hp 4-Stroke 04-22";19,48
WSM;551-24;"WSM 551-24 Oil Seal, Crankshaft; Yamaha 150 Hp 4-Stroke 04-22";19,48
WSM;012-900;"WSM 012-900 Hood Shock; Sea-Doo 900 / 1630 20-26";19,5
WSM;700-415;"WSM 700-415 Water Pump Impeller; Yamaha 25 - 60 Hp";19,5
WSM;600-269;"WSM 600-269 Fuel Filter; Yamaha 75 - 225 Hp 4-Stroke 05-22";19,51
WSM;RSK-045-45;"WSM RSK-045-45 Sprocket, Rear; Kawasaki / Suzuki 65 KX / RM 00-26";19,55
WSM;RSY-018-45;"WSM RSY-018-45 Sprocket, Rear; Yamaha 50 - 110";19,55
WSM;515-40;"WSM 515-40 Gasket, Intake; Johnson / Evinrude 135 - 175 Hp 94-06";19,64
WSM;515-41;"WSM 515-41 Gasket, Intake; Johnson / Evinrude 135 - 175 Hp 94-06";19,64
WSM;004-802-01F;"WSM 004-802-01F Filter, Fuel Pump; Sea-Doo / 900 / 1503 / 1630 4-Tec 08-26 / Can-Am 700 - 1000 17-26";19,68
WSM;775-130;"WSM 775-130 Thermostat; Johnson / Evinrude 90 - 175 Hp 60 Degree";19,68
WSM;68-145;"WSM 68-145 Ball Joint, Lower; Yamaha 660 Grizzly 02-08";19,72
WSM;PH365-0011;"WSM PH365-0011 Breaker Points & Condenser Kit; Johnson / Evinrude 3 / 4 Hp 75-90";19,72
WSM;61-213;"WSM 61-213 Cable, Throttle; Polaris 335 99-00";19,72
WSM;61-539;"WSM 61-539 Cable, Throttle; Yamaha 50 PW 03-26";19,72
WSM;COUH148C;"WSM COUH148C Valve; 1/4''";19,72
WSM;506-15;"WSM 506-15 Gasket, Head Cover; Yamaha 115 / 130 Hp 4 Cylinder 84-10";19,74
WSM;29-720;"WSM 29-720 Top End Gasket Kit; Kawasaki 85 KX 01-13";19,74
WSM;29-1036;"WSM 29-1036 Top End Gasket Kit; Yamaha 250 YZ 02-25";19,74
WSM;017-403-01;"WSM 017-403-01 Intake Valve; Polaris 450 - 1000 11-25";19,76
WSM;009-902T;"WSM 009-902T Crankshaft Oil Seal Kit; Kawasaki 900 / 1100 95-06";19,79
WSM;1000-BP500;"WSM 1000-BP500 Bilge Pump; 500 GPH";19,8
WSM;009-798;"WSM 009-798 Water Pump Seal; Sea-Doo / Can-Am 900 14-25";19,8
WSM;700-430;"WSM 700-430 Water Pump Impeller; Yamaha 90 - 300 Hp";19,88
WSM;780-200;"WSM 780-200 Thermostat Kit; Mercury 90 Hp 3 Cylinder 87-04";19,9
WSM;61-557-03;"WSM 61-557-03 Cable, Clutch; Suzuki 250 RMZ 10-26";19,91
WSM;61-352;"WSM 61-352 Cable, Clutch; Suzuki 450 RMZ 05-07";19,91
WSM;600-320;"WSM 600-320 Fuel Filter; Honda / Tohatsu 40 - 60 Hp 4-Stroke";19,91
WSM;65-990;"WSM 65-990 Sensor, Shift Angle; Honda 450 TRX-ES Fourman 98-01";19,93
WSM;25-302;"WSM 25-302 Full Gasket Kit; Polaris 300 94-99";19,94
WSM;506-33;"WSM 506-33 Gasket, Head Cover; Yamaha 150 - 200 Hp 2.6L HPDI 00-15";20,04
WSM;506-20;"WSM 506-20 Gasket, Head; Yamaha 9.9 Hp 4-Stroke 85-05";20,04
WSM;778-107;"WSM 778-107 Sensor,Temperature; Mercury / Mercuriser 135 / 600 Hp";20,04
WSM;775-105;"WSM 775-105 Thermostat; Johnson / Evinrude 60 - 70 / 120 - 300 Hp V6";20,06
WSM;09-5171JL;"WSM 09-5171JL Brake Pads, Front; Yamaha 65 - 125 YZ / TT-R 86-26";20,08
WSM;016-221;"WSM 016-221 Carburetor Kit; Kawasaki / Suzuki 400 KFX / LT-Z 03-08";20,08
WSM;016-120;"WSM 016-120 Carburetor Kit; Kawasaki 250 Bayou 07-11";20,08
WSM;016-326;"WSM 016-326 Carburetor Kit; Yamaha 350 Wolverine 96-05";20,08
WSM;016-311;"WSM 016-311 Carburetor Kit; Yamaha 400 Kodiak 96-98";20,08
WSM;016-317;"WSM 016-317 Carburetor Kit; Yamaha 450 Kodiak / Wolverine 03-06";20,08
WSM;016-318;"WSM 016-318 Carburetor Kit; Yamaha 660 Grizzly 02-05";20,08
WSM;016-333;"WSM 016-333 Carburetor Kit; Yamaha 660 Grizzly 06-08";20,08
WSM;016-328;"WSM 016-328 Carburetor Kit; Yamaha 660 Rhino 04-07";20,08
WSM;009-913T;"WSM 009-913T Crankshaft Oil Seal Kit; Yamaha 1200 GP-R 00-02";20,08
WSM;009-913-01T;"WSM 009-913-01T Crankshaft Oil Seal Kit; Yamaha 1300 GP-R 03-08";20,08
WSM;009-910;"WSM 009-910 Crankshaft Oil Seal Kit; Yamaha 500";20,09
WSM;511-19;"WSM 511-19 Gasket, Base; Yamaha 25 Hp 4-Stroke 98-07";20,09
WSM;29-920;"WSM 29-920 Top End Gasket Kit; Kawasaki / Suzuki 100 KX / RM 98-13";20,09
WSM;29-306;"WSM 29-306 Top End Gasket Kit; Polaris 400 94-03";20,09
WSM;29-955;"WSM 29-955 Top End Gasket Kit; Suzuki 250 RMX 89-94";20,09
WSM;29-956;"WSM 29-956 Top End Gasket Kit; Suzuki 250 RMX 95-98";20,09
WSM;120-224;"WSM 120-224 Intake Valve; Yamaha 225 - 350 Hp 3.3 / 5.3L 4-Stroke 05-11";20,11
WSM;RSK-045-46;"WSM RSK-045-46 Sprocket, Rear; Kawasaki / Suzuki 65 KX / RM 00-26";20,14
WSM;775-505K;"WSM 775-505K Thermostat Kit; Mercruiser 140° F";20,16
WSM;011-704;"WSM 011-704 Bilge Pump Bracket Mount; Kawasaki 1500 SX-R";20,17
WSM;011-706;"WSM 011-706 Bilge Pump Bracket Mount; Kawasaki 450 / 550";20,17
WSM;011-703;"WSM 011-703 Bilge Pump Bracket Mount; Kawasaki 800 SX-R";20,17
WSM;011-705;"WSM 011-705 Bilge Pump Bracket Mount; Yamaha 700 Super Jet 94-Up";20,17
WSM;014-1085;"WSM 014-1085 Exhaust Wrap; 1'' x 50' - Black";20,17
WSM;65-002;"WSM 65-002 Ignition Switch; Arctic Cat 400 DVX 06-08";20,17
WSM;65-003;"WSM 65-003 Ignition Switch; Honda 250 TRX 01-20";20,17
WSM;65-004;"WSM 65-004 Ignition Switch; Honda 300 TRX 88-89";20,17
WSM;65-001;"WSM 65-001 Ignition Switch; Honda 300 TRX 90-00";20,17
WSM;65-005;"WSM 65-005 Ignition Switch; Honda 300 TRX-EX 93-06";20,17
WSM;65-006;"WSM 65-006 Ignition Switch; Honda 350 / 400 00-07";20,17
WSM;65-010;"WSM 65-010 Ignition Switch; Honda 400 TRX-EX 05-14";20,17
WSM;65-009;"WSM 65-009 Ignition Switch; Honda 400 TRX-EX 99-04";20,17
WSM;65-012;"WSM 65-012 Ignition Switch; Honda 420 / 500 Rancher / TRX 07-14";20,17
WSM;65-011;"WSM 65-011 Ignition Switch; Honda 420 Rancher / TRX 09-11";20,17
WSM;65-017;"WSM 65-017 Ignition Switch; Honda 450 / 500 TRX 01-04";20,17
WSM;65-013;"WSM 65-013 Ignition Switch; Honda 450 TRX 04-14";20,17
WSM;65-015;"WSM 65-015 Ignition Switch; Honda 500 TRX 05-06";20,17
WSM;65-020;"WSM 65-020 Ignition Switch; Honda 650 / 680 Rincon / TRX 03-22";20,17
WSM;65-022;"WSM 65-022 Ignition Switch; Kawasaki 400 KFX / LT-Z 03-04";20,17
WSM;65-023;"WSM 65-023 Ignition Switch; Kawasaki 400 KFX 05-06";20,17
WSM;65-024;"WSM 65-024 Ignition Switch; Polaris 150 - 1100 07-25";20,17
WSM;65-032;"WSM 65-032 Ignition Switch; Yamaha 125 - 700 01-13";20,17
WSM;65-033;"WSM 65-033 Ignition Switch; Yamaha 200 Blaster 88-06";20,17
WSM;65-044;"WSM 65-044 Ignition Switch; Yamaha 350 / 400 / 660 09-14";20,17
WSM;65-049;"WSM 65-049 Ignition Switch; Yamaha 350 Banshee 02-06";20,17
WSM;65-055;"WSM 65-055 Ignition Switch; Yamaha 400 / 450 / 700 02-18";20,17
WSM;65-053;"WSM 65-053 Ignition Switch; Yamaha 400 / 450 04-14";20,17
WSM;65-060;"WSM 65-060 Ignition Switch; Yamaha 450 - 1000 04-26";20,17
WSM;65-063;"WSM 65-063 Ignition Switch; Yamaha 450 / 550 / 700 Grizzly / Kodiak 09-26";20,17
WSM;65-026;"WSM 65-026 Ignition Switch; Yamaha 50 - 600 93-01";20,17
WSM;65-028;"WSM 65-028 Ignition Switch; Yamaha 80 - 350 87-01";20,17
WSM;003-555;"WSM 003-555 Impeller Housing Trim Seal; Yamaha 650 / 700 90-20";20,17
WSM;003-416-01;"WSM 003-416-01 Jet Pump Nose Cone; Yamaha 1050 - 1300 04-18";20,17
WSM;600-160-30;"WSM 600-160-30 O-Ring Kit, Fuel Injector; Mercury / Mariner 75 - 300 Hp DFI 99-18";20,17
WSM;65-116;"WSM 65-116 Starter Solenoid; Suzuki 250 Ozark 02-14";20,17
WSM;65-118;"WSM 65-118 Starter Solenoid; Suzuki 400 / 500 Eiger / Vinson 02-07";20,17
WSM;65-120;"WSM 65-120 Starter Solenoid; Suzuki 450 - 750 King Quad 06-25";20,17
WSM;65-134;"WSM 65-134 Starter Solenoid; Yamaha 250 - 450 /  660 99-04";20,17
WSM;65-132;"WSM 65-132 Starter Solenoid; Yamaha 250 - 700 00-26";20,17
WSM;007-335-05;"WSM 007-335-05 Throttle Body Gasket; Kawasaki 1500 STX / SX-R / Ultra 310 14-26";20,17
WSM;011-504;"WSM 011-504 Exhaust Coupler; Yamaha 1100 05-15";20,18
WSM;009-789-01;"WSM 009-789-01 Crankshaft Oil Seal; Sea-Doo 900 14-26";20,21
WSM;518-30-01;"WSM 518-30-01 Gasket, Intake; Yamaha 200 - 300 Hp 3.3L HPDI 03-10";20,22
WSM;700-512;"WSM 700-512 Water Pump Impeller; Suzuki 25 - 30 Hp 4-Stroke";20,22
WSM;003-208;"WSM 003-208 Damper; Kawasaki 1100 ZXI 96-03";20,24
WSM;003-209;"WSM 003-209 Damper; Kawasaki 1200 / 1500 99-26";20,24
WSM;505-45;"WSM 505-45 Gasket, Head; Mercury / Mariner 105 - 300 Hp 2.5 Liter V6";20,24
WSM;007-405;"WSM 007-405 Head Gasket; Kawasaki 550 JS / SX 82-90";20,24
WSM;007-408;"WSM 007-408 Head Gasket; Tiger Shark 640 / 650 93-99";20,24
WSM;007-400;"WSM 007-400 Head Gasket; Yamaha 500 89-93";20,24
WSM;007-403;"WSM 007-403 Head Gasket; Yamaha 650 90-96";20,24
WSM;007-410;"WSM 007-410 Head Gasket; Yamaha 700 94-20";20,24
WSM;009-731-01T;"WSM 009-731-01T Jet Pump Oil Seal; Sea-Doo 900 / 1503 / 1630 02-18";20,24
WSM;006-562;"WSM 006-562 Oil Filter Cap; Sea-Doo 1503 4-Tec 04-12";20,24
WSM;09-2302E;"WSM 09-2302E Brake Shoes, Front; Kawasaki 185 - 250 81-11";20,27
WSM;600-01;"WSM 600-01 Carburetor Kit; Mercury 3.9 - 135 Hp";20,29
WSM;600-412-01;"WSM 600-412-01 Fuel / Water, Filter; Mercury 175 - 450R";20,3
WSM;600-107-04;"WSM 600-107-04 VST O-Ring; Mercury / Mariner 75 - 350 Hp 4-Stroke";20,3
WSM;09-5286JL;"WSM 09-5286JL Brake Pads, Rear; Arctic Cat / Kawasaki / Suzuki 250 / 400 / 500";20,36
WSM;375-4477;"WSM 375-4477 Ignition Coil; Johnson / Evinrude 1.2 - 6 Hp 68-90";20,36
WSM;PH375-AKW01;"WSM PH375-AKW01 Starter Solenoid; Kawasaki 220 / 250 / 650 Bayou / KLX 88-11";20,36
WSM;PH375-APL02;"WSM PH375-APL02 Starter Solenoid; Polaris 250 - 700 85-06";20,36
WSM;600-120-01;"WSM 600-120-01 Fuel Pump Seal; Mercury / Mariner Verado 75 - 350 Hp 4-Stroke";20,4
WSM;527-105;"WSM 527-105 Gasket, Valve Cover; Mercury / Mariner 50 / 60 Hp 4-Stroke";20,4
WSM;09-5294JL;"WSM 09-5294JL Brake Pads, Front & Rear; Can-Am / Kawasaki / Polaris / Suzuki 80 - 250 82-07";20,41
WSM;006-561K;"WSM 006-561K Oil Filter Kit; Sea-Doo 1503 / 1630 4-Tec 16-26";20,42
WSM;29-120;"WSM 29-120 Top End Gasket Kit; Honda 185 / 200 ATC / XL 81-86";20,42
WSM;PH365-0003;"WSM PH365-0003 Fuse Assembly; Mercury / Mariner 200 - 300 Hp 78-94";20,44
WSM;PH365-0008;WSM PH365-0008 Starter Brush Loading Tool;20,44
WSM;PH375-ABB01;"WSM PH375-ABB01 Starter Solenoid; Can-Am 50 - 650 99-04";20,44
WSM;PH375-0029;"WSM PH375-0029 Starter Solenoid; Johnson / Evinrude 9.9 / 15 Hp 90-92";20,44
WSM;PH375-0028;"WSM PH375-0028 Starter Solenoid; Mercury 90 / 150 - 300 Hp 81-06";20,44
WSM;505-04;"WSM 505-04 Gasket, Head; Johnson / Evinrude 35 - 60 Hp 2 Cylinder Looper";20,47
WSM;505-39;"WSM 505-39 Gasket, Head; Mercury / Mariner 150 / 175 Hp 2.0 Liter V6 76-84";20,47
WSM;446-103;"WSM 446-103 Lower Unit Seal Kit; Johnson / Evinrude / Suzuki 40 - 60 Hp 4-Stroke";20,47
WSM;004-236;"WSM 004-236 Voltage Regulator; Kawasaki 750 - 1100 95-06";20,47
WSM;700-410;"WSM 700-410 Water Pump Impeller; Mariner / Yamaha 20 - 30 Hp";20,47
WSM;368-4922;"WSM 368-4922 Wires, Ignition Double Booted Set; Johnson / Evinrude 90 - 115 Hp 60 Degree 93-06";20,47
WSM;RSY-065-41;"WSM RSY-065-41 Sprocket, Rear; Yamaha 225";20,48
WSM;010-150-01;"WSM 010-150-01 Lower Rod Bearing; Johnson / Evinrude / Force / Mercury / Mariner 20 - 300 Hp";20,52
WSM;006-715-25;"WSM 006-715-25 Hose, Polyeurethane; 5/16'' x 25'";20,56
WSM;61-315;"WSM 61-315 Cable, Brake; Yamaha 200 Blaster 88-06";20,59
WSM;09-2034E;"WSM 09-2034E Brake Shoes, Rear; Honda 250 / 300 ATC / TRX 85-91";20,63
WSM;600-114-02;"WSM 600-114-02 Fuel Pump Seal; Mercury / Mariner 75 - 125 / 200 - 300 Hp DFI";20,68
WSM;09-2309E;"WSM 09-2309E Brake Shoes, Rear; Kawasaki 185 - 300 Bayou 85-11";20,69
WSM;RSK-045-47;"WSM RSK-045-47 Sprocket, Rear; Kawasaki / Suzuki 65 KX / RM 00-26";20,69
WSM;522-14;"WSM 522-14 Gasket, Exhaust; Force 90 / 95 Hp Sport Jet 93-97";20,7
WSM;375-2508;"WSM 375-2508 Ignition Coil; Johnson / Evinrude 2 - 300 Hp 85-06";20,7
WSM;20-102;"WSM 20-102 Head Gasket; Honda 250 TRX-R 86-89";20,71
WSM;700-213;"WSM 700-213 Water Pump Impeller; Evinrude / Mercury / Tohatsu 8 - 20 Hp";20,71
WSM;600-50;"WSM 600-50 Carburetor Kit; Nissan / Tohatsu / Yamaha 25 / 30 / 75 - 90 Hp With Float";20,75
WSM;650-495;"WSM 650-495 Stern Light; Plug-In 24'' All Around";20,75
WSM;007-336-06;"WSM 007-336-06 Exhaust Manifold Gasket; Kawasaki 1500 Ultra 250 / 260 / 300 07-11";20,76
WSM;007-594-05;"WSM 007-594-05 Exhaust Manifold Gasket; Yamaha 1100 05-15";20,76
WSM;522-16;"WSM 522-16 Gasket, Exhaust Manifold; Force 120 Hp";20,76
WSM;014-800;"WSM 014-800 Nut, Acorn; 5mm - Pack Of 10";20,76
WSM;010-093;"WSM 010-093 Oil Pump Outer Rotor; Sea-Doo 1503 / 1630 02-26";20,76
WSM;200-100-04;"WSM 200-100-04 Piston Rings; Johnson / Evinrude 28 - 70 Hp .010 Over";20,76
WSM;200-100-05;"WSM 200-100-05 Piston Rings; Johnson / Evinrude 28 - 70 Hp .020 Over";20,76
WSM;200-100-06;"WSM 200-100-06 Piston Rings; Johnson / Evinrude 28 - 70 Hp .030 Over";20,76
WSM;200-100-07;"WSM 200-100-07 Piston Rings; Johnson / Evinrude 28 - 70 Hp .040 Over";20,76
WSM;200-100;"WSM 200-100 Piston Rings; Johnson / Evinrude 28 - 70 Hp Standard";20,76
WSM;200-30-04;"WSM 200-30-04 Piston Rings; Mercury / Mariner 105 - 200 Hp 78-05 .010 Over";20,76
WSM;200-30-045;"WSM 200-30-045 Piston Rings; Mercury / Mariner 105 - 200 Hp 78-05 .015 Over";20,76
WSM;200-30-05;"WSM 200-30-05 Piston Rings; Mercury / Mariner 105 - 200 Hp 78-05 .020 Over";20,76
WSM;200-30-06;"WSM 200-30-06 Piston Rings; Mercury / Mariner 105 - 200 Hp 78-05 .030 Over";20,76
WSM;200-30;"WSM 200-30 Piston Rings; Mercury / Mariner 105 - 200 Hp 78-05 Standard";20,76
WSM;700-315;"WSM 700-315 Water Pump Impeller; Johnson / Evinrude 55 - 75 Hp";20,76
WSM;09-5128JL;"WSM 09-5128JL Brake Pads, Front & Rear; Can-Am / Suzuki / Yamaha 450 - 1000 04-25";20,77
WSM;09-5293JL;"WSM 09-5293JL Brake Pads, Front; Can-Am / Kawasaki / Suzuki / Yamaha / Husqvarna 125 - 1000";20,77
WSM;09-5161JL;"WSM 09-5161JL Brake Pads, Rear; Yamaha 200 / 225 / 350 85-95";20,77
WSM;010-296BLU;"WSM 010-296BLU Upper Center Main Bearing; Mercury / Yamaha 75 - 115 Hp 4-Stroke 99-11";20,77
WSM;010-296GRN;"WSM 010-296GRN Upper Center Main Bearing; Mercury / Yamaha 75 - 115 Hp 4-Stroke 99-11";20,77
WSM;010-296RED;"WSM 010-296RED Upper Center Main Bearing; Mercury / Yamaha 75 - 115 Hp 4-Stroke 99-11";20,77
WSM;009-911T;"WSM 009-911T Crankshaft Oil Seal Kit; Yamaha 650 - 760 / 1100 / 1200";20,8
WSM;600-121-02;"WSM 600-121-02 Fuel Pump Seal, Isolator; Mercury / Mariner 75 - 350 Hp 4-Stroke";20,81
WSM;510-38;"WSM 510-38 Gasket, Base; Mercury 200 - 300 Hp 2.5L";20,81
WSM;700-395;"WSM 700-395 Water Pump Impeller; Yamaha 6 - 9.9 Hp 4-Stroke";20,81
WSM;009-902-02T;"WSM 009-902-02T Crankshaft Oil Seal Kit; Kawasaki 1200 Ultra 150 00-05";20,83
WSM;25-200;"WSM 25-200 Full Gasket Kit; Kawasaki 50 KFX 03-06";20,83
WSM;585-985;"WSM 585-985 Gasket Set, Oil Pan; Mercruiser 7.4L / 8.2L V8 454 CI.";20,83
WSM;990-245;WSM 990-245 T-Handle Hex Key Set: Metric;20,83
WSM;29-685;"WSM 29-685 Top End Gasket Kit; Honda 500 CR 85-88";20,83
WSM;29-104;"WSM 29-104 Top End Gasket Kit; Honda 90 TRX 93-99";20,83
WSM;29-105;"WSM 29-105 Top End Gasket Kit; Honda 90 TRX 99-24";20,83
WSM;010-495-20;"WSM 010-495-20 Power Valve Housing; Sea-Doo 800 95-99";20,84
WSM;61-507-14;"WSM 61-507-14 Cable, Throttle; Kawasaki 250 / 450 KLX / KX-F 06-10";20,86
WSM;61-206;"WSM 61-206 Cable, Throttle; Polaris 350 / 400";20,86
WSM;61-511-02;"WSM 61-511-02 Cable, Throttle; Yamaha 250 / 450 WR-F / YZ-F 06-13";20,86
WSM;200-45-045;"WSM 200-45-045 Piston Rings; Mercury / Mariner 75 - 300 Hp .015 Over";20,86
WSM;505-46;"WSM 505-46 Gasket, Head; Mercury / Mariner 150 / 175 Hp 2.4 Liter V6 89-91";20,9
WSM;51-521;"WSM 51-521 Piston Rings; Yamaha 350 Banshee 87-06 Standard";20,93
WSM;700-355;"WSM 700-355 Water Pump Impeller; Mercury / Mariner / Nissan / Tohatsu 40 - 60 Hp 3 Cyl";20,94
WSM;003-611;"WSM 003-611 Bearing Housing Repair Kit; Kawasaki 550 - 1500 90-95";20,99
WSM;010-1307;"WSM 010-1307 Compressor Cylinder Sleeve; Sea-Doo 951 DI 03-07";21,02
WSM;505-10;"WSM 505-10 Gasket, Head; Johnson / Evinrude 120 - 140 Hp V4 Looper 88-01";21,16
WSM;68-105;"WSM 68-105 Ball Joint, Upper & Lower; Honda 350 - 1000 98-26";21,17
WSM;61-508;"WSM 61-508 Cable, Throttle; Suzuki 250 / 450 RMZ 04-07";21,17
WSM;016-730;"WSM 016-730 Carburetor Kit; Honda 150 CRF-F 06-17";21,17
WSM;13-162-76;"WSM 13-162-76 Hose Clamp, Oetiker; 41.0mm 10 Pack";21,17
WSM;RSS-002-38;"WSM RSS-002-38 Sprocket, Rear; Suzuki 125 / 185";21,17
WSM;RSS-002-49;"WSM RSS-002-49 Sprocket, Rear; Suzuki 50 / 125 / 185";21,17
WSM;RSS-002-51;"WSM RSS-002-51 Sprocket, Rear; Suzuki 50 / 125 / 185";21,17
WSM;PH175-0020;"WSM PH175-0020 Starter Drive; Chrysler / Force / Johnson / Evinrude 25 / 35 / 85 - 125 Hp - 10 Tooth";21,17
WSM;PH175-0013;"WSM PH175-0013 Starter Drive; Force / Yamaha 9.9 - 90 Hp - 9 Tooth 77-06";21,17
WSM;PH175-0009;"WSM PH175-0009 Starter Drive; Force 40 / 50 Hp - 13 Tooth 92-99";21,17
WSM;PH175-0007;"WSM PH175-0007 Starter Drive; Johnson / Evinrude / Mercury / Mariner 80 - 300 Hp - 8 Tooth 76-06";21,17
WSM;341-155;"WSM 341-155 Starter Drive; Johnson / Evinrude / Mercury / Mariner 85 - 140 Hp - 10 Tooth 73-01";21,17
WSM;PH175-0004;"WSM PH175-0004 Starter Drive; Johnson / Evinrude / Mercury / Mariner 85 - 140 Hp - 10 Tooth 73-01";21,17
WSM;PH175-0015;"WSM PH175-0015 Starter Drive; Johnson / Evinrude 115 - 300 Hp - 10 Tooth 98-17";21,17
WSM;PH175-0001;"WSM PH175-0001 Starter Drive; Johnson / Evinrude 20 - 35 Hp Cross Flow - 11 Tooth 76-94";21,17
WSM;PH175-0003;"WSM PH175-0003 Starter Drive; Johnson / Evinrude 20 - 75 Hp - 9 Tooth 72-94";21,17
WSM;PH175-0016;"WSM PH175-0016 Starter Drive; Johnson / Evinrude 8 - 15 Hp - 10 Tooth 74-01";21,17
WSM;PH175-0012;"WSM PH175-0012 Starter Drive; Mercury / Mariner 115 - 250 Hp - 9 Tooth 78-04";21,17
WSM;PH175-0022;"WSM PH175-0022 Starter Drive; Mercury / Mariner 115 / 150 / 175 Hp 6 Cyl 73-88";21,17
WSM;PH175-0014;"WSM PH175-0014 Starter Drive; Mercury 40 Hp 2 Cyl Cross Flow - 9 Tooth 80-83";21,17
WSM;PH175-0002;"WSM PH175-0002 Starter Drive; Mercury 40 Hp Cross Flow - 9 Tooth 80-83";21,17
WSM;PH175-0005;"WSM PH175-0005 Starter Drive; Mercury 90 - 120 Hp Sport Jet - 9 Tooth 93-98";21,17
WSM;775-515K;"WSM 775-515K Thermostat Kit; Mercruiser 160° F";21,17
WSM;29-128;"WSM 29-128 Top End Gasket Kit; Honda 250 / 300 TRX 87-09";21,17
WSM;781-100;"WSM 781-100 Thermostat Cover; Johnson / Evinrude 200 - 300 Hp E-Tec / FICHT";21,19
WSM;78-105;"WSM 78-105 Fuel Petcock; Suzuki / Yamaha 80 - 350 88-26";21,2
WSM;700-610;"WSM 700-610 Water Pump Impeller; Evinrude / OMC Cobra 68-85";21,2
WSM;810-145;"WSM 810-145 Bolts, Powerhead Mounting; Johnson / Evinrude 120 - 140 Hp V4 Looper";21,23
WSM;810-135;"WSM 810-135 Bolts, Powerhead Mounting; Johnson / Evinrude 200 - 250 Hp 6 Cyl. Looper";21,23
WSM;003-210;"WSM 003-210 Coupler; Kawasaki 300 - 750 86-96";21,23
WSM;003-214;"WSM 003-214 Coupler; Kawasaki 900 / 1100 96-06";21,23
WSM;511-12;"WSM 511-12 Gasket, Base; Yamaha 115 - 225 Hp 87-10";21,23
WSM;65-992;"WSM 65-992 Sensor, Shift Angle; Honda 250 - 1000 02-26";21,23
WSM;RSK-017-48;"WSM RSK-017-48 Sprocket, Rear; Kawasaki / Suzuki 60 / 80";21,23
WSM;RSK-015-48;"WSM RSK-015-48 Sprocket, Rear; Kawasaki 80 - 112";21,23
WSM;010-222-02;"WSM 010-222-02 Crankshaft Lower Main Bearing; Johnson / Suzuki / Yamaha 115 - 350 Hp";21,25
WSM;PH375-0011;"WSM PH375-0011 Starter Solenoid; Mercury / Mercruiser / OMC 40 - 150 Hp 70-80";21,25
WSM;RSK-045-48;"WSM RSK-045-48 Sprocket, Rear; Kawasaki / Suzuki 65 KX / RM 00-26";21,26
WSM;09-5063JL;"WSM 09-5063JL Brake Pads, Front & Rear; Kawasaki / Suzuki / Yamaha 65 - 500 85-14/18-26";21,31
WSM;09-2146E;"WSM 09-2146E Brake Shoes, Front & Rear; Yamaha 250 - 400";21,31
WSM;725-406;"WSM 725-406 Water Pump Service Kit; Mercury / Yamaha 2 Hp 89-02";21,32
WSM;33-140;"WSM 33-140 Clutch Cover Gasket; Honda 450 CRF-R 09-16";21,4
WSM;725-510;"WSM 725-510 Water Pump Service Kit; Suzuki 8 / 9.9 Hp DT 88-97";21,41
WSM;805-204-06;"WSM 805-204-06 Bolt, Connecting Rod; Mercury / Mariner 65 - 125 / 200 - 300 Hp (6 Pack)";21,43
WSM;RSH-066-45;"WSM RSH-066-45 Sprocket, Rear; Honda 60 - 80";21,43
WSM;725-175;"WSM 725-175 Water Pump Service Kit; Honda 40 / 50 Hp BF";21,43
WSM;09-5532JL;"WSM 09-5532JL Brake Pads, Auxiliary; Arctic Cat 250 - 550 / 700 / 1000 98-17";21,46
WSM;012-804L;"WSM 012-804L WSM T-Shirt; Large Black";21,53
WSM;012-804-01L;"WSM 012-804-01L WSM T-Shirt; Large Grey";21,53
WSM;012-804M;"WSM 012-804M WSM T-Shirt; Medium Black";21,53
WSM;012-804S;"WSM 012-804S WSM T-Shirt; Small Black";21,53
WSM;012-804XL;"WSM 012-804XL WSM T-Shirt; X Large Black";21,53
WSM;012-804-01XL;"WSM 012-804-01XL WSM T-Shirt; X Large Grey";21,53
WSM;003-207;"WSM 003-207 Damper; Yamaha 760 / 1100 / 1200 95-14";21,54
WSM;003-551;"WSM 003-551 Jet Pump Trim Seal; Kawasaki 750 - 1500 95-26";21,54
WSM;986-605;"WSM 986-605 Brush, Tilt Tube Steering; 1 Per Pack";21,55
WSM;25-713;"WSM 25-713 Full Gasket Kit; Kawasaki 80 KX 91-97";21,59
WSM;25-714;"WSM 25-714 Full Gasket Kit; Kawasaki 80 KX 98-00";21,59
WSM;785-200;"WSM 785-200 Poppet Valve Kit; Yamaha 90 / 225 Hp";21,59
WSM;010-062-01;"WSM 010-062-01 Timing Chain; Yamaha 1050 3 Cyl";21,59
WSM;29-851;"WSM 29-851 Top End Gasket Kit; KTM / Husqvarna 300 XC / XC-W / TE 08-16";21,59
WSM;700-255;"WSM 700-255 Water Pump Impeller; Johnson / Evinrude 25 - 70 Hp";21,59
WSM;09-2148E;"WSM 09-2148E Brake Shoes, Rear; Yamaha 350 / 400 / 600";21,64
WSM;775-515-01K;"WSM 775-515-01K Thermostat Kit; Mercruiser 160° F";21,64
WSM;725-515;"WSM 725-515 Water Pump Service Kit; Johnson / Evinrude / Suzuki 20 - 50 Hp";21,71
WSM;003-204;"WSM 003-204 Damper; Yamaha 800 - 1300 98-15";21,73
WSM;650-490;WSM 650-490 Stern/Anchor Light: 9'' Fold Down;21,78
WSM;775-205K;"WSM 775-205K Thermostat, Kit; Johnson / Evinrude /  Mercury / Mariner / Nissan / Tohatsu 4 - 30 Hp 4-Stroke";21,78
WSM;29-506;"WSM 29-506 Top End Gasket Kit; Yamaha 125 Breeze / Grizzly 89-13";21,78
WSM;61-208;"WSM 61-208 Cable, Throttle; Polaris 250 / 300";21,82
WSM;010-940-04;"WSM 010-940-04 Piston Rings; Kawasaki 900 .25mm Over";21,82
WSM;010-940-05;"WSM 010-940-05 Piston Rings; Kawasaki 900 .5mm Over";21,82
WSM;010-940-06;"WSM 010-940-06 Piston Rings; Kawasaki 900 .75mm Over";21,82
WSM;010-940-07;"WSM 010-940-07 Piston Rings; Kawasaki 900 1mm Over";21,82
WSM;010-940;"WSM 010-940 Piston Rings; Kawasaki 900 Standard";21,82
WSM;51-310-06;"WSM 51-310-06 Piston Rings; Polaris 300 94-96 .75mm Over";21,82
WSM;51-310-07;"WSM 51-310-07 Piston Rings; Polaris 300 94-96 1mm Over";21,82
WSM;51-310-04;"WSM 51-310-04 Piston Rings; Polaris 300 94-99 .25mm Over";21,82
WSM;51-310-05;"WSM 51-310-05 Piston Rings; Polaris 300 94-99 .5mm Over";21,82
WSM;51-310;"WSM 51-310 Piston Rings; Polaris 300 94-99 Standard";21,82
WSM;51-305-04;"WSM 51-305-04 Piston Rings; Polaris 400 94-96 .25mm Over";21,82
WSM;51-305-05;"WSM 51-305-05 Piston Rings; Polaris 400 94-96 .5mm Over";21,82
WSM;51-305-06;"WSM 51-305-06 Piston Rings; Polaris 400 94-96 .75mm Over";21,82
WSM;51-305-07;"WSM 51-305-07 Piston Rings; Polaris 400 94-96 1mm Over";21,82
WSM;51-305;"WSM 51-305 Piston Rings; Polaris 400 94-96 Std.";21,82
WSM;010-930-04;"WSM 010-930-04 Piston Rings; Polaris 750 .25mm Over";21,82
WSM;010-930-05;"WSM 010-930-05 Piston Rings; Polaris 750 .5mm Over";21,82
WSM;010-930-06;"WSM 010-930-06 Piston Rings; Polaris 750 .75mm Over";21,82
WSM;010-930-07;"WSM 010-930-07 Piston Rings; Polaris 750 1mm Over";21,82
WSM;010-930;"WSM 010-930 Piston Rings; Polaris 750 Standard";21,82
WSM;51-600-04;"WSM 51-600-04 Piston Rings; Suzuki 250 Quadracer 87-92 .25mm Over";21,82
WSM;51-600-05;"WSM 51-600-05 Piston Rings; Suzuki 250 Quadracer 87-92 .5mm Over";21,82
WSM;51-600-06;"WSM 51-600-06 Piston Rings; Suzuki 250 Quadracer 87-92 .75mm Over";21,82
WSM;51-600-07;"WSM 51-600-07 Piston Rings; Suzuki 250 Quadracer 87-92 1mm Over";21,82
WSM;51-600;"WSM 51-600 Piston Rings; Suzuki 250 Quadracer 87-92 Standard";21,82
WSM;51-605-04;"WSM 51-605-04 Piston Rings; Suzuki 500 Quadracer 87-90 .25mm Over";21,82
WSM;51-605-05;"WSM 51-605-05 Piston Rings; Suzuki 500 Quadracer 87-90 .5mm Over";21,82
WSM;51-605-06;"WSM 51-605-06 Piston Rings; Suzuki 500 Quadracer 87-90 .75mm Over";21,82
WSM;51-605-07;"WSM 51-605-07 Piston Rings; Suzuki 500 Quadracer 87-90 1mm Over";21,82
WSM;51-605;"WSM 51-605 Piston Rings; Suzuki 500 Quadracer 87-90 Standard";21,82
WSM;RSK-015-49;"WSM RSK-015-49 Sprocket, Rear; Kawasaki 80 - 112";21,82
WSM;830-190;"WSM 830-190 Belt, Alternator; Mercury / Mariner 225 - 300 Hp 3L";21,83
WSM;09-5586JL;"WSM 09-5586JL Brake Pads, Front; Can-Am 1000 14-20";21,83
WSM;09-5781JL;"WSM 09-5781JL Brake Pads, Front; KTM 65 SX 99-01";21,83
WSM;09-5306JL;"WSM 09-5306JL Brake Pads, Rear; Kawasaki / Suzuki / Yamaha 125 - 650 89-26";21,83
WSM;09-5502JL;"WSM 09-5502JL Brake Pads, Rear; Polaris 250 - 500 93-99";21,83
WSM;600-32-01;"WSM 600-32-01 Carburetor Kit; Johnson / Evinrude 90 - 175 Hp 60 Degree Without Float";21,83
WSM;600-65-01;"WSM 600-65-01 Carburetor Kit; Nissan / Yamaha 3 / 6 / 8 Hp Without Float";21,83
WSM;003-207-03;"WSM 003-207-03 Damper; Yamaha 1050 16-26";21,83
WSM;600-125-11;"WSM 600-125-11 Fuel Pump Repair Kit; Johnson / Suzuki 4 - 8 Hp 80-02";21,83
WSM;PH375-AAC02;"WSM PH375-AAC02 Starter Solenoid; Arctic Cat 250 - 500 96-05";21,83
WSM;PH375-MHN03;"WSM PH375-MHN03 Starter Solenoid; Honda 150 / 230 / 600 89-18";21,83
WSM;PH375-AHN04;"WSM PH375-AHN04 Starter Solenoid; Honda 70 - 650 ATC / TRX 77-07";21,83
WSM;PH375-MHN02;"WSM PH375-MHN02 Starter Solenoid; Honda Universal";21,83
WSM;PH375-AKW02;"WSM PH375-AKW02 Starter Solenoid; Kawasaki 110 - 1000 81-26";21,83
WSM;PH375-MKT02;"WSM PH375-MKT02 Starter Solenoid; KTM 690 - 990 04-12";21,83
WSM;PH375-ASZ01;"WSM PH375-ASZ01 Starter Solenoid; Suzuki 250 LT-Z / Ozark 02-14";21,83
WSM;PH375-ASZ03;"WSM PH375-ASZ03 Starter Solenoid; Suzuki 50 - 500 83-07";21,83
WSM;PH375-MSZ05;"WSM PH375-MSZ05 Starter Solenoid; Suzuki Universal";21,83
WSM;PH375-MYA04;"WSM PH375-MYA04 Starter Solenoid; Yamaha 225 XT 01-07";21,83
WSM;PH375-AYA03;"WSM PH375-AYA03 Starter Solenoid; Yamaha 250 - 700 00-26";21,83
WSM;PH375-AYA02;"WSM PH375-AYA02 Starter Solenoid; Yamaha 250 - 700 95-26";21,83
WSM;PH375-MYA02;"WSM PH375-MYA02 Starter Solenoid; Yamaha 250 / 1200 XT / Super Tenere 13-25";21,83
WSM;PH375-MYA06;"WSM PH375-MYA06 Starter Solenoid; Yamaha 250 WR-R / WR-X 08-20";21,83
WSM;PH375-AYA05;"WSM PH375-AYA05 Starter Solenoid; Yamaha Universal";21,83
WSM;PH375-MYA07;"WSM PH375-MYA07 Starter Solenoid; Yamaha Universal";21,83
WSM;775-120;"WSM 775-120 Thermostat; Chrysler / Johnson / Evinrude 55 - 135 Hp";21,83
WSM;584-100-12K;"WSM 584-100-12K Valve Stem Seal, Intake Kit; Mercruiser 4.3 - 6.2L V6 / V8 12 Pack";21,83
WSM;830-075;"WSM 830-075 Belt, Timing; Yamaha 9.9 / 15 Hp 4-Stroke 98-07";21,84
WSM;830-070;"WSM 830-070 Belt, Timing; Yamaha 9.9 Hp 4-Stroke 85-05";21,84
WSM;51-205-04;"WSM 51-205-04 Piston Rings; Honda 250 ATC-R / TRX-R 85-89 .25mm Over";21,84
WSM;51-205-05;"WSM 51-205-05 Piston Rings; Honda 250 ATC-R / TRX-R 85-89 .5mm Over";21,84
WSM;51-205-06;"WSM 51-205-06 Piston Rings; Honda 250 ATC-R / TRX-R 85-89 .75mm Over";21,84
WSM;51-205-07;"WSM 51-205-07 Piston Rings; Honda 250 ATC-R / TRX-R 85-89 1mm Over";21,84
WSM;51-300-04;"WSM 51-300-04 Piston Rings; Polaris 250 86-06 .25mm Over";21,84
WSM;51-300-05;"WSM 51-300-05 Piston Rings; Polaris 250 86-06 .5mm Over";21,84
WSM;51-300-06;"WSM 51-300-06 Piston Rings; Polaris 250 86-06 .75mm Over";21,84
WSM;51-300-07;"WSM 51-300-07 Piston Rings; Polaris 250 86-06 1mm Over";21,84
WSM;51-300;"WSM 51-300 Piston Rings; Polaris 250 86-06 Standard";21,84
WSM;68-255;"WSM 68-255 Ball Joint, Upper & Lower; Polaris 200 / 500 Phoenix / Predator / Sawtooth 03-26";21,88
WSM;016-719;"WSM 016-719 Carburetor Kit; Honda 150 CRF-F 03-05";21,88
WSM;016-705;"WSM 016-705 Carburetor Kit; Honda 250 CR 01-03";21,88
WSM;016-741;"WSM 016-741 Carburetor Kit; Honda 650 XR-L 93-12";21,88
WSM;016-706;"WSM 016-706 Carburetor Kit; Honda 85 CR 05-07";21,88
WSM;016-751;"WSM 016-751 Carburetor Kit; Kawasaki 85 KX 01-20";21,88
WSM;016-803;"WSM 016-803 Carburetor Kit; Suzuki 250 RM 01-06";21,88
WSM;016-855;"WSM 016-855 Carburetor Kit; Yamaha 250 YZ 00-01";21,88
WSM;016-856;"WSM 016-856 Carburetor Kit; Yamaha 250 YZ 02-06";21,88
WSM;016-867;"WSM 016-867 Carburetor Kit; Yamaha 50 TT-R 06-09";21,88
WSM;016-874;"WSM 016-874 Carburetor Kit; Yamaha 90 TT-R 00-05";21,88
WSM;003-123K;"WSM 003-123K Drive Shaft Bellow Kit; Sea-Doo 900 14-21";21,88
WSM;PH375-0034;"WSM PH375-0034 Starter Solenoid; Force / Mercury / Mariner / Yamaha 25 - 225 Hp";21,89
WSM;PH375-0027;"WSM PH375-0027 Starter Solenoid; Johnson / Evinrude / Mercruiser 75 - 250 Hp 97-05";21,89
WSM;PH375-0030;"WSM PH375-0030 Starter Solenoid; Johnson / Evinrude 115 / 135 Hp Cross Flow 74-75";21,89
WSM;PH375-0031;"WSM PH375-0031 Starter Solenoid; Mercruiser 12V";21,89
WSM;PH375-0035;"WSM PH375-0035 Starter Solenoid; Mercruiser 12V";21,89
WSM;PH375-0036;"WSM PH375-0036 Starter Solenoid; Mercruiser 12V";21,89
WSM;PH375-0037;"WSM PH375-0037 Starter Solenoid; Mercury / Mariner 65 - 300 Hp 88-18";21,89
WSM;PH375-0033;"WSM PH375-0033 Trim Assembly Solenoid; Johnson / Evinrude 70 - 235 Hp 76-81";21,89
WSM;COUH131C;"WSM COUH131C Valve; 1/4''";21,89
WSM;016-475;"WSM 016-475 Carburetor Kit; Can-Am 650 DS 02-07";21,9
WSM;010-219;"WSM 010-219 Crankshaft Upper Main Bearing; Yamaha 200 - 300 Hp";21,96
WSM;78-134;"WSM 78-134 Fuel Petcock; Universal - 8mm";21,96
WSM;25-703;"WSM 25-703 Full Gasket Kit; Kawasaki / Suzuki 60 KX / RM 85-03";21,96
WSM;51-548-04;"WSM 51-548-04 Piston Rings; Yamaha 450 03-26 .25mm Over";21,96
WSM;51-548-05;"WSM 51-548-05 Piston Rings; Yamaha 450 03-26 .5mm Over";21,96
WSM;51-548-06;"WSM 51-548-06 Piston Rings; Yamaha 450 03-26 .75mm Over";21,96
WSM;51-548-07;"WSM 51-548-07 Piston Rings; Yamaha 450 03-26 1mm Over";21,96
WSM;950-195;"WSM 950-195 Supercharger Socket; Sea-Doo 1503 4-Tec 03-09";21,96
WSM;29-1020;"WSM 29-1020 Top End Gasket Kit; Yamaha 200 TW 88-96";21,96
WSM;29-1035;"WSM 29-1035 Top End Gasket Kit; Yamaha 250 YZ 2001";21,96
WSM;700-300;"WSM 700-300 Water Pump Impeller; Johnson / Evinrude 40 - 75 Hp";21,96
WSM;21-502;"WSM 21-502 Crankshaft Seal Kit; Yamaha 350 Banshee 87-06";21,97
WSM;RSH-066-46;"WSM RSH-066-46 Sprocket, Rear; Honda 60 - 80";21,97
WSM;RSE-012-46;"WSM RSE-012-46 Sprocket, Rear; KTM 60 / 65";21,97
WSM;RSY-005-38;"WSM RSY-005-38 Sprocket, Rear; Yamaha 100 - 660";22
WSM;RSY-005-39;"WSM RSY-005-39 Sprocket, Rear; Yamaha 100 - 660";22
WSM;RSY-005-40;"WSM RSY-005-40 Sprocket, Rear; Yamaha 100 - 660";22
WSM;010-290;"WSM 010-290 Upper Main Bearing; Johnson / Evinrude 25 - 35 Hp Cross Flow 76-84";22,02
WSM;510-44;"WSM 510-44 Gasket, Drive Housing; Mercury 200 - 250 Hp Sport Jet";22,1
WSM;600-32B;"WSM 600-32B Carburetor Bowl; Johnson / Evinrude 90 - 175 Hp 60 Degree 94-06";22,14
WSM;506-85;"WSM 506-85 Gasket, Head; Nissan / Tohatsu 40 / 50 Hp 3 Cyl";22,14
WSM;506-07;"WSM 506-07 Gasket, Head; Yamaha 40 / 50 Hp 3 Cylinder 84-94";22,14
WSM;600-58;"WSM 600-58 Carburetor Kit; Mercury / Nissan / Yamaha 30 - 50 Hp With Float";22,15
WSM;650-205;"WSM 650-205 Keel Roller; 12'' x 5/8''";22,15
WSM;RSK-046-46;"WSM RSK-046-46 Sprocket, Rear; Kawasaki 65 KX 00-09";22,15
WSM;09-5370JL;"WSM 09-5370JL Brake Pads, Front; Kawasaki 650 / 700 Brute Force / KFX / Prairie 02-13";22,18
WSM;785-205;"WSM 785-205 Poppet Valve Kit; Mercury / Yamaha 4-Stroke";22,18
WSM;505-03;"WSM 505-03 Gasket, Head; Johnson / Evinrude 150 - 235 Hp V6 Cross Flow 80-91";22,19
WSM;520-05;"WSM 520-05 	Gasket, Exhaust; Johnson / Evinrude 150 - 235 Hp V6 Cross Flow 78-91";22,27
WSM;68-235;"WSM 68-235 Ball Joint, Lower; Can-Am 450 - 1000 12-26";22,27
WSM;68-240;"WSM 68-240 Ball Joint, Upper; Can-Am 450 - 1000 12-26";22,27
WSM;600-55;"WSM 600-55 Carburetor Kit; Yamaha 75 / 90 Hp Without Float";22,27
WSM;010-195;"WSM 010-195 Crankshaft Bearing; Kawasaki 1200 / 1500 03-09";22,27
WSM;009-902-05T;"WSM 009-902-05T Crankshaft Oil Seal Kit; Kawasaki 1200 / 1500 03-26";22,27
WSM;582-315K;"WSM 582-315K Gasket Kit, Intake; GM 4.3L";22,27
WSM;007-409;"WSM 007-409 Head Gasket; Kawasaki 550 SX 91-95";22,27
WSM;003-316-02;"WSM 003-316-02 Impeller Tool; Sea-Doo 1503 GTX 03-09 Small 22mm";22,27
WSM;010-095;"WSM 010-095 Oil Pump Cover Plate; Sea-Doo 1503 / 1630 02-26";22,27
WSM;010-096;"WSM 010-096 Oil Pump Cover; Sea-Doo 1503 / 1630 02-26";22,27
WSM;010-497-08;"WSM 010-497-08 Power Valve Link; Yamaha 800 / 1200 /  1300 98-05";22,27
WSM;010-495-28;"WSM 010-495-28 Power Valve Regulator Housing; Sea-Doo 800 RFI 03-05";22,27
WSM;010-495-08;"WSM 010-495-08 Power Valve Water Box Bellow; Sea-Doo 800 / 951 95-05";22,27
WSM;950-110;"WSM 950-110 Supercharger Retaining Key; Sea-Doo 1503 4-Tec 03-09";22,27
WSM;775-205;"WSM 775-205 Thermostat; Honda / Johnson / Mercury / Nissan / Yamaha 4 - 225 Hp 4-Stroke";22,27
WSM;983-100;"WSM 983-100 Thread Chaser Adapter; Yamaha 40 - 50 Hp";22,27
WSM;006-438;"WSM 006-438 Throttle Valve Rebuild Kit; Mikuni SBN";22,27
WSM;006-444;"WSM 006-444 Throttle Valve Rebuild Kit; Mikuni SBN";22,27
WSM;006-446;"WSM 006-446 Throttle Valve Rebuild Kit; Mikuni SBN";22,27
WSM;010-074;"WSM 010-074 Timing Chain Damper; Yamaha 1000 - 1100 02-26";22,27
WSM;002-501;"WSM 002-501 Trim Rod End; Sea-Doo 951 98-04";22,27
WSM;010-041;"WSM 010-041 Valve Guide, Exhaust / Intake; Sea-Doo 1503 / 1630 4-Tec 04-26";22,27
WSM;004-234;"WSM 004-234 Voltage Regulator; Kawasaki 440 / 550 JS / SX 92-95";22,27
WSM;700-420;"WSM 700-420 Water Pump Impeller; Mariner / Yamaha 40 - 75 Hp";22,27
WSM;1000-BP750;"WSM 1000-BP750 Bilge Pump; 750 GPH";22,31
WSM;002-034-01;WSM 002-034-01 Throttle Cable: Kawasaki 750 / 900 STX 96-99;22,31
WSM;61-507-16;"WSM 61-507-16 Cable Pull, Throttle; Kawasaki 300 KLX 97-07";22,33
WSM;61-507-17;"WSM 61-507-17 Cable Push, Throttle; Kawasaki 300 KLX 97-07";22,33
WSM;61-510;"WSM 61-510 Cable, Throttle; Yamaha 250 / 350 TT / XT 85-06";22,33
WSM;428-124;"WSM 428-124 Chain, 428 Series; 124 Link";22,33
WSM;428-130;"WSM 428-130 Chain, 428 Series; 130 Link";22,33
WSM;428-132;"WSM 428-132 Chain, 428 Series; 132 Link";22,33
WSM;428-134;"WSM 428-134 Chain, 428 Series; 134 Link";22,33
WSM;520-100;"WSM 520-100 Chain, 520 Series; 100 Link";22,33
WSM;520-102;"WSM 520-102 Chain, 520 Series; 102 Link";22,33
WSM;520-96;"WSM 520-96 Chain, 520 Series; 96 Link";22,33
WSM;520-98;"WSM 520-98 Chain, 520 Series; 98 Link";22,33
WSM;990-315;"WSM 990-315 Clutch Hub Holder; Universal";22,33
WSM;503-872;"WSM 503-872 Cover Kit, Timing; Gen IV / V 7.4 / 8.2L 454 / 502 CI.";22,33
WSM;21-400;"WSM 21-400 Crankshaft Seal Kit; Suzuki 450 LT-R 06-09";22,33
WSM;25-300-03;"WSM 25-300-03 Full Gasket Kit; Polaris 90 Predator 05-06";22,33
WSM;584-170;"WSM 584-170 Rear Main Seal; Mercruiser 4.3 / 5.0 / 5.7L 262 / 305 / 350 CI.";22,33
WSM;584-175;"WSM 584-175 Seal, Timing Cover; Mercruiser / OMC / Volvo 4.3 / 5.0 / 5.7L 262 / 305 / 350 CI.";22,33
WSM;950-110-16;"WSM 950-110-16 Supercharger Gear Holding Tool; Sea-Doo 1503 4-Tec";22,33
WSM;950-110-17;"WSM 950-110-17 Supercharger Gear Holding Tool; Sea-Doo 1503 4-Tec";22,33
WSM;584-135;"WSM 584-135 Timing Cover Seal; Mercruiser / OMC Gen IV / V 7.4L 454 CI.";22,33
WSM;200-210-04;"WSM 200-210-04 Piston Rings; Chrysler / Force 40 - 150 Hp .010 Over";22,34
WSM;200-210-05;"WSM 200-210-05 Piston Rings; Chrysler / Force 40 - 150 Hp .020 Over";22,34
WSM;200-210-06;"WSM 200-210-06 Piston Rings; Chrysler / Force 40 - 150 Hp .030 Over";22,34
WSM;200-210-07;"WSM 200-210-07 Piston Rings; Chrysler / Force 40 - 150 Hp .040 Over";22,34
WSM;200-210;"WSM 200-210 Piston Rings; Chrysler / Force 40 - 150 Hp Standard";22,34
WSM;200-103-04;"WSM 200-103-04 Piston Rings; Johnson / Evinrude 18 - 35 / 60 - 75 Hp .010 Over";22,34
WSM;200-103-05;"WSM 200-103-05 Piston Rings; Johnson / Evinrude 18 - 35 / 60 - 75 Hp .020 Over";22,34
WSM;200-103-06;"WSM 200-103-06 Piston Rings; Johnson / Evinrude 18 - 35 / 60 - 75 Hp .030 Over";22,34
WSM;200-103-07;"WSM 200-103-07 Piston Rings; Johnson / Evinrude 18 - 35 / 60 - 75 Hp .040 Over";22,34
WSM;200-103;"WSM 200-103 Piston Rings; Johnson / Evinrude 18 - 35 / 60 - 75 Hp Standard";22,34
WSM;200-125-04;"WSM 200-125-04 Piston Rings; Johnson / Evinrude 200 - 250 Hp 93-01 .010 Over";22,34
WSM;200-125-05;"WSM 200-125-05 Piston Rings; Johnson / Evinrude 200 - 250 Hp 93-01 .020 Over";22,34
WSM;200-125-06;"WSM 200-125-06 Piston Rings; Johnson / Evinrude 200 - 250 Hp 93-01 .030 Over";22,34
WSM;200-125-07;"WSM 200-125-07 Piston Rings; Johnson / Evinrude 200 - 250 Hp 93-01 .040 Over";22,34
WSM;200-125;"WSM 200-125 Piston Rings; Johnson / Evinrude 200 - 250 Hp 93-01 Standard";22,34
WSM;200-20-04;"WSM 200-20-04 Piston Rings; Mercury / Mariner / Sea-Doo 65 - 210 / 2500 .010 Over";22,34
WSM;200-20-045;"WSM 200-20-045 Piston Rings; Mercury / Mariner / Sea-Doo 65 - 210 / 2500 .015 Over";22,34
WSM;200-20-05;"WSM 200-20-05 Piston Rings; Mercury / Mariner / Sea-Doo 65 - 210 / 2500 .020 Over";22,34
WSM;200-20-06;"WSM 200-20-06 Piston Rings; Mercury / Mariner / Sea-Doo 65 - 210 / 2500 .030 Over";22,34
WSM;200-20-07;"WSM 200-20-07 Piston Rings; Mercury / Mariner / Sea-Doo 65 - 210 / 2500 .040 Over";22,34
WSM;200-20;"WSM 200-20 Piston Rings; Mercury / Mariner / Sea-Doo 65 - 210 / 2500 Standard";22,34
WSM;200-30-07;"WSM 200-30-07 Piston Rings; Mercury / Mariner 105 - 200 Hp 78-05 .040 Over";22,34
WSM;200-25-04;"WSM 200-25-04 Piston Rings; Mercury / Mariner 70 - 115 Hp Looper 87-93 .010 Over";22,34
WSM;200-25-045;"WSM 200-25-045 Piston Rings; Mercury / Mariner 70 - 115 Hp Looper 87-93 .015 Over";22,34
WSM;200-25-05;"WSM 200-25-05 Piston Rings; Mercury / Mariner 70 - 115 Hp Looper 87-93 .020 Over";22,34
WSM;200-25-06;"WSM 200-25-06 Piston Rings; Mercury / Mariner 70 - 115 Hp Looper 87-93 .030 Over";22,34
WSM;200-25-07;"WSM 200-25-07 Piston Rings; Mercury / Mariner 70 - 115 Hp Looper 87-93 .040 Over";22,34
WSM;200-25;"WSM 200-25 Piston Rings; Mercury / Mariner 70 - 115 Hp Looper 87-93 Standard";22,34
WSM;200-45-04;"WSM 200-45-04 Piston Rings; Mercury / Mariner 75 - 300 Hp .010 Over";22,34
WSM;200-45-05;"WSM 200-45-05 Piston Rings; Mercury / Mariner 75 - 300 Hp .020 Over";22,34
WSM;200-45-06;"WSM 200-45-06 Piston Rings; Mercury / Mariner 75 - 300 Hp .030 Over";22,34
WSM;200-45-07;"WSM 200-45-07 Piston Rings; Mercury / Mariner 75 - 300 Hp .040 Over";22,34
WSM;200-45;"WSM 200-45 Piston Rings; Mercury / Mariner 75 - 300 Hp Standard";22,34
WSM;200-250-04;"WSM 200-250-04 Piston Rings; Yamaha 20 / 25 Hp 2 Cyl .010 Over";22,34
WSM;200-250-05;"WSM 200-250-05 Piston Rings; Yamaha 20 / 25 Hp 2 Cyl .020 Over";22,34
WSM;200-250-06;"WSM 200-250-06 Piston Rings; Yamaha 20 / 25 Hp 2 Cyl .030 Over";22,34
WSM;200-250-07;"WSM 200-250-07 Piston Rings; Yamaha 20 / 25 Hp 2 Cyl .040 Over";22,34
WSM;200-250;"WSM 200-250 Piston Rings; Yamaha 20 / 25 Hp 2 Cyl Standard";22,34
WSM;200-260-04;"WSM 200-260-04 Piston Rings; Yamaha 40 / 50 Hp 84-88 .010 Over";22,34
WSM;200-260-05;"WSM 200-260-05 Piston Rings; Yamaha 40 / 50 Hp 84-88 .020 Over";22,34
WSM;200-260-06;"WSM 200-260-06 Piston Rings; Yamaha 40 / 50 Hp 84-88 .030 Over";22,34
WSM;200-260-07;"WSM 200-260-07 Piston Rings; Yamaha 40 / 50 Hp 84-88 .040 Over";22,34
WSM;200-255-04;"WSM 200-255-04 Piston Rings; Yamaha 60 / 70 Hp .010 Over";22,34
WSM;200-255-05;"WSM 200-255-05 Piston Rings; Yamaha 60 / 70 Hp .020 Over";22,34
WSM;200-255-06;"WSM 200-255-06 Piston Rings; Yamaha 60 / 70 Hp .030 Over";22,34
WSM;200-255-07;"WSM 200-255-07 Piston Rings; Yamaha 60 / 70 Hp .040 Over";22,34
WSM;200-255;"WSM 200-255 Piston Rings; Yamaha 60 / 70 Hp Standard";22,34
WSM;RSK-017-50;"WSM RSK-017-50 Sprocket, Rear; Kawasaki / Suzuki 60 / 80";22,36
WSM;RSK-015-50;"WSM RSK-015-50 Sprocket, Rear; Kawasaki 80 - 112";22,36
WSM;09-5067JL;"WSM 09-5067JL Brake Pads, Front & Rear; Honda / Kawasaki / Suzuki / Yamaha 80 - 660 83-26";22,38
WSM;775-200K;"WSM 775-200K Thermostat Kit; Yamaha 60 / 70 Hp 01-08";22,38
WSM;010-051K;"WSM 010-051K Seal, Valve Stem, Intake; Yamaha 1000 / 1100 02-15 Pack of 12";22,43
WSM;010-143-28;"WSM 010-143-28 Bearing Needles; Mercury 50 - 60 Hp";22,45
WSM;09-5277JL;"WSM 09-5277JL Brake Pads, Front; Suzuki 230 / 250 / 500 85-93";22,45
WSM;006-713-100;"WSM 006-713-100 Hose, Polyeurethane; 1/8'' x 100'";22,46
WSM;600-78-01;"WSM 600-78-01 Carburetor Kit; Yamaha 75 / 80 Hp Without Float";22,48
WSM;780-115;"WSM 780-115 Thermostat Kit; Johnson / Evinrude 60 - 75 Hp 3 Cylinder Looper 86-88";22,52
WSM;600-297-02;"WSM 600-297-02 Fuel Filter; Mercury /  Yamaha 50 - 90 Hp 4-Stroke 00-22";22,54
WSM;003-100-02-10;"WSM 003-100-02-10 Rubber Boot Clamp; Sea-Doo 580 - 951 89-06";22,57
WSM;RSH-066-47;"WSM RSH-066-47 Sprocket, Rear; Honda 60 - 80";22,57
WSM;RSH-066-49;"WSM RSH-066-49 Sprocket, Rear; Honda 60 - 80";22,57
WSM;950-145;"WSM 950-145 Alignment Tool Adapter; Sea-Doo 580 - 720 / 951 92-03";22,61
WSM;007-574-04;"WSM 007-574-04 Throttle Body Gasket Insulator; Yamaha 1050 / 1800 16-26";22,61
WSM;950-160;"WSM 950-160 Seal Pusher; Sea-Doo 580 - 720";22,62
WSM;68-115;"WSM 68-115 Ball Joint, Lower; Honda 250 TRX 97-26";22,63
WSM;68-120;"WSM 68-120 Ball Joint, Lower; Honda 250 TRX-EX 01-21";22,63
WSM;68-160;"WSM 68-160 Ball Joint, Upper & Lower; Suzuki 230 - 300 / 500 LT/ Quadracer 85-02";22,63
WSM;016-854;"WSM 016-854 Carburetor Kit; Yamaha 125 YZ 02-04";22,63
WSM;016-859;"WSM 016-859 Carburetor Kit; Yamaha 250 YZ 07-21";22,63
WSM;RSK-001-50;"WSM RSK-001-50 Sprocket, Rear; Kawasaki 110 KLT 84-86";22,63
WSM;RSK-007-50;"WSM RSK-007-50 Sprocket, Rear; Kawasaki 110 Mojave 87-88";22,63
WSM;RSY-038-36;"WSM RSY-038-36 Sprocket, Rear; Yamaha 600 XT 84-95";22,63
WSM;600-292;"WSM 600-292 Fuel Filter; Mercruiser / Yamaha 200 - 250 Hp 93-98";22,64
WSM;446-153-01;"WSM 446-153-01 Lower Unit Seal Kit; Johnson / Suzuki 70 - 100Hp 4-Stroke 09-25";22,67
WSM;1000-BP1100;"WSM 1000-BP1100 Bilge Pump; 1100 GPH";22,7
WSM;61-507-13;"WSM 61-507-13 Cable Push-Pull, Throttle; Kawasaki / Suzuki 250 KX-F / RMZ 05-06";22,7
WSM;61-507-15;"WSM 61-507-15 Cable Push-Pull, Throttle; Kawasaki 250 KX-F 11-12";22,7
WSM;515-36;"WSM 515-36 Gasket, Intake; Johnson / Evinrude 75 - 115 Hp V4 95-06";22,7
WSM;950-186;"WSM 950-186 Water Pump Seal Pusher Tool; Sea-Doo 1503 4-Tec 03-09";22,7
WSM;600-68NS;"WSM 600-68NS Carburetor Needle & Seat; Yamaha 75 - 100 Hp 4-Stroke 03-04";22,73
WSM;RSY-065-45;"WSM RSY-065-45 Sprocket, Rear; Yamaha 225 / 250";22,73
WSM;61-511-07;"WSM 61-511-07 Cable Pull-Push, Throttle; Yamaha 450 YZ-F 10-13";22,74
WSM;003-212;"WSM 003-212 Coupler; Kawasaki 650 - 900 93-11";22,74
WSM;003-213;"WSM 003-213 Coupler; Kawasaki 900 STX /  ZXI 95-98";22,74
WSM;24-041;"WSM 24-041 Water Pump Rebuild Kit; Kawasaki / Suzuki 65 00-05";22,75
WSM;016-734;"WSM 016-734 Carburetor Kit; Honda 250 XR 86-95";22,78
WSM;650-595;"WSM 650-595 Primer Bulb; Black 3/8'' EPA Low Perm";22,82
WSM;650-585;"WSM 650-585 Primer Bulb; Black 5/16'' EPA Low Perm";22,82
WSM;600-25;"WSM 600-25 Carburetor Kit; Mercury / Mariner 105 - 225 Hp 2L - 3L";22,87
WSM;510-41;"WSM 510-41 Gasket, Drive Shaft Housing; Mercury 175 Hp Sport Jet 00-05";22,87
WSM;780-530;"WSM 780-530 Thermostat Kit; OMC / Volvo V6 / V8 90-98 160° F";22,87
WSM;780-535;"WSM 780-535 Thermostat Kit; OMC / Volvo V8 7.4 / 8.2 Liter 94-98 140° F";22,87
WSM;540-37;"WSM 540-37 Blow Off Valve Diaphram; Johnson / Evinrude 40 - 250 Hp 02-17";22,88
WSM;RSK-046-47;"WSM RSK-046-47 Sprocket, Rear; Kawasaki / Suzuki 65 KX / RM";22,93
WSM;RSY-038-37;"WSM RSY-038-37 Sprocket, Rear; Yamaha 600 XT 84-95";22,98
WSM;775-10;"WSM 775-10 Thermostat; Mercury 40 - 60 Hp 3 Cyl";22,98
WSM;505-36;"WSM 505-36 Gasket, Head; Mercury / Mariner 135 / 150 Hp V6 2L 78-90";22,99
WSM;335-523;"WSM 335-523 Trim Cylinder Cap With Seals; Mercury / Yamaha 200 - 425 Hp 2 & 4 Stroke";22,99
WSM;RSY-002-42;"WSM RSY-002-42 Sprocket, Rear; Yamaha 125 / 175 YT 82-85";23,02
WSM;RSY-002-43;"WSM RSY-002-43 Sprocket, Rear; Yamaha 125 / 175 YT 82-85";23,02
WSM;700-450;"WSM 700-450 Water Pump Impeller; Yamaha 300 / 350 Hp 4-Stroke";23,04
WSM;007-280;"WSM 007-280 Head Gasket; Yamaha 800 GP / XL / XLT 98-05";23,06
WSM;RSE-012-48;"WSM RSE-012-48 Sprocket, Rear; KTM 60 / 65";23,11
WSM;576-100;"WSM 576-100 Exhaust Bellow; Mercruiser #1 Units, Gen II, TRS & Bravo I, II, III";23,12
WSM;449-332;"WSM 449-332 Seal Carrier Assembly; Mercury / Mariner / Mercruiser 200 - 300 Hp";23,12
WSM;PH375-0050;"WSM PH375-0050 Starter Solenoid; Evinrude 25 - 300 Hp E-Tec 04-09";23,14
WSM;PH375-0051;"WSM PH375-0051 Starter Solenoid; Johnson / Evinrude 8 - 15 Hp 93-01";23,14
WSM;527-25-10;"WSM 527-25-10 Damper, Crankcase; Mercury Verado 75 - 200 Hp 10Pk";23,17
WSM;511-21;"WSM 511-21 Gasket, Base; Mercury / Mariner / Yamaha 30 - 60 Hp 4-Stroke";23,2
WSM;24-059;"WSM 24-059 Water Pump Rebuild Kit; Kawasaki / Suzuki 250 04-21";23,2
WSM;24-061;"WSM 24-061 Water Pump Rebuild Kit; Kawasaki 450 KLX / KX-F 06-15";23,2
WSM;24-070;"WSM 24-070 Water Pump Rebuild Kit; KTM 250 / 300 03-16";23,2
WSM;88-104;"WSM 88-104 Clutch Kit, Complete; Honda 100 CRF-F / XR 93-12";23,21
WSM;010-291;"WSM 010-291 Upper Main Bearing; Johnson / Evinrude 18 - 35 Hp Cross Flow 85-05";23,21
WSM;805-200-08;"WSM 805-200-08 Bolt, Connecting Rod; Force / Mercury / Mariner 20 - 150 Hp (8 Pack)";23,23
WSM;RSY-006-36;"WSM RSY-006-36 Sprocket, Rear; Yamaha 250 / 350 / 450 / 700";23,23
WSM;09-5546JL;"WSM 09-5546JL Brake Pads, Front & Rear; Can-Am / Yamaha 330 - 1000 00-18";23,27
WSM;09-5545JL;"WSM 09-5545JL Brake Pads, Front & Rear; Can-Am / Yamaha 330 - 1000 03-26";23,27
WSM;007-594-24;"WSM 007-594-24 Exhaust Manifold Gasket; Yamaha 1050 17-26";23,27
WSM;51-544-04;"WSM 51-544-04 Piston Rings; Yamaha 660 01-07 .25mm Over";23,27
WSM;51-544-05;"WSM 51-544-05 Piston Rings; Yamaha 660 01-07 .5mm Over";23,27
WSM;51-544-06;"WSM 51-544-06 Piston Rings; Yamaha 660 01-07 .75mm Over";23,27
WSM;51-544-09;"WSM 51-544-09 Piston Rings; Yamaha 660 01-07 1.5mm Over";23,27
WSM;51-544-07;"WSM 51-544-07 Piston Rings; Yamaha 660 01-07 1mm Over";23,27
WSM;51-544;"WSM 51-544 Piston Rings; Yamaha 660 01-07 Standard";23,27
WSM;RSK-015-51;"WSM RSK-015-51 Sprocket, Rear; Kawasaki 80 - 112";23,27
WSM;004-265;"WSM 004-265 Thermostat; Polaris 650 - 1200 92-04";23,27
WSM;010-970-04;"WSM 010-970-04 Piston Rings; Yamaha 1000 02-08 .25mm Over";23,28
WSM;010-970;"WSM 010-970 Piston Rings; Yamaha 1000 02-08 Standard";23,28
WSM;016-729;"WSM 016-729 Carburetor Kit; Honda 100 CRF-F 06-12";23,33
WSM;016-873;"WSM 016-873 Carburetor Kit; Yamaha 80 PW 91-06";23,33
WSM;010-018;"WSM 010-018 Exhaust Valve; Sea-Doo / Can-Am 900 14-26";23,33
WSM;24-005;"WSM 24-005 Water Pump Rebuild Kit; Honda 250 CR 02-07";23,33
WSM;24-003;"WSM 24-003 Water Pump Rebuild Kit; Honda 250 CR 92-01";23,33
WSM;007-308;"WSM 007-308 Base Gasket; Kawasaki 900 95-06";23,36
WSM;20-103-05;"WSM 20-103-05 Head Gasket; Yamaha 350 Banshee 87-06";23,36
WSM;77-520;"WSM 77-520 Intake Flange; Yamaha 350 Banshee 87-06";23,36
WSM;700-363;"WSM 700-363 Water Pump Impeller; Nissan / Tohatsu NS45 - NS70 Hp";23,36
WSM;600-56-01;"WSM 600-56-01 Carburetor Kit; Yamaha 225 / 250 Hp 76 Degree";23,38
WSM;09-5501JL;"WSM 09-5501JL Brake Pads, Front & Rear; Polaris 200 - 1000 88-26";23,39
WSM;362-320;"WSM 362-320 Over Heat Alarm; Yamaha";23,42
WSM;368-100-08;WSM 368-100-08 Wires, Ignition: Johnson / Evinrude 40 - 90 Hp EFI / RFI E-Tec;23,51
WSM;523-15-01;"WSM 523-15-01 Gasket, Exhaust; Yamaha 200 - 300 Hp HPDI 03-10";23,54
WSM;09-5236JL;"WSM 09-5236JL Brake Pads, Front; Suzuki 450 - 750 05-25";23,57
WSM;09-5177JL;"WSM 09-5177JL Brake Pads, Rear; Yamaha 660 Grizzly 02-08";23,57
WSM;003-100-01-10;"WSM 003-100-01-10 Rubber Boot Clamp; Sea-Doo 580 - 951 89-06";23,58
WSM;008-683-20;"WSM 008-683-20 Throttle Plate O-Ring; Yamaha 1800 08-10";23,58
WSM;002-600;"WSM 002-600 Reverse System Lever; Sea-Doo 720 - 1503 00-11";23,59
WSM;09-5725JL;"WSM 09-5725JL Brake Pads, Rear; KTM / Husqvarna 125 - 625";23,6
WSM;09-5708JL;"WSM 09-5708JL Brake Pads, Front & Rear; Husqvarna / KTM 50 / 65 04-23";23,63
WSM;09-5094JL;"WSM 09-5094JL Brake Pads, Rear; Honda 125 - 450 CR / CRF 02-26";23,63
WSM;505-38;"WSM 505-38 Gasket, Head; Mercury / Mariner 135 - 150 Hp 6 Cyl 2.0L 86-05";23,63
WSM;700-360;"WSM 700-360 Water Pump Impeller; Mercury / Nissan / Tohatsu 25 - 40 Hp";23,64
WSM;805-300-08;"WSM 805-300-08 Bolt, Connecting Rod; Yamaha  55 / 85 - 225 Hp (8 Pack)";23,65
WSM;RSY-010-44;"WSM RSY-010-44 Sprocket, Rear; Suzuki / Yamaha 80 / 85";23,65
WSM;09-5721JL;"WSM 09-5721JL Brake Pads, Front & Rear; KTM / Husqvarna 65 / 85 SX / TC 02-26";23,68
WSM;120-262;"WSM 120-262 Intake Valve; Yamaha 115 Hp 4-Stroke 14-22";23,68
WSM;68-230;"WSM 68-230 Ball Joint, Lower; Can-Am 400 - 800 Outlander 06-15";23,72
WSM;120-250-01;"WSM 120-250-01 Exhaust Valve; Yamaha 150 - 300 Hp 4-Stroke 13-22";23,74
WSM;007-326;"WSM 007-326 Base Gasket; Kawasaki 1100 96-04";23,75
WSM;805-106-12;"WSM 805-106-12 Bolt, Connecting Rod; Johnson / Evinrude 20 - 235 Hp (12 Pack)";23,75
WSM;006-350;"WSM 006-350 Carburetor Rebuild Kit; Yamaha";23,75
WSM;010-154;"WSM 010-154 Center Main Bearing; Johnson / Evinrude 5 - 15 Hp";23,75
WSM;003-225;"WSM 003-225 Coupler; Kawasaki 1200 / 1500 99-26";23,75
WSM;003-211;"WSM 003-211 Coupler; Kawasaki 300 / 440 / 550 JS / SX 77-95";23,75
WSM;009-906;"WSM 009-906 Crankshaft Oil Seal Kit; Polaris 1200 Genesis 00-04";23,75
WSM;25-403;"WSM 25-403 Full Gasket Kit; Suzuki 80 LT 95-06";23,75
WSM;510-47;"WSM 510-47 Gasket, Base; Mercury / Mariner 200 - 300 Hp 3L / 3.2L 99-18";23,75
WSM;506-35;"WSM 506-35 Gasket, Head Cover; Yamaha 200 - 300 Hp HPDI 03-10";23,75
WSM;983-300-06;"WSM 983-300-06 Gimbal Bearing Puller; Thrust Washer & Bearing";23,75
WSM;007-401;"WSM 007-401 Head Gasket; Yamaha 650 91-93";23,75
WSM;007-594-01;"WSM 007-594-01 Muffler Damper Gasket; Yamaha 1000 / 1100 03-10";23,75
WSM;600-107;"WSM 600-107 VST O-Ring; Mercury / Mariner 75 - 125 / 200 - 300 Hp DFI";23,75
WSM;710-425;"WSM 710-425 Water Pump Housing; Yamaha 60 - 90 Hp";23,75
WSM;700-185;"WSM 700-185 Water Pump Impeller; Honda / Tohatsu 75 - 150 Hp";23,75
WSM;600-67;"WSM 600-67 Carburetor Kit; Mercury / Mariner / Yamaha 25 / 30 Hp With Float";23,76
WSM;521-33;"WSM 521-33 Gasket, Divider Plate; Mercury 120 - 225 Hp";23,78
WSM;09-5364JL;"WSM 09-5364JL Brake Pads, Front; Kawasaki 125 / 250 / 500 / 650 KX / KLR 87-89";23,8
WSM;61-511-06;"WSM 61-511-06 Cable Pull-Push, Throttle; Yamaha 450 WR-F 12-15";23,8
WSM;004-155;"WSM 004-155 Coil, Charge; Yamaha 650 / 700 90-95";23,8
WSM;21-504;"WSM 21-504 Crankshaft Seal Kit; Yamaha 450 YFZ 04-13";23,8
WSM;555-15;"WSM 555-15 Drain Plug Gasket; Johnson / Evinrude / Mercury 5 - 15 Hp";23,8
WSM;25-905;"WSM 25-905 Full Gasket Kit; Kawasaki / Suzuki 65 KX / RM 00-05";23,8
WSM;25-912;"WSM 25-912 Full Gasket Kit; Suzuki 80 RM 1990";23,8
WSM;25-910;"WSM 25-910 Full Gasket Kit; Suzuki 80 RM 86-88";23,8
WSM;004-290;"WSM 004-290 Sensor,Oil Pressure; Sea-Doo 1503 4-Tec 06-25";23,8
WSM;29-118;"WSM 29-118 Top End Gasket Kit; Honda 125 ATC / TRX 84-86";23,8
WSM;29-126;"WSM 29-126 Top End Gasket Kit; Honda 250 TRX-R 86-89";23,8
WSM;29-737;"WSM 29-737 Top End Gasket Kit; Kawasaki 125 KX 90-91";23,8
WSM;29-738;"WSM 29-738 Top End Gasket Kit; Kawasaki 125 KX 92-94";23,8
WSM;29-739;"WSM 29-739 Top End Gasket Kit; Kawasaki 125 KX 95-97";23,8
WSM;29-740;"WSM 29-740 Top End Gasket Kit; Kawasaki 125 KX 98-00";23,8
WSM;29-202;"WSM 29-202 Top End Gasket Kit; Kawasaki 220 Bayou 88-02";23,8
WSM;29-204;"WSM 29-204 Top End Gasket Kit; Kawasaki 300 Bayou / Lakota / Prairie 88-04";23,8
WSM;29-815;"WSM 29-815 Top End Gasket Kit; KTM 105 SX / XC 04-11";23,8
WSM;29-404;"WSM 29-404 Top End Gasket Kit; Suzuki 200 / 230 85-93";23,8
WSM;29-406;"WSM 29-406 Top End Gasket Kit; Suzuki 250 Quadracer 85-86";23,8
WSM;29-947;"WSM 29-947 Top End Gasket Kit; Suzuki 250 RM 01-02";23,8
WSM;29-944;"WSM 29-944 Top End Gasket Kit; Suzuki 250 RM 94-95";23,8
WSM;29-945;"WSM 29-945 Top End Gasket Kit; Suzuki 250 RM 96-98";23,8
WSM;29-946;"WSM 29-946 Top End Gasket Kit; Suzuki 250 RM 99-00";23,8
WSM;RSK-015-52;"WSM RSK-015-52 Sprocket, Rear; Kawasaki 80 - 112";23,82
WSM;29-500;"WSM 29-500 Top End Gasket Kit; Yamaha 200 Blaster 88-06";23,82
WSM;09-5534JL;"WSM 09-5534JL Brake Pads, Rear; Arctic Cat 250 / 300 DVX 06-15";23,84
WSM;506-43;"WSM 506-43 Gasket, Valve Cover; Yamaha 200 - 300 4.2L V6 09-22";23,88
WSM;335-272;"WSM 335-272 O-ring Kit, Fill Cap; Mercury 200 - 400 Hp Verado";23,88
WSM;09-2347E;"WSM 09-2347E Brake Shoes, Front & Rear; Kawasaki 450 - 950 Mule 93-26";23,9
WSM;09-2346E;"WSM 09-2346E Brake Shoes, Front; Kawasaki 450 - 950 Mule 93-01";23,9
WSM;016-704;"WSM 016-704 Carburetor Kit; Honda 250 CR 99-00";23,9
WSM;RSY-017-49;"WSM RSY-017-49 Sprocket, Rear; Yamaha 125 TT-R 00-01";24
WSM;011-275;"WSM 011-275 Crankcase Anode Cover; Mercury / Yamaha 1000 - 1900 / 75 - 300 Hp";24,01
WSM;506-23;"WSM 506-23 Gasket, Head; Mariner / Yamaha 40 Hp 2 Cylinder";24,01
WSM;010-229;"WSM 010-229 Gear Reduction Shaft Bearing; Yamaha 1100 04-15";24,01
WSM;004-134;"WSM 004-134 Starter Solenoid; Kawasaki 1200 Ultra 150 99-05";24,01
WSM;004-287;"WSM 004-287 Switch, Oil Pressure; Sea-Doo 1503 02-05";24,01
WSM;700-150;"WSM 700-150 Water Pump Impeller; Honda / Tohatsu 175 - 250 Hp";24,01
WSM;007-594-21;"WSM 007-594-21 Exhaust Manifold Gasket; Yamaha 1800 14-26";24,04
WSM;725-160;"WSM 725-160 Water Pump Service Kit; Honda 5 Hp BF 98-13";24,05
WSM;016-718;"WSM 016-718 Carburetor Kit; Honda 100 CRF-F / XR 01-05";24,08
WSM;016-721;"WSM 016-721 Carburetor Kit; Honda 400 XR 98-04";24,08
WSM;010-024R;"WSM 010-024R Exhaust Valve; Yamaha 1800 / 1900 08-26";24,11
WSM;012-575;"WSM 012-575 Lanyard, Standard; Sea-Doo 900 Spark 14-25";24,13
WSM;505-13;"WSM 505-13 Gasket, Head; Johnson / Evinrude 185 - 250 Hp 94-01";24,16
WSM;725-160-01;"WSM 725-160-01 Water Pump Service Kit; Honda 8 Hp BF 98-10";24,17
WSM;25-706;"WSM 25-706 Full Gasket Kit; Kawasaki 65 KX 06-26";24,2
WSM;516-31-01;"WSM 516-31-01 Gasket, Plenum; Mercury 200 - 300 Hp DFI / EFI 00-18";24,2
WSM;010-243-01;"WSM 010-243-01 Jet Pump Bearing; Yamaha 1800 08-18";24,2
WSM;29-622;"WSM 29-622 Top End Gasket Kit; Honda 125 CR 90-97";24,2
WSM;29-686;"WSM 29-686 Top End Gasket Kit; Honda 500 CR 89-01";24,2
WSM;725-413;"WSM 725-413 Water Pump Service Kit; Yamaha 25 / 30 Hp 2 / 4-Stroke 93-17";24,22
WSM;011-707;"WSM 011-707 Bilge Pump Bracket Mount, Adjustable; Yamaha 700 / 760 Wave Blaster";24,23
WSM;011-504-01;"WSM 011-504-01 Exhaust Coupler; Yamaha 1100 05-15";24,23
WSM;20-110;"WSM 20-110 Head Gasket; Honda 500 TRX Rubicon 01-15";24,23
WSM;003-417;"WSM 003-417 Jet Pump Nose Cone; Kawasaki 1500 160 / 310 / LX 14-26";24,23
WSM;002-029;"WSM 002-029 Throttle Cable; Kawasaki 750 SSXI 93-95";24,23
WSM;RSE-012-50;"WSM RSE-012-50 Sprocket, Rear; KTM 60 / 65";24,24
WSM;011-111;"WSM 011-111 Thru Hull Fitting; Sea-Doo 580 - 1503 91-07";24,25
WSM;011-112;"WSM 011-112 Thru Hull Fitting; Sea-Doo 580 - 1503 91-07";24,25
WSM;600-70;"WSM 600-70 Carburetor Kit; Yamaha 9.9 / 15 Hp With Float";24,26
WSM;785-100;"WSM 785-100 Poppet Valve Kit; Mercury 150 - 200 Hp";24,28
WSM;700-445;"WSM 700-445 Water Pump Impeller; Yamaha 75 - 100 Hp 4-Stroke 99-17";24,28
WSM;700-520;"WSM 700-520 Water Pump Impeller; Johnson / Evinrude / Suzuki 50 - 90 Hp 4-Stroke";24,29
WSM;012-814BLK;"WSM 012-814BLK WSM Hat; Black";24,29
WSM;600-34;"WSM 600-34 Carburetor Kit; Johnson / Evinrude 5 - 15 Hp";24,3
WSM;010-210-01;"WSM 010-210-01 Crankshaft Bearing; Yamaha 40 / 50 Hp 3 Cyl 84-09";24,3
WSM;120-240;"WSM 120-240 Exhaust Valve; Yamaha 200 - 250 Hp 3.3L 4-Stroke 11-18";24,3
WSM;78-140;"WSM 78-140 Fuel Pump; Polaris 330 - 700 03-10";24,3
WSM;RSY-002-39;"WSM RSY-002-39 Sprocket, Rear; Yamaha 125 / 175 YT 82-85";24,3
WSM;RSY-004-42;"WSM RSY-004-42 Sprocket, Rear; Yamaha 200 YTM 83-85";24,3
WSM;710-433;"WSM 710-433 Water Pump Housing; Yamaha 90 - 300 Hp";24,35
WSM;725-517;"WSM 725-517 Water Pump Service Kit; Suzuki 55 / 65 Hp DT 85-97";24,35
WSM;011-813;"WSM 011-813 Seal Hull Rear; Sea-Doo 900 Spark 14-23";24,36
WSM;778-139;"WSM 778-139 Sender, Temperature Air Change; OMC / PCM / Volvo Ford 5.0 / 5.8 Liter";24,36
WSM;725-190;"WSM 725-190 Water Pump Service Kit; Honda 75 - 100 Hp";24,36
WSM;506-21;"WSM 506-21 Gasket, Head; Yamaha 20 / 25 Hp 2 Cylinder 88-09";24,4
WSM;RSK-015-53;"WSM RSK-015-53 Sprocket, Rear; Kawasaki 80 - 112";24,4
WSM;PH375-0049;"WSM PH375-0049 Starter Solenoid; Evinrude 15 - 300 Hp E-Tec 09-17";24,42
WSM;RSY-005-41;"WSM RSY-005-41 Sprocket, Rear; Yamaha 100 - 660";24,44
WSM;RSY-005-42;"WSM RSY-005-42 Sprocket, Rear; Yamaha 100 - 660";24,44
WSM;51-260;"WSM 51-260 Piston Rings; Kawasaki 750 Brute Force 12-26 Standard";24,49
WSM;365-6770;"WSM 365-6770 Rectifier; Mercury / Mariner 6 - 25 Hp 3 Post";24,53
WSM;29-741;"WSM 29-741 Top End Gasket Kit; Kawasaki 125 KX 01-02";24,55
WSM;29-742;"WSM 29-742 Top End Gasket Kit; Kawasaki 125 KX 03-08";24,55
WSM;29-748;"WSM 29-748 Top End Gasket Kit; Kawasaki 250 KDX / KX 88-94";24,55
WSM;29-750;"WSM 29-750 Top End Gasket Kit; Kawasaki 250 KLX 94-20";24,55
WSM;51-227-04;"WSM 51-227-04 Piston Rings; Honda 450 TRX Foreman 98-04 .25mm Over";24,59
WSM;51-227-05;"WSM 51-227-05 Piston Rings; Honda 450 TRX Foreman 98-04 .5mm Over";24,59
WSM;51-227-06;"WSM 51-227-06 Piston Rings; Honda 450 TRX Foreman 98-04 .75mm Over";24,59
WSM;51-227-07;"WSM 51-227-07 Piston Rings; Honda 450 TRX Foreman 98-04 1mm Over";24,59
WSM;51-227;"WSM 51-227 Piston Rings; Honda 450 TRX Foreman 98-04 Standard";24,59
WSM;002-034-02;WSM 002-034-02 Throttle Cable: Kawasaki 900 / 1100  STX 98-03;24,59
WSM;RSK-016-48;"WSM RSK-016-48 Sprocket, Rear; Kawasaki / Suzuki 80 - 112";24,6
WSM;RSY-046-48;"WSM RSY-046-48 Sprocket, Rear; Yamaha 125 TT-R 02-26";24,6
WSM;016-428;"WSM 016-428 Carburetor Kit; Polaris 500 Sportsman / Xplorer 97-98";24,61
WSM;016-430;"WSM 016-430 Carburetor Kit; Polaris 600 Sportsman 03-04";24,61
WSM;016-320;"WSM 016-320 Carburetor Kit; Yamaha 450 YFZ 04-06";24,61
WSM;09-2218E;"WSM 09-2218E Brake Shoes, Rear; Suzuki 160 - 230 ALT / LT 85-04";24,62
WSM;61-220;"WSM 61-220 Cable, Throttle; Polaris 300 Xplorer / Xpress";24,65
WSM;506-44;"WSM 506-44 Gasket, Valve Cover; Yamaha 200 - 300 4.2L V6 09-22";24,65
WSM;120-104-08;"WSM 120-104-08 Valve Stem Seal; Mercury / Yamaha 75 - 115 Hp 4-Stroke 99-17 8PK";24,67
WSM;09-5531JL;"WSM 09-5531JL Brake Pads, Front & Rear; Arctic Cat 250 - 650 96-04";24,74
WSM;09-5587JL;"WSM 09-5587JL Brake Pads, Front; Can-Am 1000 14-20";24,74
WSM;09-5372JL;"WSM 09-5372JL Brake Pads, Front; Kawasaki / Suzuki 80 - 250 / 650 - 700 97-25";24,74
WSM;09-5500JL;"WSM 09-5500JL Brake Pads, Front; Polaris 250 - 500 89-00";24,74
WSM;09-5585JL;"WSM 09-5585JL Brake Pads, Rear; Can-Am 450 / 800 / 1000 09-17";24,74
WSM;09-5503JL;"WSM 09-5503JL Brake Pads, Rear; Polaris 250 - 500 98-04";24,74
WSM;09-5509JL;"WSM 09-5509JL Brake Pads, Rear; Polaris 325 - 800 01-03";24,74
WSM;51-548;"WSM 51-548 Piston Rings; Yamaha 450 03-26 Standard";24,74
WSM;RSS-004-38;"WSM RSS-004-38 Sprocket, Rear; Arctic Cat / Kawasaki / Suzuki 160 - 250 / 400";24,74
WSM;RSS-004-39;"WSM RSS-004-39 Sprocket, Rear; Arctic Cat / Kawasaki / Suzuki 160 - 250 / 400";24,74
WSM;RSS-004-40;"WSM RSS-004-40 Sprocket, Rear; Arctic Cat / Kawasaki / Suzuki 160 - 250 / 400";24,74
WSM;RSS-004-41;"WSM RSS-004-41 Sprocket, Rear; Arctic Cat / Kawasaki / Suzuki 160 - 250 / 400";24,74
WSM;RSS-004-42;"WSM RSS-004-42 Sprocket, Rear; Arctic Cat / Kawasaki / Suzuki 160 - 250 / 400";24,74
WSM;RSS-004-43;"WSM RSS-004-43 Sprocket, Rear; Arctic Cat / Kawasaki / Suzuki 160 - 250 / 400";24,74
WSM;RSH-019-50;"WSM RSH-019-50 Sprocket, Rear; Honda 125 TRX 87-88";24,74
WSM;RSH-020-42;"WSM RSH-020-42 Sprocket, Rear; Honda 200 TRX 90-96";24,74
WSM;RSH-014-42;"WSM RSH-014-42 Sprocket, Rear; Honda 250 ATC-R 83-84";24,74
WSM;RSH-014-44;"WSM RSH-014-44 Sprocket, Rear; Honda 250 ATC-R 83-84";24,74
WSM;RSH-021-35;"WSM RSH-021-35 Sprocket, Rear; Honda 70 / 80";24,74
WSM;RSH-021-36;"WSM RSH-021-36 Sprocket, Rear; Honda 70 / 80";24,74
WSM;RSH-021-37;"WSM RSH-021-37 Sprocket, Rear; Honda 70 / 80";24,74
WSM;RSH-021-38;"WSM RSH-021-38 Sprocket, Rear; Honda 70 / 80";24,74
WSM;RSK-011-39;"WSM RSK-011-39 Sprocket, Rear; Kawasaki 250 Tecate 4 87-88";24,74
WSM;RSK-010-37;"WSM RSK-010-37 Sprocket, Rear; Kawasaki 250 Tecate 86-87";24,74
WSM;RSS-005-36;"WSM RSS-005-36 Sprocket, Rear; Suzuki 250 / 300 / 500";24,74
WSM;RSS-005-38;"WSM RSS-005-38 Sprocket, Rear; Suzuki 250 / 300 / 500";24,74
WSM;RSS-005-40;"WSM RSS-005-40 Sprocket, Rear; Suzuki 250 / 300 / 500";24,74
WSM;RSS-005-41;"WSM RSS-005-41 Sprocket, Rear; Suzuki 250 / 300 / 500";24,74
WSM;RSS-005-43;"WSM RSS-005-43 Sprocket, Rear; Suzuki 250 / 300 / 500";24,74
WSM;PH375-MKT03;"WSM PH375-MKT03 Starter Solenoid; KTM / Husqvarna / GAS GAS 125 - 1290 00-26";24,74
WSM;PH375-MYA03;"WSM PH375-MYA03 Starter Solenoid; Yamaha 250 /  450 WR-F / YZ-F 12-26";24,74
WSM;PH375-AYA04;"WSM PH375-AYA04 Starter Solenoid; Yamaha 350 - 700 04-26";24,74
WSM;PH375-MYA05;"WSM PH375-MYA05 Starter Solenoid; Yamaha 90 - 450 TT-R / WR-F 03-26";24,74
WSM;012-815BLU;"WSM 012-815BLU WSM Snapback Hat; Blue";24,74
WSM;09-2236E;"WSM 09-2236E Brake Shoes, Rear; Suzuki 250 LT-F 87-02";24,76
WSM;RSE-013-46;"WSM RSE-013-46 Sprocket, Rear; KTM 85 / 105";24,77
WSM;RSY-010-46;"WSM RSY-010-46 Sprocket, Rear; Suzuki / Yamaha 80 / 85";24,77
WSM;600-289;"WSM 600-289 Fuel Filter Assembly; Mariner / Suzuki / Yamaha 8 - 90 Hp";24,78
WSM;506-16;"WSM 506-16 Gasket, Head; Yamaha 150 - 225 Hp 6 Cylinder 84-10";24,78
WSM;830-215;"WSM 830-215 Belt, Alternator; Mercury  135 / 150 Hp 4 Cyl 4-Stroke";24,79
WSM;016-737;"WSM 016-737 Carburetor Kit; Honda 100 XR 85-00";24,8
WSM;016-722;"WSM 016-722 Carburetor Kit; Honda 650 XR-R 00-06";24,8
WSM;016-716;"WSM 016-716 Carburetor Kit; Honda 70 CRF-F / XR 97-05";24,8
WSM;016-717-01;"WSM 016-717-01 Carburetor Kit; Honda 80 CRF-F / XR 87-05";24,8
WSM;016-728;"WSM 016-728 Carburetor Kit; Honda 80 CRF-F 06-12";24,8
WSM;016-717;"WSM 016-717 Carburetor Kit; Honda 80 XR 85-86";24,8
WSM;010-280;"WSM 010-280 Center Main Bearing; Johnson / Evinrude 20 - 35 Hp";24,8
WSM;600-289-03;"WSM 600-289-03 Fuel Filter Assembly; Yamaha 75-100 Hp 4-Stroke";24,8
WSM;25-1007;"WSM 25-1007 Full Gasket Kit; Yamaha 80 YZ 93-01";24,8
WSM;RSH-018-40;"WSM RSH-018-40 Sprocket, Rear; Honda 350 ATC-X 1985 (Straight Bolt Hole)";24,83
WSM;PH185-0007;"WSM PH185-0007 Starter, Com-End Kit; Johnson / Evinrude / Mercury / Mariner 8 - 15 Hp 2 Cyl 74-01";24,83
WSM;09-5361JL;"WSM 09-5361JL Brake Pads, Front & Rear; Kawasaki 125 - 650 85-05";24,85
WSM;368-200-07K;"WSM 368-200-07K Wires, Ignition Set; Mercury / Mariner 225 / 250 Hp V6 3L W/O CDMs 94-98";24,91
WSM;600-297-01;"WSM 600-297-01 Fuel Filter, Cup; Yamaha 30 - 115 Hp 4-Stroke 06-22";24,94
WSM;330-5202;"WSM 330-5202 Relay; Crusader / Indma / Mercruiser / PMC";24,94
WSM;RSK-037-40;"WSM RSK-037-40 Sprocket, Rear; Kawasaki 650 KLR 87-18";24,94
WSM;RSK-015-54;"WSM RSK-015-54 Sprocket, Rear; Kawasaki 80 - 112";24,94
WSM;09-5143JL;"WSM 09-5143JL Brake Pads, Rear; Yamaha 450 / 660 / 700 04-12";24,95
WSM;78-115;"WSM 78-115 Fuel Petcock; Polaris 250 - 500 93-09";24,95
WSM;RSK-012-39;"WSM RSK-012-39 Sprocket, Rear; Kawasaki 400 KFX 03-06";24,95
WSM;RSK-012-40;"WSM RSK-012-40 Sprocket, Rear; Kawasaki 400 KFX 03-06";24,95
WSM;RSK-012-41;"WSM RSK-012-41 Sprocket, Rear; Kawasaki 400 KFX 03-06";24,95
WSM;RSK-012-42;"WSM RSK-012-42 Sprocket, Rear; Kawasaki 400 KFX 03-06";24,95
WSM;RSS-021-34;"WSM RSS-021-34 Sprocket, Rear; Suzuki 400 / 450";24,95
WSM;RSS-021-35;"WSM RSS-021-35 Sprocket, Rear; Suzuki 400 / 450";24,95
WSM;RSS-021-36;"WSM RSS-021-36 Sprocket, Rear; Suzuki 400 / 450";24,95
WSM;RSS-021-37;"WSM RSS-021-37 Sprocket, Rear; Suzuki 400 / 450";24,95
WSM;RSS-021-38;"WSM RSS-021-38 Sprocket, Rear; Suzuki 400 / 450";24,95
WSM;016-414;"WSM 016-414 Carburetor Kit; Polaris 400 / 450 Sportsman 06-09";25
WSM;600-319;"WSM 600-319 Fuel Filter; Honda / Tohatsu 75 - 250 Hp 4-Stroke 02-23";25,01
WSM;004-281;"WSM 004-281 Voltage Regulator; Yamaha 40 - 70 / 1200 92-09";25,01
WSM;725-410;"WSM 725-410 Water Pump Service Kit; Yamaha 20 / 25 Hp 2 Cylinder 88-08";25,04
WSM;601-297;"WSM 601-297 Check Valve, Oil Tank; Mercury / Mariner 30 - 225 Hp 94-14";25,06
WSM;09-2345E;"WSM 09-2345E Brake Shoes, Front; Kawasaki 400 Mule 05-26";25,1
WSM;09-2312E;"WSM 09-2312E Brake Shoes, Rear; Kawasaki 300 / 400 Bayou / Prairie 89-10";25,1
WSM;011-820;"WSM 011-820 Bellows, Steering; Sea-Doo 720 - 1503 02-11";25,14
WSM;600-410;"WSM 600-410 Fuel / Water Separator Kit; Mercury 175 - 300 Hp 3.4L / 4.6L 4-Stroke";25,14
WSM;600-294;"WSM 600-294 Fuel Filter; Mercury / Yamaha 115 - 225 Hp 4-Stroke";25,14
WSM;600-515-01;"WSM 600-515-01 Fuel Manifold; Johnson / Evinrude 30 - 70 Hp 89-05";25,14
WSM;009-709-03;"WSM 009-709-03 Impeller Shaft Oil Seal; Yamaha 1800 / 1900 08-26";25,14
WSM;RSK-016-49;"WSM RSK-016-49 Sprocket, Rear; Kawasaki / Suzuki 80 - 112";25,14
WSM;600-240;"WSM 600-240 Carburetor Kit; Mercruiser / OMC / Volvo";25,15
WSM;600-318-05;"WSM 600-318-05 Fuel Filter; Suzuki 200 - 300 Hp 4-Stroke 04-20";25,16
WSM;FSY-022-15;"WSM FSY-022-15 Sprocket, Front; Yamaha 600 XT 90-95";25,16
WSM;775-215;"WSM 775-215 Thermostat; Yamaha VF200 / VF250 Hp 4-Stroke";25,16
WSM;600-522;WSM 600-522 Fuel Valve: Johnson / Mercury / Tohatsu 4 - 6Hp;25,18
WSM;RSY-046-49;"WSM RSY-046-49 Sprocket, Rear; Yamaha 125 TT-R 02-26";25,18
WSM;004-530;"WSM 004-530 Tops Switch; Sea-Doo 1503 / 1630 4-Tec 09-26";25,18
WSM;725-515-01;"WSM 725-515-01 Water Pump Service Kit; Suzuki 40 - 60 Hp 4-Stroke";25,2
WSM;61-509-02;"WSM 61-509-02 Cable, Throttle; Suzuki 350 / 650 DR-S 92-99";25,21
WSM;61-509;"WSM 61-509 Cable, Throttle; Suzuki 350 DR 90-99";25,21
WSM;002-502;"WSM 002-502 Cable End; Sea-Doo 580 - 1503 89-06";25,24
WSM;600-59-01;"WSM 600-59-01 Carburetor Kit; Yamaha 115 - 225 Hp Without Float";25,24
WSM;006-337;"WSM 006-337 Carburetor Rebuild Kit; Sea-Doo 580 GT / SP 89-90";25,24
WSM;009-903T;"WSM 009-903T Crankshaft Oil Seal Kit; Polaris 650 - 780 92-04";25,24
WSM;009-906T;"WSM 009-906T Crankshaft Oil Seal Kit; Polaris 800";25,24
WSM;007-588;"WSM 007-588 Exhaust Gasket; Sea-Doo 800 95-99";25,24
WSM;600-283;"WSM 600-283 Fuel Filter; Johnson / Mercury / Suzuki /  Yamaha 150 - 300 Hp 4-Stroke";25,24
WSM;006-511;"WSM 006-511 Fuel Filter; Kawasaki 1100 STX DI /  Ultra 130 DI 00-04";25,24
WSM;006-511-01;"WSM 006-511-01 Fuel Filter; Kawasaki 1200 / 1500 STX 05-12";25,24
WSM;506-08;"WSM 506-08 Gasket, Head; Yamaha 40 / 50 Hp 3 Cylinder 95-09";25,24
WSM;003-316-03;"WSM 003-316-03 Impeller Tool; Sea-Doo 1503 / 1630 4-Tec 04-26 Big 27mm";25,24
WSM;200-270-04;"WSM 200-270-04 Piston Rings; Yamaha 115 - 250 Hp .010 Over";25,24
WSM;200-270-05;"WSM 200-270-05 Piston Rings; Yamaha 115 - 250 Hp .020 Over";25,24
WSM;200-270-06;"WSM 200-270-06 Piston Rings; Yamaha 115 - 250 Hp .030 Over";25,24
WSM;200-270-07;"WSM 200-270-07 Piston Rings; Yamaha 115 - 250 Hp .040 Over";25,24
WSM;200-270;"WSM 200-270 Piston Rings; Yamaha 115 - 250 Hp Standard";25,24
WSM;51-530-04;"WSM 51-530-04 Piston Rings; Yamaha 200 Blaster 88-06 .25mm Over";25,24
WSM;51-530-05;"WSM 51-530-05 Piston Rings; Yamaha 200 Blaster 88-06 .5mm Over";25,24
WSM;51-530-06;"WSM 51-530-06 Piston Rings; Yamaha 200 Blaster 88-06 .75mm Over";25,24
WSM;51-530-07;"WSM 51-530-07 Piston Rings; Yamaha 200 Blaster 88-06 1mm Over";25,24
WSM;51-530;"WSM 51-530 Piston Rings; Yamaha 200 Blaster 88-06 Standard";25,24
WSM;51-520-04;"WSM 51-520-04 Piston Rings; Yamaha 350 Banshee 87-06 .25mm Over";25,24
WSM;51-520-05;"WSM 51-520-05 Piston Rings; Yamaha 350 Banshee 87-06 .5mm Over";25,24
WSM;51-520-06;"WSM 51-520-06 Piston Rings; Yamaha 350 Banshee 87-06 .75mm Over";25,24
WSM;51-520-07;"WSM 51-520-07 Piston Rings; Yamaha 350 Banshee 87-06 1mm Over";25,24
WSM;51-520;"WSM 51-520 Piston Rings; Yamaha 350 Banshee 87-06 Standard";25,24
WSM;950-192;"WSM 950-192 PTO Support Tool; Sea-Doo 1503 / 1630 4-Tec 02-25";25,24
WSM;778-106;"WSM 778-106 Sensor,Temperature; Mercruiser / Crusader";25,24
WSM;004-275;"WSM 004-275 Temperature Sensor; Sea-Doo 580 - 800 92-02";25,24
WSM;007-593-09;"WSM 007-593-09 Valve Cover Gasket; Yamaha 1800 09-26";25,24
WSM;007-593-08;"WSM 007-593-08 Valve Cover Gasket; Yamaha 1800 FX Supercharged 08-10";25,24
WSM;007-590;"WSM 007-590 Muffler Gasket; Yamaha 1200 / 1300 99-08";25,27
WSM;77-520-03K;"WSM 77-520-03K Carburetor Boot Kit; Yamaha 350 Banshee 87-06";25,28
WSM;520-104;"WSM 520-104 Chain, 520 Series; 104 Link";25,28
WSM;520-106;"WSM 520-106 Chain, 520 Series; 106 Link";25,28
WSM;520-108;"WSM 520-108 Chain, 520 Series; 108 Link";25,28
WSM;520-110;"WSM 520-110 Chain, 520 Series; 110 Link";25,28
WSM;520-112;"WSM 520-112 Chain, 520 Series; 112 Link";25,28
WSM;21-300;"WSM 21-300 Crankshaft Seal Kit; Polaris 525 Outlaw 07-11";25,28
WSM;25-1005;"WSM 25-1005 Full Gasket Kit; Yamaha 80 YZ 85-92";25,28
WSM;010-943-04;"WSM 010-943-04 Piston Rings; Kawasaki 800 SX-R 03-11 .25mm Over";25,28
WSM;010-943-05;"WSM 010-943-05 Piston Rings; Kawasaki 800 SX-R 03-11 .5mm Over";25,28
WSM;010-943-06;"WSM 010-943-06 Piston Rings; Kawasaki 800 SX-R 03-11 .75mm Over";25,28
WSM;010-943-07;"WSM 010-943-07 Piston Rings; Kawasaki 800 SX-R 03-11 1mm Over";25,28
WSM;010-943;"WSM 010-943 Piston Rings; Kawasaki 800 SX-R 03-11 Standard";25,28
WSM;010-924-04;"WSM 010-924-04 Piston Rings; Yamaha 1300 GP-R 03-08 .25mm Over";25,28
WSM;010-924-05;"WSM 010-924-05 Piston Rings; Yamaha 1300 GP-R 03-08 .5mm Over";25,28
WSM;010-924-06;"WSM 010-924-06 Piston Rings; Yamaha 1300 GP-R 03-08 .75mm Over";25,28
WSM;010-924-07;"WSM 010-924-07 Piston Rings; Yamaha 1300 GP-R 03-08 1mm Over";25,28
WSM;010-924;"WSM 010-924 Piston Rings; Yamaha 1300 GP-R 03-08 Standard";25,28
WSM;29-627;"WSM 29-627 Top End Gasket Kit; Honda 125 CR 00-02";25,28
WSM;29-630;"WSM 29-630 Top End Gasket Kit; Honda 125 CR 05-07";25,28
WSM;29-628;"WSM 29-628 Top End Gasket Kit; Honda 125 CR 2003";25,28
WSM;29-629;"WSM 29-629 Top End Gasket Kit; Honda 125 CR 2004";25,28
WSM;29-626;"WSM 29-626 Top End Gasket Kit; Honda 125 CR 98-99";25,28
WSM;29-646;"WSM 29-646 Top End Gasket Kit; Honda 250 CR 00-01";25,28
WSM;29-645;"WSM 29-645 Top End Gasket Kit; Honda 250 CR 92-99";25,28
WSM;29-730;"WSM 29-730 Top End Gasket Kit; Kawasaki / Suzuki 110 KLX / DRZ 02-21";25,28
WSM;29-410;"WSM 29-410 Top End Gasket Kit; Suzuki 250 LT / Ozark 87-14";25,28
WSM;29-408;"WSM 29-408 Top End Gasket Kit; Suzuki 250 Quadracer 87-92";25,28
WSM;29-428;"WSM 29-428 Top End Gasket Kit; Suzuki 500 Quadracer 88-90";25,28
WSM;200-135;"WSM 200-135 Piston Rings; Johnson / Evinrude 120 - 300 Hp Standard";25,3
WSM;200-130-04;"WSM 200-130-04 Piston Rings; Johnson / Evinrude 90 - 175 Hp 60 Degree .010 Over";25,3
WSM;200-130-05;"WSM 200-130-05 Piston Rings; Johnson / Evinrude 90 - 175 Hp 60 Degree .020 Over";25,3
WSM;200-130-06;"WSM 200-130-06 Piston Rings; Johnson / Evinrude 90 - 175 Hp 60 Degree .030 Over";25,3
WSM;200-130-07;"WSM 200-130-07 Piston Rings; Johnson / Evinrude 90 - 175 Hp 60 Degree .040 Over";25,3
WSM;200-130;"WSM 200-130 Piston Rings; Johnson / Evinrude 90 - 175 Hp 60 Degree Standard";25,3
WSM;RSY-005-43;"WSM RSY-005-43 Sprocket, Rear; Yamaha 100 - 660";25,3
WSM;RSY-005-44;"WSM RSY-005-44 Sprocket, Rear; Yamaha 100 - 660";25,3
WSM;RSY-006-37;"WSM RSY-006-37 Sprocket, Rear; Yamaha 250 / 350 / 450 / 700";25,3
WSM;RSY-006-38;"WSM RSY-006-38 Sprocket, Rear; Yamaha 250 / 350 / 450 / 700";25,3
WSM;RSY-006-39;"WSM RSY-006-39 Sprocket, Rear; Yamaha 250 / 350 / 450 / 700";25,3
WSM;RSY-006-40;"WSM RSY-006-40 Sprocket, Rear; Yamaha 250 / 350 / 450 / 700";25,3
WSM;RSY-006-42;"WSM RSY-006-42 Sprocket, Rear; Yamaha 250 / 350 / 450 / 700";25,3
WSM;RSY-006-45;"WSM RSY-006-45 Sprocket, Rear; Yamaha 250 / 350 / 450 / 700";25,3
WSM;600-160-37;"WSM 600-160-37 O-Ring Kit, Fuel Rail; Mercury / Mariner 75 - 300 Hp DFI 99-18";25,36
WSM;S41316057;"WSM S41316057 Piston Rings; Husqvarna / KTM 125 01-19";25,36
WSM;09-5034JL;"WSM 09-5034JL Brake Pads, Rear; Honda 250 XL 1988";25,4
WSM;010-005R;"WSM 010-005R Intake Valve; Sea-Doo 1503 / 1630 4-Tec 02-26 / Can-Am 500 / 650 02-05";25,44
WSM;750-162-01;"WSM 750-162-01 Water Pump Kit; Honda 15 - 20 Hp 02-20";25,44
WSM;010-062;"WSM 010-062 Timing Chain; Yamaha 1000 / 1100 02-15";25,45
WSM;600-108;"WSM 600-108 VST O-Ring; Mercury / Mariner / Yamaha 150 - 300 Hp";25,45
WSM;09-2026E;"WSM 09-2026E Brake Shoes, Rear; Honda 350 - 450 TRX 98-15";25,49
WSM;RSE-013-47;"WSM RSE-013-47 Sprocket, Rear; KTM 85 / 105";25,52
WSM;RSY-010-47;"WSM RSY-010-47 Sprocket, Rear; Suzuki / Yamaha 80 / 85";25,52
WSM;725-409;"WSM 725-409 Water Pump Service Kit; Yamaha 9.9 / 15 Hp 96-09";25,52
WSM;006-661-02;"WSM 006-661-02 Carburetor Adapter; Mikuni BN 44";25,55
WSM;016-752;"WSM 016-752 Carburetor Kit; Kawasaki 125 KX 03-06";25,55
WSM;016-802;"WSM 016-802 Carburetor Kit; Suzuki 125 RM 01-04";25,55
WSM;016-868;"WSM 016-868 Carburetor Kit; Yamaha 125 TT-R 06-07";25,55
WSM;016-876;"WSM 016-876 Carburetor Kit; Yamaha 90 TT-R 06-07";25,55
WSM;725-420;"WSM 725-420 Water Pump Service Kit; Yamaha 50 - 70 Hp";25,56
WSM;61-222;"WSM 61-222 Cable, Throttle; Polaris 400 Scrambler / Sport";25,61
WSM;505-12;"WSM 505-12 Gasket, Head; Johnson / Evinrude 185 - 225 Hp V6 88-93";25,62
WSM;605-100;"WSM 605-100 Air Filter; Mercury 200 - 250 Hp V6 DFI 02-18";25,64
WSM;88-208;"WSM 88-208 Clutch Kit, Complete; Kawasaki 110 KLX 02-05";25,64
WSM;87-600;"WSM 87-600 Clutch Kit, Complete; Suzuki 160 / 230 LT 85-04";25,64
WSM;950-155;"WSM 950-155 Drive Shaft Holder; Sea-Doo 1503 4-Tec 02-09";25,64
WSM;009-731-03;"WSM 009-731-03 Jet Pump Oil Seal; Sea-Doo 900 / 1503 / 1630 02-26";25,64
WSM;011-812;"WSM 011-812 Seal Hull Front; Sea-Doo 900 Spark 14-23";25,64
WSM;775-245;"WSM 775-245 Thermostat; Yamaha 115 Hp 4-Stroke 14-Up";25,64
WSM;007-633-01;"WSM 007-633-01 Top End Gasket Kit; Kawasaki 750 XIR 1994";25,64
WSM;950-187;"WSM 950-187 Water Pump Impeller Tool; Sea-Doo 1503 4-Tec All";25,64
WSM;700-600;"WSM 700-600 Water Pump Impeller; Mercruiser 262 - 496 Hp";25,64
WSM;750-162;"WSM 750-162 Water Pump Kit; Honda 8 - 20 Hp 02-20";25,64
WSM;725-405;"WSM 725-405 Water Pump Service Kit; Mercury / Yamaha 6 / 8 Hp 84-10";25,64
WSM;010-143-32;"WSM 010-143-32 Bearing Needles; Mercury / Mariner 65 - 125 Hp";25,69
WSM;010-002-09;"WSM 010-002-09 Bucket Valve, Exhaust; Yamaha 1000 / 1100 05-15";25,69
WSM;51-231-04;"WSM 51-231-04 Piston Rings; Honda 420 TRX 07-26 .25mm Over";25,69
WSM;51-231-05;"WSM 51-231-05 Piston Rings; Honda 420 TRX 07-26 .5mm Over";25,69
WSM;51-231-06;"WSM 51-231-06 Piston Rings; Honda 420 TRX 07-26 .75mm Over";25,69
WSM;51-231-09;"WSM 51-231-09 Piston Rings; Honda 420 TRX 07-26 1.5mm Over";25,69
WSM;51-231-07;"WSM 51-231-07 Piston Rings; Honda 420 TRX 07-26 1mm Over";25,69
WSM;51-231;"WSM 51-231 Piston Rings; Honda 420 TRX 07-26 Standard";25,69
WSM;200-265-04;"WSM 200-265-04 Piston Rings; Yamaha 48 - 90 Hp .010 Over";25,69
WSM;200-265-05;"WSM 200-265-05 Piston Rings; Yamaha 48 - 90 Hp .020 Over";25,69
WSM;200-265-06;"WSM 200-265-06 Piston Rings; Yamaha 48 - 90 Hp .030 Over";25,69
WSM;200-265-07;"WSM 200-265-07 Piston Rings; Yamaha 48 - 90 Hp .040 Over";25,69
WSM;200-265;"WSM 200-265 Piston Rings; Yamaha 48 - 90 Hp Standard";25,69
WSM;29-647;"WSM 29-647 Top End Gasket Kit; Honda 250 CR 02-04";25,69
WSM;010-044;"WSM 010-044 Valve Guide, Exhaust / Intake; Yamaha 1800 / 1900 08-26";25,69
WSM;710-412;"WSM 710-412 Water Pump Housing; Yamaha 40 Hp 2 Cyl 90-97";25,69
WSM;RSK-016-50;"WSM RSK-016-50 Sprocket, Rear; Kawasaki / Suzuki 80 - 112";25,72
WSM;RSY-046-50;"WSM RSY-046-50 Sprocket, Rear; Yamaha 125 TT-R 02-26";25,72
WSM;RSY-065-50;"WSM RSY-065-50 Sprocket, Rear; Yamaha 225 / 250";25,72
WSM;09-5064JL;"WSM 09-5064JL Brake Pads, Rear; Honda / Yamaha  250 - 700 85-26";25,78
WSM;RSH-016-35;"WSM RSH-016-35 Sprocket, Rear; Honda 250 - 450";25,78
WSM;RSH-016-36;"WSM RSH-016-36 Sprocket, Rear; Honda 250 - 450";25,78
WSM;RSH-016-37;"WSM RSH-016-37 Sprocket, Rear; Honda 250 - 450";25,78
WSM;RSH-016-38;"WSM RSH-016-38 Sprocket, Rear; Honda 250 - 450";25,78
WSM;600-65;"WSM 600-65 Carburetor Kit; Nissan / Yamaha 3 / 6 / 8 Hp With Float";25,8
WSM;505-20;"WSM 505-20 Gasket, Head; Johnson / Evinrude 250 - 300 Hp V8 4.0L Looper 88-95";25,84
WSM;335-103;"WSM 335-103 Trim Seal Kit; Johnson / Evinrude 60 - 235 Hp For Prestolite System";25,84
WSM;09-5511JL;"WSM 09-5511JL Brake Pads, Front & Rear; Polaris 325 - 1000 04-21";25,86
WSM;09-5513JL;"WSM 09-5513JL Brake Pads, Front & Rear; Polaris 325 - 1100 04-26";25,86
WSM;09-5121JL;"WSM 09-5121JL Brake Pads, Rear; Yamaha 200 Blaster 88-02";25,86
WSM;RSH-054-49;"WSM RSH-054-49 Sprocket, Rear; Honda 100 CRF-F / XR";25,88
WSM;600-10;"WSM 600-10 Carburetor Kit; Mercury 135 - 225 Hp 78-89";25,93
WSM;002-033-03;WSM 002-033-03 Throttle Cable: Kawasaki 1100 ZXI 98-03;25,94
WSM;002-033-02;WSM 002-033-02 Throttle Cable: Kawasaki 750 / 900 / 1100 ZXI 95-97;25,94
WSM;500-204;"WSM 500-204 Gasket Kit, Powerhead; Mercury 30 - 60 Hp 3 Cylinder";25,96
WSM;505-75;"WSM 505-75 Gasket, Head; Chrysler / Force 70 - 95 Hp 3 Cyl 77-99";25,96
WSM;003-621;"WSM 003-621 Bearing Housing Repair Kit; Yamaha 1050 / 1100 VX 05-20";25,97
WSM;09-5014JL;"WSM 09-5014JL Brake Pads, Rear; Honda 600 XL 91-98";26
WSM;51-232-04;"WSM 51-232-04 Piston Rings; Honda 500 Rubicon 01-14 .25mm Over";26,06
WSM;51-232-05;"WSM 51-232-05 Piston Rings; Honda 500 Rubicon 01-14 .5mm Over";26,06
WSM;51-232-06;"WSM 51-232-06 Piston Rings; Honda 500 Rubicon 01-14 .75mm Over";26,06
WSM;51-232-07;"WSM 51-232-07 Piston Rings; Honda 500 Rubicon 01-14 1mm Over";26,06
WSM;785-110;"WSM 785-110 Poppet Valve Kit; Mercury 3.0 Liter V6";26,09
WSM;RSE-013-48;"WSM RSE-013-48 Sprocket, Rear; KTM 85 / 105";26,09
WSM;RSY-010-48;"WSM RSY-010-48 Sprocket, Rear; Suzuki / Yamaha 80 / 85";26,09
WSM;RSS-021-39;"WSM RSS-021-39 Sprocket, Rear; Suzuki 400 / 450";26,09
WSM;600-109-10;"WSM 600-109-10 VST O-Ring; Yamaha 115 - 350 Hp 4-Stroke";26,09
WSM;600-287;"WSM 600-287 Fuel Filter; Yamaha 250 Hp 4-Stroke 05-06";26,15
WSM;600-02;"WSM 600-02 Carburetor Kit; Mercury / Mariner 4 / 5 Hp";26,17
WSM;011-810;"WSM 011-810 Seat Latch; Yamaha 800 / 1000 / 1200 99-05";26,18
WSM;003-316-04;"WSM 003-316-04 Drive Shaft Holding Tool; Yamaha / Johnson / Verado";26,2
WSM;120-222;"WSM 120-222 Exhaust Valve; Yamaha 150 Hp 4-Stroke 11-22";26,2
WSM;120-250;"WSM 120-250 Exhaust Valve; Yamaha 200 - 350 Hp 4-Stroke 09-21";26,2
WSM;007-399-07;"WSM 007-399-07 Head Gasket; Sea-Doo / Can-Am 900 14-26";26,2
WSM;375-2508-09;"WSM 375-2508-09 Ignition Coil; Johnson / Evinrude 2 - 300 Hp 85-06";26,2
WSM;51-232;"WSM 51-232 Piston Rings; Honda 500 Rubicon 01-14 Standard";26,2
WSM;PH375-MHN05;"WSM PH375-MHN05 Starter Solenoid; Honda 125 / 150 / 450 05-25";26,2
WSM;PH375-MHN06;"WSM PH375-MHN06 Starter Solenoid; Honda 125 CRF-F 14-18";26,2
WSM;PH375-MHN04;"WSM PH375-MHN04 Starter Solenoid; Honda 250  / 300 / 650 13-24";26,2
WSM;PH375-MKW05;"WSM PH375-MKW05 Starter Solenoid; Kawasaki 140 KLX 08-26";26,2
WSM;PH375-MKW04;"WSM PH375-MKW04 Starter Solenoid; Kawasaki 250 / 300 / 450 / 650 00-26";26,2
WSM;775-202;"WSM 775-202 Thermostat; Mercury / Yamaha 9.9 - 55 Hp , C25 / C55Hp";26,2
WSM;700-525;"WSM 700-525 Water Pump Impeller; Johnson / Suzuki 90 - 200 Hp 4-Stroke";26,2
WSM;68-135;"WSM 68-135 Ball Joint, Lower; Yamaha 450 - 700 Grizzly / Kodiak 07-26";26,26
WSM;68-170;"WSM 68-170 Ball Joint, Upper & Lower; Suzuki 250 - 750 05-25";26,26
WSM;68-150;"WSM 68-150 Ball Joint, Upper & Lower; Yamaha 450 - 850 04-26";26,26
WSM;68-165;"WSM 68-165 Ball Joint, Upper; Suzuki 230 - 300 / 500 LT / Quadracer 85-92";26,26
WSM;61-509-04;"WSM 61-509-04 Cable, Throttle; Kawasaki 650 KLR 08-18";26,26
WSM;016-753;"WSM 016-753 Carburetor Kit; Kawasaki 125 KX 03-05";26,26
WSM;016-901;"WSM 016-901 Carburetor Kit; KTM 250 EXC-F / SX-F / XC-F 05-11";26,26
WSM;PH350-0002;"WSM PH350-0002 Rectifier; Johnson / Evinrude 9.9 - 55 Hp";26,27
WSM;PH350-0001;"WSM PH350-0001 Rectifier; Johnson / Evinrude 9.9 / 15 / 55 - 235 Hp";26,27
WSM;PH375-0041;"WSM PH375-0041 Starter Solenoid; J/E/Mercury/Suzuki/Tiger Shark/Yamaha 8 - 300 Hp / 500 - 1200";26,27
WSM;09-5535JL;"WSM 09-5535JL Brake Pads, Front & Rear; Arctic Cat / Can-Am 90 / 150 / 250 / 300 / 500 06-25";26,32
WSM;003-550;"WSM 003-550 Jet Pump Trim Seal; Kawasaki 750 / 900 92-99";26,34
WSM;120-210;"WSM 120-210 Intake Valve; Mercury / Yamaha 150 - 225 Hp 4-Stroke 02-10";26,4
WSM;29-839;"WSM 29-839 Top End Gasket Kit; Husqvarna / KTM 250 07-16";26,42
WSM;29-758;"WSM 29-758 Top End Gasket Kit; Kawasaki 250 KX 05-08";26,42
WSM;29-754;"WSM 29-754 Top End Gasket Kit; Kawasaki 250 KX 1992";26,42
WSM;29-757;"WSM 29-757 Top End Gasket Kit; Kawasaki 250 KX 2004";26,42
WSM;29-753;"WSM 29-753 Top End Gasket Kit; Kawasaki 250 KX 90-91";26,42
WSM;29-755;"WSM 29-755 Top End Gasket Kit; Kawasaki 250 KX 93-03";26,42
WSM;29-799;"WSM 29-799 Top End Gasket Kit; Kawasaki 500 KX 89-04";26,42
WSM;29-823;"WSM 29-823 Top End Gasket Kit; KTM / Husqvarna 125 - 150 07-16";26,42
WSM;29-838;"WSM 29-838 Top End Gasket Kit; KTM 250 EXC / SX / XC 05-06";26,42
WSM;778-130;"WSM 778-130 Sensor, Fuel / Water; Mercury / Yamaha 75 - 400 Hp";26,45
WSM;368-7126-03K;"WSM 368-7126-03K Wires, Ignition Set; Mercury / Mariner 30 - 40Hp 3 Cyl CDM 02-08";26,45
WSM;RSH-054-50;"WSM RSH-054-50 Sprocket, Rear; Honda 100 CRF-F / XR";26,46
WSM;09-5077JL;"WSM 09-5077JL Brake Pads, Front; Honda 125 / 250 / 500 CR-R 87-94";26,5
WSM;010-920-04;"WSM 010-920-04 Piston Rings; Kawasaki 750 / 1100 / 1200 .25mm Over";26,5
WSM;010-920-05;"WSM 010-920-05 Piston Rings; Kawasaki 750 / 1100 / 1200 .5mm Over";26,5
WSM;010-920-06;"WSM 010-920-06 Piston Rings; Kawasaki 750 / 1100 / 1200 .75mm Over";26,5
WSM;010-920-07;"WSM 010-920-07 Piston Rings; Kawasaki 750 / 1100 / 1200 1mm Over";26,5
WSM;010-920;"WSM 010-920 Piston Rings; Kawasaki 750 / 1100 / 1200 Standard";26,5
WSM;010-929-04;"WSM 010-929-04 Piston Rings; Yamaha 1200 .25mm Over";26,5
WSM;010-929-05;"WSM 010-929-05 Piston Rings; Yamaha 1200 .5mm Over";26,5
WSM;010-929-06;"WSM 010-929-06 Piston Rings; Yamaha 1200 .75mm Over";26,5
WSM;010-929-07;"WSM 010-929-07 Piston Rings; Yamaha 1200 1mm Over";26,5
WSM;010-929;"WSM 010-929 Piston Rings; Yamaha 1200 Standard";26,5
WSM;010-928-04;"WSM 010-928-04 Piston Rings; Yamaha 800 .25mm Over";26,5
WSM;010-928-05;"WSM 010-928-05 Piston Rings; Yamaha 800 .5mm Over";26,5
WSM;010-928-06;"WSM 010-928-06 Piston Rings; Yamaha 800 .75mm Over";26,5
WSM;010-928-07;"WSM 010-928-07 Piston Rings; Yamaha 800 1mm Over";26,5
WSM;RSY-010-49;"WSM RSY-010-49 Sprocket, Rear; Suzuki / Yamaha 80 / 85";26,62
WSM;950-200;"WSM 950-200 Supercharger Bearing Pusher; Sea-Doo 1503 4-Tec 03-09";26,63
WSM;RSE-013-49;"WSM RSE-013-49 Sprocket, Rear; KTM 85 / 105";26,65
WSM;335-245;"WSM 335-245 Tilt Cylinder Seal Kit; Mercury / Mariner 110 - 300 Hp";26,7
WSM;006-595;"WSM 006-595 Air Filter; Yamaha 1050 16-26";26,72
WSM;003-110-01;"WSM 003-110-01 Carbon Ring; Sea-Doo 1503 4-Tec 02-15";26,72
WSM;003-110;"WSM 003-110 Carbon Ring; Sea-Doo 580 / 720 - 951 95-07";26,72
WSM;003-110-02;"WSM 003-110-02 Carbon Ring; Sea-Doo 900 - 1630 4-Tec 04-26";26,72
WSM;65-255;"WSM 65-255 Coil, Ignition; Yamaha 60 / 80 / 200 - 450 / 660 86-14";26,72
WSM;010-222-01;"WSM 010-222-01 Crankshaft Lower Main Bearing; Johnson / Evinrude 90 - 175 Hp 60 Degree";26,72
WSM;950-120;"WSM 950-120 Drive Shaft Holding Tool; Sea-Doo 1503 RXP / RXT SC 04-09";26,72
WSM;500-199;"WSM 500-199 Gasket Kit, Powerhead; Mercury / Mariner 30 / 40 Hp 2 Cylinder";26,72
WSM;506-10;"WSM 506-10 Gasket, Head; Yamaha 60 / 70 Hp 3 Cylinder 84-17";26,72
WSM;003-602;"WSM 003-602 Jet Pump Repair Kit; Kawasaki 550 SX 90-95";26,72
WSM;51-223-04;"WSM 51-223-04 Piston Rings; Honda 300 TRX / TRX-FW 88-00 .25mm Over";26,72
WSM;51-223-05;"WSM 51-223-05 Piston Rings; Honda 300 TRX / TRX-FW 88-00 .5mm Over";26,72
WSM;51-223-06;"WSM 51-223-06 Piston Rings; Honda 300 TRX / TRX-FW 88-00 .75mm Over";26,72
WSM;51-223-09;"WSM 51-223-09 Piston Rings; Honda 300 TRX / TRX-FW 88-00 1.5mm Over";26,72
WSM;51-223-07;"WSM 51-223-07 Piston Rings; Honda 300 TRX / TRX-FW 88-00 1mm Over";26,72
WSM;51-223;"WSM 51-223 Piston Rings; Honda 300 TRX / TRX-FW 88-00 Standard";26,72
WSM;51-219-09;"WSM 51-219-09 Piston Rings; Honda 300 TRX-EX 93-09 1.5mm";26,72
WSM;51-226-04;"WSM 51-226-04 Piston Rings; Honda 350 TRX 00-06 .25mm Over";26,72
WSM;51-226-05;"WSM 51-226-05 Piston Rings; Honda 350 TRX 00-06 .5mm Over";26,72
WSM;51-226-06;"WSM 51-226-06 Piston Rings; Honda 350 TRX 00-06 .75mm Over";26,72
WSM;51-226-09;"WSM 51-226-09 Piston Rings; Honda 350 TRX 00-06 1.5mm Over";26,72
WSM;51-226-07;"WSM 51-226-07 Piston Rings; Honda 350 TRX 00-06 1mm Over";26,72
WSM;51-226;"WSM 51-226 Piston Rings; Honda 350 TRX 00-06 Standard";26,72
WSM;51-228-04;"WSM 51-228-04 Piston Rings; Honda 400 TRX-EX 99-14 .25mm Over";26,72
WSM;51-228-05;"WSM 51-228-05 Piston Rings; Honda 400 TRX-EX 99-14 .5mm Over";26,72
WSM;51-228-06;"WSM 51-228-06 Piston Rings; Honda 400 TRX-EX 99-14 .75mm Over";26,72
WSM;51-228-09;"WSM 51-228-09 Piston Rings; Honda 400 TRX-EX 99-14 1.5mm Over";26,72
WSM;51-228-07;"WSM 51-228-07 Piston Rings; Honda 400 TRX-EX 99-14 1mm Over";26,72
WSM;51-228;"WSM 51-228 Piston Rings; Honda 400 TRX-EX 99-14 Standard";26,72
WSM;51-230-04;"WSM 51-230-04 Piston Rings; Honda 400 TRX-FW 04-07 .25mm Over";26,72
WSM;51-230-05;"WSM 51-230-05 Piston Rings; Honda 400 TRX-FW 04-07 .5mm Over";26,72
WSM;51-230-06;"WSM 51-230-06 Piston Rings; Honda 400 TRX-FW 04-07 .75mm Over";26,72
WSM;51-230-09;"WSM 51-230-09 Piston Rings; Honda 400 TRX-FW 04-07 1.5 mm Over";26,72
WSM;51-230-07;"WSM 51-230-07 Piston Rings; Honda 400 TRX-FW 04-07 1mm Over";26,72
WSM;51-230;"WSM 51-230 Piston Rings; Honda 400 TRX-FW 04-07 Standard";26,72
WSM;51-220-04;"WSM 51-220-04 Piston Rings; Honda 400 TRX-FW 95-03 .25mm Over";26,72
WSM;51-220-05;"WSM 51-220-05 Piston Rings; Honda 400 TRX-FW 95-03 .5mm Over";26,72
WSM;51-220-06;"WSM 51-220-06 Piston Rings; Honda 400 TRX-FW 95-03 .75mm Over";26,72
WSM;51-220-09;"WSM 51-220-09 Piston Rings; Honda 400 TRX-FW 95-03 1.5mm Over";26,72
WSM;51-220-07;"WSM 51-220-07 Piston Rings; Honda 400 TRX-FW 95-03 1mm Over";26,72
WSM;51-220;"WSM 51-220 Piston Rings; Honda 400 TRX-FW 95-03 Standard";26,72
WSM;51-218-04;"WSM 51-218-04 Piston Rings; Honda 500 / 1000 Pioneer  / TRX 05-25 .25mm Over";26,72
WSM;51-218-06;"WSM 51-218-06 Piston Rings; Honda 500 / 1000 Pioneer  / TRX 05-25 .75mm Over";26,72
WSM;51-218-09;"WSM 51-218-09 Piston Rings; Honda 500 / 1000 Pioneer  / TRX 05-25 1.5mm Over";26,72
WSM;200-135-04;"WSM 200-135-04 Piston Rings; Johnson / Evinrude 120 - 300 Hp .010 Over";26,72
WSM;200-135-05;"WSM 200-135-05 Piston Rings; Johnson / Evinrude 120 - 300 Hp .020 Over";26,72
WSM;200-135-06;"WSM 200-135-06 Piston Rings; Johnson / Evinrude 120 - 300 Hp .030 Over";26,72
WSM;200-135-07;"WSM 200-135-07 Piston Rings; Johnson / Evinrude 120 - 300 Hp .040 Over";26,72
WSM;51-250-04;"WSM 51-250-04 Piston Rings; Kawasaki 220 Bayou 88-02 .25mm Over";26,72
WSM;51-250-05;"WSM 51-250-05 Piston Rings; Kawasaki 220 Bayou 88-02 .5mm Over";26,72
WSM;51-250-06;"WSM 51-250-06 Piston Rings; Kawasaki 220 Bayou 88-02 .75mm Over";26,72
WSM;51-250-09;"WSM 51-250-09 Piston Rings; Kawasaki 220 Bayou 88-02 1.5mm Over";26,72
WSM;51-250-07;"WSM 51-250-07 Piston Rings; Kawasaki 220 Bayou 88-02 1mm Over";26,72
WSM;51-250;"WSM 51-250 Piston Rings; Kawasaki 220 Bayou 88-02 Standard";26,72
WSM;51-252-04;"WSM 51-252-04 Piston Rings; Kawasaki 250 Bayou 03-11 .25mm Over";26,72
WSM;51-252-05;"WSM 51-252-05 Piston Rings; Kawasaki 250 Bayou 03-11 .5mm Over";26,72
WSM;51-252-06;"WSM 51-252-06 Piston Rings; Kawasaki 250 Bayou 03-11 .75mm Over";26,72
WSM;51-252-09;"WSM 51-252-09 Piston Rings; Kawasaki 250 Bayou 03-11 1.5mm Over";26,72
WSM;51-252-07;"WSM 51-252-07 Piston Rings; Kawasaki 250 Bayou 03-11 1mm Over";26,72
WSM;51-252;"WSM 51-252 Piston Rings; Kawasaki 250 Bayou 03-11 Standard";26,72
WSM;51-257-04;"WSM 51-257-04 Piston Rings; Kawasaki 250 Mojave 87-04 .25mm Over";26,72
WSM;51-257-05;"WSM 51-257-05 Piston Rings; Kawasaki 250 Mojave 87-04 .5mm Over";26,72
WSM;51-257-06;"WSM 51-257-06 Piston Rings; Kawasaki 250 Mojave 87-04 .75mm Over";26,72
WSM;51-257-09;"WSM 51-257-09 Piston Rings; Kawasaki 250 Mojave 87-04 1.5mm Over";26,72
WSM;51-257-07;"WSM 51-257-07 Piston Rings; Kawasaki 250 Mojave 87-04 1mm Over";26,72
WSM;51-257;"WSM 51-257 Piston Rings; Kawasaki 250 Mojave 87-04 Standard";26,72
WSM;51-255-04;"WSM 51-255-04 Piston Rings; Kawasaki 300 89-04 .25mm Over";26,72
WSM;51-255-05;"WSM 51-255-05 Piston Rings; Kawasaki 300 89-04 .5mm Over";26,72
WSM;51-255-06;"WSM 51-255-06 Piston Rings; Kawasaki 300 89-04 .75mm Over";26,72
WSM;51-255-09;"WSM 51-255-09 Piston Rings; Kawasaki 300 89-04 1.5mm Over";26,72
WSM;51-255-07;"WSM 51-255-07 Piston Rings; Kawasaki 300 89-04 1mm Over";26,72
WSM;51-255;"WSM 51-255 Piston Rings; Kawasaki 300 89-04 Standard";26,72
WSM;51-311-04;"WSM 51-311-04 Piston Rings; Polaris 500 03-14 .25mm Over";26,72
WSM;51-311-05;"WSM 51-311-05 Piston Rings; Polaris 500 03-14 .5mm Over";26,72
WSM;51-311-06;"WSM 51-311-06 Piston Rings; Polaris 500 03-14 .75mm Over";26,72
WSM;51-311-09;"WSM 51-311-09 Piston Rings; Polaris 500 03-14 1.5mm Over";26,72
WSM;51-311-07;"WSM 51-311-07 Piston Rings; Polaris 500 03-14 1mm Over";26,72
WSM;51-311;"WSM 51-311 Piston Rings; Polaris 500 03-14 Standard";26,72
WSM;51-540-06;"WSM 51-540-06 Piston Rings; Yamaha 350 / 400 84-14 .75mm Over";26,72
WSM;51-540-04;"WSM 51-540-04 Piston Rings; Yamaha 350 / 400 87-14 .25mm Over";26,72
WSM;51-540-05;"WSM 51-540-05 Piston Rings; Yamaha 350 / 400 87-14 .5mm Over";26,72
WSM;51-540-09;"WSM 51-540-09 Piston Rings; Yamaha 350 / 400 87-14 1.5mm Over";26,72
WSM;51-540-07;"WSM 51-540-07 Piston Rings; Yamaha 350 / 400 87-14 1mm Over";26,72
WSM;51-540;"WSM 51-540 Piston Rings; Yamaha 350 / 400 87-14 Standard";26,72
WSM;200-260;"WSM 200-260 Piston Rings; Yamaha 40 / 50 Hp 84-88 Standard";26,72
WSM;200-252-04;"WSM 200-252-04 Piston Rings; Yamaha 40 / 50 Hp 89-08 .010 Over";26,72
WSM;200-252-05;"WSM 200-252-05 Piston Rings; Yamaha 40 / 50 Hp 89-08 .020 Over";26,72
WSM;200-252-06;"WSM 200-252-06 Piston Rings; Yamaha 40 / 50 Hp 89-08 .030 Over";26,72
WSM;200-252-07;"WSM 200-252-07 Piston Rings; Yamaha 40 / 50 Hp 89-08 .040 Over";26,72
WSM;200-252;"WSM 200-252 Piston Rings; Yamaha 40 / 50 Hp 89-08 Standard";26,72
WSM;004-124;"WSM 004-124 Starter Solenoid; J/E/Mercury/Suzuki/Tiger Shark/Yamaha 8 - 300 / 500 - 1200";26,72
WSM;004-120-02;"WSM 004-120-02 Starter Solenoid; Sea-Doo / Can-Am 500 - 1630 98-26";26,72
WSM;004-120-01;"WSM 004-120-01 Starter Solenoid; Sea-Doo 580 - 951 95-98";26,72
WSM;700-230;"WSM 700-230 Water Pump Impeller; Force / Mercury / Mariner 30 - 75 Hp";26,72
WSM;51-229-04;"WSM 51-229-04 Piston Rings; Honda 250 TRX 97-26 .25mm Over";26,74
WSM;51-229-05;"WSM 51-229-05 Piston Rings; Honda 250 TRX 97-26 .5mm Over";26,74
WSM;51-229-06;"WSM 51-229-06 Piston Rings; Honda 250 TRX 97-26 .75mm Over";26,74
WSM;51-229-09;"WSM 51-229-09 Piston Rings; Honda 250 TRX 97-26 1.5mm Over";26,74
WSM;51-229-07;"WSM 51-229-07 Piston Rings; Honda 250 TRX 97-26 1mm Over";26,74
WSM;51-229;"WSM 51-229 Piston Rings; Honda 250 TRX 97-26 Standard";26,74
WSM;RSH-016-39;"WSM RSH-016-39 Sprocket, Rear; Honda 250 - 450";26,75
WSM;RSH-016-40;"WSM RSH-016-40 Sprocket, Rear; Honda 250 - 450";26,75
WSM;RSY-007-40;"WSM RSY-007-40 Sprocket, Rear; Yamaha 125 - 450";26,75
WSM;002-038-06;WSM 002-038-06 Throttle Cable: Sea-Doo 720 GTS 98-00;26,75
WSM;002-055-09;WSM 002-055-09 Throttle Cable: Yamaha 1200 SUV 99-04;26,75
WSM;25-102;"WSM 25-102 Full Gasket Kit; Honda 110 ATC 79-83";26,78
WSM;25-402;"WSM 25-402 Full Gasket Kit; Suzuki 80 LT 87-06";26,78
WSM;007-334;"WSM 007-334 Base Gasket; Kawasaki 1200 / 1500 03-26";26,8
WSM;29-109;"WSM 29-109 Top End Gasket Kit; Honda 200 ATC / TRX 86-97";26,81
WSM;29-110;"WSM 29-110 Top End Gasket Kit; Honda 250 / 300 ATC / TRX 85-00";26,81
WSM;RSK-037-42;"WSM RSK-037-42 Sprocket, Rear; Kawasaki 650 KLR 87-18";26,84
WSM;725-407;"WSM 725-407 Water Pump Service Kit; Mercury / Mariner / Yamaha 9.9 / 15 Hp";26,89
WSM;65-250;"WSM 65-250 Coil, Ignition; Yamaha 200 - 250 / 350 85-91";26,93
WSM;78-141;"WSM 78-141 Fuel Pump; Polaris Sportsman 300 / 400 06-08";26,93
WSM;78-144;"WSM 78-144 Fuel Pump; Polaris Sportsman 330 - 500";26,93
WSM;600-160-32;"WSM 600-160-32 O-Ring Kit, Fuel Injector; Mercury / Mariner 75 - 300 Hp DFI 99-18";26,93
WSM;779-115;"WSM 779-115 Sensor, Oil Pressure; Mercruiser 6 - 8 Cyl 92-98";26,93
WSM;343-150;"WSM 343-150 Starter Solenoid; Chrysler / Force";26,93
WSM;PH375-0052;"WSM PH375-0052 Starter Solenoid; Chrysler / Force 35 - 150 Hp 89-98";26,93
WSM;010-207;"WSM 010-207 Crankshaft Bearing; Yamaha 650 - 760 / 1100 / 1200 90-20";26,95
WSM;600-334;"WSM 600-334 Fuel Filter; Yamaha 115 - 350 Hp 4-Stroke";26,95
WSM;725-157;"WSM 725-157 Water Pump Service Kit; Mercury / Mariner / Mercruiser 65 - 300 Hp";26,95
WSM;25-300;"WSM 25-300 Full Gasket Kit; Polaris 250 85-06";26,96
WSM;003-340;"WSM 003-340 Rotary Shaft Puller; Sea-Doo 580 - 800 89-03";26,96
WSM;003-265;"WSM 003-265 Spacer Pipe; Yamaha 700 - 1300 97-26";26,98
WSM;725-225;"WSM 725-225 Water Pump Service Kit; Mercury / Force 18 - 25 Hp";26,98
WSM;016-851;"WSM 016-851 Carburetor Kit; Yamaha 80 YZ 97-01";27
WSM;016-852;"WSM 016-852 Carburetor Kit; Yamaha 85 YZ 02-05";27
WSM;016-857;"WSM 016-857 Carburetor Kit; Yamaha 85 YZ 06-18";27
WSM;006-402;"WSM 006-402 Fuel Pump Repair Kit; Kawasaki 900 / 1100 00-06";27
WSM;RSK-016-51;"WSM RSK-016-51 Sprocket, Rear; Kawasaki / Suzuki 80 - 112";27,01
WSM;RSY-046-51;"WSM RSY-046-51 Sprocket, Rear; Yamaha 125 TT-R 02-26";27,01
WSM;09-5533JL;"WSM 09-5533JL Brake Pads, Front & Rear; Arctic Cat 250 - 1000 04-24";27,04
WSM;09-5108JL;"WSM 09-5108JL Brake Pads, Front & Rear; Can-Am / Kawasaki / Suzuki / Yamaha 450 - 1000 99-26";27,04
WSM;725-520;"WSM 725-520 Water Pump Service Kit; Johnson / Evinrude / Suzuki 60 - 100 Hp";27,11
WSM;200-27-045;"WSM 200-27-045 Piston Rings; Mercury / Mariner 75 - 300 Hp 94-18 .015 Over";27,18
WSM;200-27-05;"WSM 200-27-05 Piston Rings; Mercury / Mariner 75 - 300 Hp 94-18 .020 Over";27,18
WSM;200-27-06;"WSM 200-27-06 Piston Rings; Mercury / Mariner 75 - 300 Hp 94-18 .030 Over";27,18
WSM;200-27-07;"WSM 200-27-07 Piston Rings; Mercury / Mariner 75 - 300 Hp 94-18 .040 Over";27,18
WSM;200-27;"WSM 200-27 Piston Rings; Mercury / Mariner 75 - 300 Hp 94-18 Standard";27,18
WSM;RSY-010-50;"WSM RSY-010-50 Sprocket, Rear; Suzuki / Yamaha 80 / 85";27,19
WSM;725-525-04;"WSM 725-525-04 Water Pump Service Kit; Suzuki 100 - 140 Hp 4-Stroke";27,2
WSM;775-220;"WSM 775-220 Thermostat; Honda / Mercury / Nissan / Suzuki / Yamaha 70 - 300 Hp 4-Stroke";27,23
WSM;700-530;"WSM 700-530 Water Pump Impeller; Johnson / Suzuki 200 - 300 Hp 4-Stroke";27,23
WSM;551-19;"WSM 551-19 Oil Seal, Crankshaft; Yamaha 200 - 300 Hp HPDI 04-10";27,25
WSM;447-308;"WSM 447-308 Bearing, Reverse Gear; Mercury / Mariner / Mercruiser / Yamaha 110 - 300 Hp";27,32
WSM;010-207-01;"WSM 010-207-01 Crankshaft Bearing; Polaris 650 - 785 93-00";27,37
WSM;750-161;"WSM 750-161 Water Pump Kit; Honda 8 / 9.9 Hp BF 02-13";27,37
WSM;RSY-005-45;"WSM RSY-005-45 Sprocket, Rear; Yamaha 100 - 660";27,42
WSM;RSY-005-46;"WSM RSY-005-46 Sprocket, Rear; Yamaha 100 - 660";27,42
WSM;RSY-005-47;"WSM RSY-005-47 Sprocket, Rear; Yamaha 100 - 660";27,42
WSM;RSY-005-48;"WSM RSY-005-48 Sprocket, Rear; Yamaha 100 - 660";27,42
WSM;RSY-005-49;"WSM RSY-005-49 Sprocket, Rear; Yamaha 100 - 660";27,42
WSM;RSY-005-50;"WSM RSY-005-50 Sprocket, Rear; Yamaha 100 - 660";27,42
WSM;RSY-005-51;"WSM RSY-005-51 Sprocket, Rear; Yamaha 100 - 660";27,42
WSM;200-110-04;"WSM 200-110-04 Piston Rings; Johnson / Evinrude 65 - 300 Hp .010 Over";27,43
WSM;200-110-05;"WSM 200-110-05 Piston Rings; Johnson / Evinrude 65 - 300 Hp .020 Over";27,43
WSM;200-110-06;"WSM 200-110-06 Piston Rings; Johnson / Evinrude 65 - 300 Hp .030 Over";27,43
WSM;200-110-07;"WSM 200-110-07 Piston Rings; Johnson / Evinrude 65 - 300 Hp .040 Over";27,43
WSM;200-110;"WSM 200-110 Piston Rings; Johnson / Evinrude 65 - 300 Hp Standard";27,43
WSM;778-109;"WSM 778-109 Sensor,Temperature; Mercury / Mercuriser 30 / 525 Hp";27,46
WSM;725-415;"WSM 725-415 Water Pump Service Kit; Yamaha 40 / 50 Hp 3 Cylinder 84-91";27,52
WSM;725-420-01;"WSM 725-420-01 Water Pump Service Kit; Yamaha 40 - 60 Hp";27,53
WSM;25-1008;"WSM 25-1008 Full Gasket Kit; Yamaha 85 YZ 02-12";27,54
WSM;003-137;"WSM 003-137 Jet Pump Spacer; Kawasaki 900 / 1200 / 1500 05-26";27,54
WSM;51-260-04;"WSM 51-260-04 Piston Rings; Kawasaki 750 Brute Force 12-26 .25mm Over";27,54
WSM;51-260-05;"WSM 51-260-05 Piston Rings; Kawasaki 750 Brute Force 12-26 .5mm Over";27,54
WSM;51-260-06;"WSM 51-260-06 Piston Rings; Kawasaki 750 Brute Force 12-26 .75mm Over";27,54
WSM;51-260-07;"WSM 51-260-07 Piston Rings; Kawasaki 750 Brute Force 12-26 1mm Over";27,54
WSM;29-1010;"WSM 29-1010 Top End Gasket Kit; Yamaha 125 TT-R 01-04";27,54
WSM;RSK-037-43;"WSM RSK-037-43 Sprocket, Rear; Kawasaki 650 KLR 87-18";27,55
WSM;RSY-038-45;"WSM RSY-038-45 Sprocket, Rear; Yamaha 600 XT 84-95";27,55
WSM;09-5514JL;"WSM 09-5514JL Brake Pads, Front; Polaris 90 / 170 Predator / RZR";27,56
WSM;600-270;"WSM 600-270 Fuel Filter; Mercruiser V-8 W/Gen III Cool Fuel Systerms";27,6
WSM;003-625;"WSM 003-625 Bearing Housing Repair Kit; Yamaha 500 / 650 87-93";27,61
WSM;003-551-01;"WSM 003-551-01 Jet Pump Trim Seal; Kawasaki 1500 Ultra 07-22";27,67
WSM;004-517;"WSM 004-517 Knock Sensor; Sea-Doo / Can-Am 850 / 900 / 1000 / 1503 / 1630 11-26";27,67
WSM;011-807;"WSM 011-807 Support, Rubber Gauge; Sea-Doo 580 - 951 93-02";27,67
WSM;362-310;"WSM 362-310 Switch Assembly, Neutral; Yamaha 6 - 115 Hp 86-07";27,67
WSM;780-135;"WSM 780-135 Thermostat Kit; Johnson / Evinrude 65 - 115 Hp V4 CrossFlow 86-97";27,67
WSM;26-350C;"WSM 26-350C Top End Gasket Kit; Yamaha 350 - 450 87-14";27,68
WSM;003-601;"WSM 003-601 Jet Pump Repair Kit; Kawasaki 550 JS 82-89";27,7
WSM;68-100;"WSM 68-100 Ball Joint, Upper & Lower; Honda / Yamaha 250 - 700 88-26";27,72
WSM;68-210;"WSM 68-210 Ball Joint, Upper & Lower; Kawasaki / Suzuki 450 - 1000 00-26";27,72
WSM;68-185;"WSM 68-185 Ball Joint, Upper & Lower; Kawasaki 250 - 400 87-04";27,72
WSM;68-190;"WSM 68-190 Ball Joint, Upper & Lower; Kawasaki 250 - 400 87-04";27,72
WSM;016-715;"WSM 016-715 Carburetor Kit; Honda 50 88-05";27,72
WSM;016-726;"WSM 016-726 Carburetor Kit; Honda 50 CRF-F 06-16";27,72
WSM;016-727;"WSM 016-727 Carburetor Kit; Honda 70 CRF-F 06-13";27,72
WSM;016-843;"WSM 016-843 Carburetor Kit; Suzuki 200 DR 96-09";27,72
WSM;016-853;"WSM 016-853 Carburetor Kit; Yamaha 125 YZ 99-00";27,72
WSM;200-200-05;"WSM 200-200-05 Piston Rings; Chrysler / Force 40 - 150 Hp .020 Over";27,72
WSM;200-200-07;"WSM 200-200-07 Piston Rings; Chrysler / Force 40 - 150 Hp .040 Over";27,72
WSM;RSK-025-40;"WSM RSK-025-40 Sprocket, Rear; Kawasaki 250 KL / KLR / KLX";27,72
WSM;RSK-025-42;"WSM RSK-025-42 Sprocket, Rear; Kawasaki 250 KL / KLR / KLX";27,72
WSM;725-200;"WSM 725-200 Water Pump Service Kit; Mercury / Mariner 35 - 70 Hp";27,72
WSM;200-48-05;"WSM 200-48-05 Piston Rings; Mercury / Mariner 200 - 250 Hp 3L 99-08 .020 Over";27,73
WSM;PH350-0003;"WSM PH350-0003 Rectifier; Mercury";27,73
WSM;RSS-025-51;"WSM RSS-025-51 Sprocket, Rear; Kawasaki / Suzuki 125 KLX / DRZ";27,73
WSM;RSK-004-38;"WSM RSK-004-38 Sprocket, Rear; Kawasaki 250 Tecate 84-85";27,73
WSM;RSK-004-40;"WSM RSK-004-40 Sprocket, Rear; Kawasaki 250 Tecate 84-85";27,73
WSM;RSK-004-42;"WSM RSK-004-42 Sprocket, Rear; Kawasaki 250 Tecate 84-85";27,73
WSM;RSK-004-44;"WSM RSK-004-44 Sprocket, Rear; Kawasaki 250 Tecate 84-85";27,73
WSM;PH375-0008;"WSM PH375-0008 Starter Solenoid; Delco 3 Bolt Mounting";27,73
WSM;PH375-0032;"WSM PH375-0032 Starter Solenoid; Johnson / Evinrude 9.9 / 15 Hp 74-77";27,73
WSM;RSH-054-51;"WSM RSH-054-51 Sprocket, Rear; Honda 100 CRF-F / XR";27,77
WSM;S41316218;"WSM S41316218 Piston Ring; KTM / Husqvarna 85 03-20";27,8
WSM;S41316217;"WSM S41316217 Piston Ring; KTM 65 SX / XC 09-20";27,8
WSM;09-5095JL;"WSM 09-5095JL Brake Pads, Rear; Honda 420 - 700 Pioneer / TRX 04-26";27,86
WSM;600-312K;"WSM 600-312K Fuel Filter Kit; Johnson / Evinrude 90 - 175 Hp 60 Degree";27,88
WSM;996-190;WSM 996-190 Ignition Wire Puller;27,88
WSM;775-240;"WSM 775-240 Thermostat; Yamaha 75 / 90 Hp 4-Stroke 16-Up";27,88
WSM;51-227-09;"WSM 51-227-09 Piston Rings; Honda 450 TRX Foreman 98-04 1.5mm Over";27,91
WSM;RSS-015-41;"WSM RSS-015-41 Sprocket, Rear; Kawasaki / Suzuki 125 - 450";27,91
WSM;RSS-032-41;"WSM RSS-032-41 Sprocket, Rear; Suzuki 175 - 400";27,91
WSM;88-112;"WSM 88-112 Clutch Kit, Complete; Honda 200 XR 80-02";28,01
WSM;RSK-005-41;"WSM RSK-005-41 Sprocket, Rear; Kawasaki 250 / 300";28,03
WSM;RSK-005-43;"WSM RSK-005-43 Sprocket, Rear; Kawasaki 250 / 300";28,03
WSM;007-419-02;"WSM 007-419-02 Head Gasket; Kawasaki 800 SX-R 03-11";28,07
WSM;010-935-04;"WSM 010-935-04 Piston Rings; Polaris 800 / 1200 .25mm Over";28,07
WSM;010-935-05;"WSM 010-935-05 Piston Rings; Polaris 800 / 1200 .5mm Over";28,07
WSM;010-935-06;"WSM 010-935-06 Piston Rings; Polaris 800 / 1200 .75mm Over";28,07
WSM;010-935-07;"WSM 010-935-07 Piston Rings; Polaris 800 / 1200 1mm Over";28,07
WSM;010-935;"WSM 010-935 Piston Rings; Polaris 800 / 1200 Standard";28,07
WSM;68-225;"WSM 68-225 Ball Joint, Upper & Lower; Can-Am / Polaris 250 - 850 06-25";28,1
WSM;68-265;"WSM 68-265 Ball Joint, Upper & Lower; Polaris 30 / 300 - 1100 08-21";28,1
WSM;68-195;"WSM 68-195 Ball Joint, Upper & Lower; Polaris 570 - 1100 14-26";28,1
WSM;68-275;"WSM 68-275 Ball Joint, Upper & Lower; Polaris 925 - 2000 Ranger / RZR 14-26";28,1
WSM;775-207;"WSM 775-207 Thermostat; Johnson / Evinrude / Suzuki 9.9 - 70 Hp 4-Stroke";28,13
WSM;RSY-065-53;"WSM RSY-065-53 Sprocket, Rear; Yamaha 225";28,14
WSM;09-5704JL;"WSM 09-5704JL Brake Pads, Front; KTM / Husqvarna / GAS GAS 125 - 640";28,15
WSM;600-85;"WSM 600-85 Carburetor Kit; Yamaha 40 / 50 Hp";28,15
WSM;25-116;"WSM 25-116 Full Gasket Kit; Honda 250 Odyssey 77-84";28,15
WSM;600-339;"WSM 600-339 Fuel Filter; Yamaha 115 - 350 Hp 4-Stroke";28,18
WSM;004-107;"WSM 004-107 VTS Housing Switch; Sea-Doo 720 - 951 96-04";28,21
WSM;009-912J;"WSM 009-912J Crankshaft Oil Seal Kit; Yamaha 800";28,22
WSM;950-115;"WSM 950-115 Drive Shaft Holding Tool; Sea-Doo 1503 4-Tec 02-13";28,22
WSM;007-594;"WSM 007-594 Exhaust Manifold Gasket; Yamaha 1000 / 1100 02-10";28,22
WSM;990-100;WSM 990-100 Flywheel / Pulley Holder;28,22
WSM;505-13-01;"WSM 505-13-01 Gasket, Head; Johnson / Evinrude 200 - 300 Hp V6 3.3 / 3.4L 00-14";28,22
WSM;506-12;"WSM 506-12 Gasket, Head; Yamaha 75 - 90 Hp 3 Cylinder 84-09";28,22
WSM;585-971;"WSM 585-971 Gasket, Oil Pan; Mercruiser 4.3L 262 CI.";28,22
WSM;990-115;WSM 990-115 Hose Clamp, Oetiker Pliers;28,22
WSM;007-594-02;"WSM 007-594-02 Muffler Damper Gasket; Yamaha 1000 / 1100 02-10";28,22
WSM;51-258-04;"WSM 51-258-04 Piston Rings; Kawasaki 750 Brute Force / Teryx 05-11 .25mm Over";28,22
WSM;51-258-05;"WSM 51-258-05 Piston Rings; Kawasaki 750 Brute Force / Teryx 05-11 .5mm Over";28,22
WSM;51-258-06;"WSM 51-258-06 Piston Rings; Kawasaki 750 Brute Force / Teryx 05-11 .75mm Over";28,22
WSM;51-258-09;"WSM 51-258-09 Piston Rings; Kawasaki 750 Brute Force / Teryx 05-11 1.5mm Over";28,22
WSM;51-258-07;"WSM 51-258-07 Piston Rings; Kawasaki 750 Brute Force / Teryx 05-11 1mm Over";28,22
WSM;51-258;"WSM 51-258 Piston Rings; Kawasaki 750 Brute Force / Teryx 05-11 Standard";28,22
WSM;200-19-04;"WSM 200-19-04 Piston Rings; Mercury / Mariner 105 - 240 Hp 2.5L .010 Over 1.5mm Thick";28,22
WSM;200-19-045;"WSM 200-19-045 Piston Rings; Mercury / Mariner 105 - 240 Hp 2.5L .015 Over 1.5mm Thick";28,22
WSM;200-19-05;"WSM 200-19-05 Piston Rings; Mercury / Mariner 105 - 240 Hp 2.5L .020 Over 1.5mm Thick";28,22
WSM;200-19-06;"WSM 200-19-06 Piston Rings; Mercury / Mariner 105 - 240 Hp 2.5L .030 Over 1.5mm Thick";28,22
WSM;200-19-07;"WSM 200-19-07 Piston Rings; Mercury / Mariner 105 - 240 Hp 2.5L .040 Over 1.5mm Thick";28,22
WSM;200-19;"WSM 200-19 Piston Rings; Mercury / Mariner 105 - 240 Hp 2.5L Standard 1.5mm Thick";28,22
WSM;950-130;"WSM 950-130 Steering Cable Nut Removal Tool; Sea-Doo";28,22
WSM;29-520;"WSM 29-520 Top End Gasket Kit; Yamaha 350 Banshee 87-06";28,22
WSM;29-520-20;"WSM 29-520-20 Top End Gasket Kit; Yamaha 350 Banshee 87-06";28,22
WSM;29-520-31;"WSM 29-520-31 Top End Gasket Kit; Yamaha 350 Banshee 87-06";28,22
WSM;010-256;"WSM 010-256 Upper Main Bearing; Mercury / Mariner 75 - 150 Hp";28,22
WSM;700-120;"WSM 700-120 Water Pump Impeller; Chrysler 35 Hp 79-82";28,22
WSM;79-500;"WSM 79-500 Air Filter; Can Am 500 - 1000";28,25
WSM;830-090;"WSM 830-090 Belt, Timing; Yamaha 40 - 60 Hp 4-Stroke 95-04";28,27
WSM;09-5518JL;"WSM 09-5518JL Brake Pads, Front; Polaris 325 - 1000";28,27
WSM;520-114;"WSM 520-114 Chain, 520 Series; 114 Link";28,27
WSM;520-116;"WSM 520-116 Chain, 520 Series; 116 Link";28,27
WSM;520-118;"WSM 520-118 Chain, 520 Series; 118 Link";28,27
WSM;520-120;"WSM 520-120 Chain, 520 Series; 120 Link";28,27
WSM;004-170;"WSM 004-170 Coil, Charge; Sea-Doo 580 / 650 89-94";28,27
WSM;011-809;"WSM 011-809 Compartment Latch; Yamaha 1000 / 1100 / 1800 FX 08-18";28,27
WSM;25-712;"WSM 25-712 Full Gasket Kit; Kawasaki 80 KX 1990";28,27
WSM;25-710;"WSM 25-710 Full Gasket Kit; Kawasaki 80 KX 86-87";28,27
WSM;25-711;"WSM 25-711 Full Gasket Kit; Kawasaki 80 KX 88-89";28,27
WSM;25-913;"WSM 25-913 Full Gasket Kit; Suzuki 80 RM 91-01";28,27
WSM;582-310;"WSM 582-310 Gasket Set, Intake; Mercruiser / OMC V6";28,27
WSM;200-200-06;"WSM 200-200-06 Piston Rings; Chrysler / Force 40 - 150 Hp .030 Over";28,27
WSM;200-200;"WSM 200-200 Piston Rings; Chrysler / Force 40 - 150 Hp Standard";28,27
WSM;29-634;"WSM 29-634 Top End Gasket Kit; Honda 150 CRF-F 06-17";28,27
WSM;29-112;"WSM 29-112 Top End Gasket Kit; Honda 250 ATC-R 81-84";28,27
WSM;29-141;"WSM 29-141 Top End Gasket Kit; Honda 400 TRX-FW 95-03";28,27
WSM;29-948;"WSM 29-948 Top End Gasket Kit; Suzuki 250 RM 03-04";28,27
WSM;29-949;"WSM 29-949 Top End Gasket Kit; Suzuki 250 RM 05-08";28,27
WSM;010-192K;"WSM 010-192K Lower Rod Bearing Kit; Sea-Doo 1503 / 1630 4-Tec 02-26 / Can-Am 500 / 650 Quest / Traxter 02-05";28,28
WSM;RSK-025-44;"WSM RSK-025-44 Sprocket, Rear; Kawasaki 250 KL / KLR / KLX";28,31
WSM;RSK-037-44;"WSM RSK-037-44 Sprocket, Rear; Kawasaki 650 KLR 87-18";28,31
WSM;775-202K;"WSM 775-202K Thermostat Kit; Mariner / Yamaha 9.9 / 15Hp";28,32
WSM;510-46;"WSM 510-46 Gasket, Intake; Mercury 200 / 300 Hp High Performance";28,37
WSM;830-095;"WSM 830-095 Belt, Timing; Yamaha 25 - 70 Hp 4-Stroke 05-22";28,43
WSM;61-212;"WSM 61-212 Cable, Throttle; Polaris 400";28,43
WSM;775-103;"WSM 775-103 Thermostat; Johnson / Evinrude 6 - 15 / 40 - 55 Hp";28,43
WSM;805-204-08;"WSM 805-204-08 Bolt, Connecting Rod; Mercury / Mariner 65 - 125 / 200 - 300 Hp (8 Pack)";28,57
WSM;505-80;"WSM 505-80 Gasket, Head; Chrysler / Force 100 - 140 Hp 4 Cyl 77-00";28,57
WSM;650-580;"WSM 650-580 Fuel Line Primer Bulb; Mercury / Mariner 30 - 90 Hp";28,58
WSM;600-86;"WSM 600-86 Carburetor Kit; Yamaha 40 / 50 Hp With Float";28,61
WSM;RSY-007-42;"WSM RSY-007-42 Sprocket, Rear; Yamaha 125 - 450";28,64
WSM;581-921;"WSM 581-921 Gasket, Valve Cover; Mercruiser / OMC V6 4.3L";28,67
WSM;RSP-001-38;"WSM RSP-001-38 Sprocket, Rear; Kawasaki / Polaris 250 - 500";28,68
WSM;RSP-001-40;"WSM RSP-001-40 Sprocket, Rear; Kawasaki / Polaris 250 - 500";28,68
WSM;RSP-001-42;"WSM RSP-001-42 Sprocket, Rear; Kawasaki / Polaris 250 - 500";28,68
WSM;RSP-001-30;"WSM RSP-001-30 Sprocket, Rear; Polaris 250 - 500";28,68
WSM;RSP-001-34;"WSM RSP-001-34 Sprocket, Rear; Polaris 250 - 500";28,68
WSM;RSP-001-36;"WSM RSP-001-36 Sprocket, Rear; Polaris 250 - 500";28,68
WSM;RSP-004-36;"WSM RSP-004-36 Sprocket, Rear; Polaris 450 - 525";28,68
WSM;RSP-004-37;"WSM RSP-004-37 Sprocket, Rear; Polaris 450 - 525";28,68
WSM;RSP-004-38;"WSM RSP-004-38 Sprocket, Rear; Polaris 450 - 525";28,68
WSM;RSP-004-39;"WSM RSP-004-39 Sprocket, Rear; Polaris 450 - 525";28,68
WSM;RSS-032-42;"WSM RSS-032-42 Sprocket, Rear; Suzuki 175 - 400";28,68
WSM;600-299;"WSM 600-299 Fuel Filter; Yamaha 150 - 250 Hp HPDI 00-04";28,7
WSM;200-134-05;"WSM 200-134-05 Piston Rings; Johnson / Evinrude 200 - 300 Hp .020 Over";28,72
WSM;200-134-06;"WSM 200-134-06 Piston Rings; Johnson / Evinrude 200 - 300 Hp .030 Over";28,72
WSM;200-134-07;"WSM 200-134-07 Piston Rings; Johnson / Evinrude 200 - 300 Hp .040 Over";28,72
WSM;200-134;"WSM 200-134 Piston Rings; Johnson / Evinrude 200 - 300 Hp Standard";28,72
WSM;778-160;"WSM 778-160 Sensor, Map; Mercury 200 - 300 Hp 3.4 / 4.6 Liter";28,78
WSM;88-116;"WSM 88-116 Clutch Kit, Complete; Honda 230 CRF-L / M 08-11";28,9
WSM;RSY-046-54;"WSM RSY-046-54 Sprocket, Rear; Yamaha 125 TT-R 02-26";28,9
WSM;003-222;"WSM 003-222 Coupler; Yamaha 1200 GP / XL 98-99";28,92
WSM;51-214;"WSM 51-214 Piston Rings; Honda 450 TRX-R 06-14";28,92
WSM;506-53-01;"WSM 506-53-01 Gasket,Valve Cover; Yamaha 300 - 350 Hp V8 4-Stroke 07-19 Port Side";28,93
WSM;506-52-01;"WSM 506-52-01 Gasket,Valve Cover; Yamaha 300 - 350 Hp V8 4-Stroke 07-19 Starboard Side";28,93
WSM;335-115;"WSM 335-115 Trim Cylinder Seal Kit; Evinrude / OMC / Volvo";28,98
WSM;006-716-50;"WSM 006-716-50 Hose, Polyeurethane; 3/16'' x 50'";28,99
WSM;120-102-08;"WSM 120-102-08 Valve Stem Seal; Mercury / Yamaha 75 - 115 Hp 4-Stroke 99-17 8PK";28,99
WSM;61-505-11;"WSM 61-505-11 Cable, Throttle; KTM 250 - 500 13-24";29,03
WSM;007-325;"WSM 007-325 Head Gasket; Kawasaki 1100 96-04";29,03
WSM;380-5110;"WSM 380-5110 Ignition Coil; Yamaha 115 - 225 Hp 84-96";29,03
WSM;29-648;"WSM 29-648 Top End Gasket Kit; Honda 250 CR 05-07";29,03
WSM;020-250;"WSM 020-250 Dashboard USB Charger; 35 x 20mm";29,08
WSM;120-228;"WSM 120-228 Exhaust Valve; Yamaha 225 - 350 Hp 3.3 / 5.3L 4-Stroke 05-11";29,08
WSM;009-717-01;"WSM 009-717-01 Jet Pump Oil Seal; Yamaha 1800 / 1900 08-26";29,08
WSM;87-402;"WSM 87-402 Clutch Kit, Complete; Honda 200 / 250 TRX 86-14";29,09
WSM;004-522;"WSM 004-522 Air Temperature / Pressure Sensor; Can-Am / Sea-Doo 400 - 1000 / 900 06-24";29,12
WSM;830-325;"WSM 830-325 Belt, Power Steering; Mercruiser";29,12
WSM;830-208;"WSM 830-208 Belt, Serpentine; Mercury / Mariner 200 / 225 Hp 3L Optimax 98-00";29,12
WSM;09-5508JL;"WSM 09-5508JL Brake Pads, Rear; Polaris 500 Big Boss / Sportsman 6X6 00-01";29,12
WSM;600-236;"WSM 600-236 Carburetor Kit; Mercruiser / OMC 2 BBL Rochester";29,12
WSM;004-802-02F;"WSM 004-802-02F Filter, Fuel Pump; Sea-Doo 1503 4-Tec 08-17";29,12
WSM;503-870;"WSM 503-870 Gasket Set, Timing Cover; 3.0L 4 Cylinder 181 CI.";29,12
WSM;51-546-04;"WSM 51-546-04 Piston Rings; Yamaha 700 Grizzly / Raptor / Viking / Rhino 06-26 .25mm Over";29,12
WSM;51-546-05;"WSM 51-546-05 Piston Rings; Yamaha 700 Grizzly / Raptor / Viking / Rhino 06-26 .5mm Over";29,12
WSM;51-546-06;"WSM 51-546-06 Piston Rings; Yamaha 700 Grizzly / Raptor / Viking / Rhino 06-26 .75mm Over";29,12
WSM;51-546-09;"WSM 51-546-09 Piston Rings; Yamaha 700 Grizzly / Raptor / Viking / Rhino 06-26 1.5mm Over";29,12
WSM;51-546-07;"WSM 51-546-07 Piston Rings; Yamaha 700 Grizzly / Raptor / Viking / Rhino 06-26 1mm Over";29,12
WSM;51-546;"WSM 51-546 Piston Rings; Yamaha 700 Grizzly / Raptor / Viking / Rhino 06-26 Standard";29,12
WSM;779-110;"WSM 779-110 Sender, Oil Pressure; Mercruiser / OMC / Volvo 4 - 8 Cylinder";29,12
WSM;004-293;"WSM 004-293 Temperature Sensor; Yamaha 1200 97-05";29,12
WSM;780-150;"WSM 780-150 Thermostat Kit; Johnson / Evinrude 175 / 235 Hp V6 Cross Flow 77-85";29,12
WSM;775-230;"WSM 775-230 Thermostat; Yamaha 225 - 300 Hp / 1000 / 1100 / 1800 4-Stroke";29,12
WSM;016-732;"WSM 016-732 Carburetor Kit; Honda 200 XR 98-02";29,14
WSM;0200-07-07;"WSM 200-07-07 Piston Rings; Mercury / Mariner 45 - 60 Hp 91-97 .040 Over";29,16
WSM;830-052;"WSM 830-052 Belt, Timing; Johnson / Suzuki 9.9 - 20 Hp 4-Stroke 02-18";29,17
WSM;016-707;"WSM 016-707 Carburetor Kit; Honda 125 CR 04-07";29,17
WSM;016-708;"WSM 016-708 Carburetor Kit; Honda 250 CR 04-07";29,17
WSM;016-711;"WSM 016-711 Carburetor Kit; Honda 250 CRF-R 07-08";29,17
WSM;016-709;"WSM 016-709 Carburetor Kit; Honda 250 CRF-R 2004";29,17
WSM;016-710;"WSM 016-710 Carburetor Kit; Honda 250 CRF-R 2005";29,17
WSM;016-736;"WSM 016-736 Carburetor Kit; Honda 250 CRF-R 2006";29,17
WSM;016-712;"WSM 016-712 Carburetor Kit; Honda 450 CRF-R 02-04";29,17
WSM;016-713;"WSM 016-713 Carburetor Kit; Honda 450 CRF-R 05-06";29,17
WSM;016-714;"WSM 016-714 Carburetor Kit; Honda 450 CRF-R 07-08";29,17
WSM;016-841;"WSM 016-841 Carburetor Kit; Kawasaki / Suzuki 400 KLX / DRZ-S/SM 00-19";29,17
WSM;016-844;"WSM 016-844 Carburetor Kit; Suzuki 350 DR 90-99";29,17
WSM;016-842;"WSM 016-842 Carburetor Kit; Suzuki 650 DR 96-20";29,17
WSM;016-892;"WSM 016-892 Carburetor Kit; Yamaha 200 TW 01-26";29,17
WSM;016-891;"WSM 016-891 Carburetor Kit; Yamaha 200 TW 87-00";29,17
WSM;016-894;"WSM 016-894 Carburetor Kit; Yamaha 250 XT 08-12";29,17
WSM;016-866;"WSM 016-866 Carburetor Kit; Yamaha 50 PW 85-06";29,17
WSM;PH185-0008;WSM PH185-0008 STARTER REPAIR KIT;29,18
WSM;PH185-0010;WSM PH185-0010 STARTER REPAIR KIT;29,18
WSM;PH185-0002;"WSM PH185-0002 Starter, Com-End Kit Brushed; Johnson / Evinrude / Mercury / Force 40 - 85 / 150 - 235 Hp 76-92";29,18
WSM;PH185-0006;"WSM PH185-0006 Starter, Com-End Kit Brushed; Johnson / Evinrude 75 - 175 Hp 91-06";29,18
WSM;PH185-0003;"WSM PH185-0003 Starter, Com-End Kit; Chrysler";29,18
WSM;PH185-0005;"WSM PH185-0005 Starter, Com-End Kit; Johnson / Evinrude 20 - 35 Hp Cross Flow 76-05";29,18
WSM;PH185-0001;"WSM PH185-0001 Starter, Com-End Kit; Johnson / Evinrude 35 - 140 Hp 73-05";29,18
WSM;PH185-0011;"WSM PH185-0011 Starter, Com-End Kit; Mercury / Mariner 40 - 60 Hp";29,18
WSM;PH185-0004;"WSM PH185-0004 Starter, Com-End Kit; Mercury / Mariner 50 - 300 Hp 76-10";29,18
WSM;541-34-02;"WSM 541-34-02 Gasket, Crankcase Cover; Mercury / Yamaha 200 - 250 Hp V6 4-Stroke 02-21";29,27
WSM;805-208-12;"WSM 805-208-12 Bolt, Connecting Rod; Mercury / Mariner 135 - 220 Hp (12 Pack)";29,3
WSM;09-5030JL;"WSM 09-5030JL Brake Pads, Front; GAS GAS / Honda / Kawasaki / Suzuki / Yamaha 125 - 700";29,34
WSM;004-237;"WSM 004-237 Voltage Regulator; Kawasaki 1200 Ultra 150 99-05";29,36
WSM;09-5510JL;"WSM 09-5510JL Brake Pads, Front & Rear; Polaris 325 - 1100 08-26";29,41
WSM;RSS-015-43;"WSM RSS-015-43 Sprocket, Rear; Kawasaki / Suzuki 125 - 450";29,45
WSM;RSK-014-42;"WSM RSK-014-42 Sprocket, Rear; Kawasaki / Suzuki 125 - 650";29,45
WSM;RSS-032-43;"WSM RSS-032-43 Sprocket, Rear; Suzuki 175 - 400";29,45
WSM;004-162;"WSM 004-162 Coil, Exciter; Kawasaki 440 / 550 SX 82-95";29,46
WSM;830-080;"WSM 830-080 Belt, Timing; Yamaha 15 / 20 Hp 4-Stroke 06-22";29,47
WSM;950-150;"WSM 950-150 Alignment Adaptor; Sea-Doo 1503 GTX 4-Tec 02-09";29,5
WSM;010-002-08;"WSM 010-002-08 Bucket Valve, Intake; Yamaha 1000 / 1100 02-15";29,54
WSM;778-200;"WSM 778-200 Sensor,Temperature; Yamaha 60 - 300 Hp";29,54
WSM;362-240;"WSM 362-240 Ignition Switch; Mercury / Mariner 15 - 30 Hp 01-06";29,63
WSM;29-516;"WSM 29-516 Top End Gasket Kit; Yamaha 350 / 400 87-14";29,63
WSM;003-221;"WSM 003-221 Coupler; Yamaha 1100 Wave Raider 1995";29,64
WSM;003-219;"WSM 003-219 Coupler; Yamaha 650 / 700 90-94";29,64
WSM;003-223;"WSM 003-223 Coupler; Yamaha 800 - 1300 98-10";29,64
WSM;010-255;"WSM 010-255 Upper Main Bearing; Mercury / Mariner 45 - 60 Hp 3 Cyl 91-97";29,64
WSM;PH105-D003;"WSM PH105-D003 Starter Drive; Kawasaki 440 / 550 77-91";29,69
WSM;PH105-D005;"WSM PH105-D005 Starter Drive; Sea-Doo 580 - 800 89-05";29,69
WSM;PH105-D006;"WSM PH105-D006 Starter Drive; Sea-Doo 720 / 800 97-05";29,69
WSM;PH105-D004;"WSM PH105-D004 Starter Drive; Yamaha 500 89-93";29,69
WSM;002-511;"WSM 002-511 Cable End; Kawasaki 1500 10-26";29,7
WSM;600-05;"WSM 600-05 Carburetor Kit; Mercury / Mariner 6 - 25 Hp";29,7
WSM;600-59;"WSM 600-59 Carburetor Kit; Yamaha 115 - 225 Hp With 2 Floats";29,7
WSM;010-282-01;"WSM 010-282-01 Center Main Bearing; Johnson / Evinrude 85 - 300 Hp";29,7
WSM;010-198-05;"WSM 010-198-05 Center Main Thrust Ring; Kawasaki 1200 / 1500 03-09";29,7
WSM;010-195-05;"WSM 010-195-05 Crankshaft Bearing; Kawasaki 1200 / 1500 03-09";29,7
WSM;010-196-05;"WSM 010-196-05 Crankshaft Bearing; Kawasaki 1200 / 1500 03-09";29,7
WSM;010-197-05;"WSM 010-197-05 Crankshaft Bearing; Kawasaki 1200 / 1500 03-09";29,7
WSM;003-202;"WSM 003-202 Damper; Sea-Doo 720 - 951 95-98";29,7
WSM;555-13;"WSM 555-13 Drain Plug Gasket; Nissan / Tohatsu 2.5 - 140 Hp";29,7
WSM;555-12;"WSM 555-12 Drain Plug Gasket; Volvo";29,7
WSM;600-286;"WSM 600-286 Fuel Filter; Johnson / Evinrude / Suzuki 40 / 50 Hp 4-Stroke 99-10";29,7
WSM;600-293;"WSM 600-293 Fuel Filter; Yamaha 150 - 300 Hp HPDI";29,7
WSM;600-291;"WSM 600-291 Fuel Filter; Yamaha 150 / 200 - 250 Hp 99-05";29,7
WSM;004-133;"WSM 004-133 Fuel Pump Relay; Kawasaki 1200 / 1500 04-26";29,7
WSM;25-108-01;"WSM 25-108-01 Full Gasket Kit; Honda 200 ATC 83-86";29,7
WSM;580-010-01;"WSM 580-010-01 Gasket, Head; Mercruiser / OMC / Volvo V6 4.3L 262 CI.";29,7
WSM;505-47;"WSM 505-47 Gasket, Head; Mercury 200 / 225 Hp 2.5L Pro Max High Performance";29,7
WSM;505-48;"WSM 505-48 Gasket, Head; Mercury 200 / 225 Hp 2.5L Pro Max High Performance";29,7
WSM;506-14;"WSM 506-14 Gasket, Head; Yamaha 115 / 130 Hp 4 Cylinder 84-10";29,7
WSM;983-325;"WSM 983-325 Gimbal Housing Nut Wrench;";29,7
WSM;007-315-01;"WSM 007-315-01 Head Cover Gasket; Kawasaki 1200 / 1500 03-26";29,7
WSM;012-580;"WSM 012-580 Lanyard, D.E.S.S; Sea-Doo";29,7
WSM;010-199-05;"WSM 010-199-05 Lower Rod Bearing; Kawasaki 1500 STX / Ultra 250 / 260 04-09";29,7
WSM;012-152;WSM 012-152 Piston Pin Puller;29,7
WSM;200-140-04;"WSM 200-140-04 Piston Rings; Johnson / Evinrude 175 / 235 Hp .010 Over";29,7
WSM;200-140-05;"WSM 200-140-05 Piston Rings; Johnson / Evinrude 175 / 235 Hp .020 Over";29,7
WSM;200-140-06;"WSM 200-140-06 Piston Rings; Johnson / Evinrude 175 / 235 Hp .030 Over";29,7
WSM;200-140-07;"WSM 200-140-07 Piston Rings; Johnson / Evinrude 175 / 235 Hp .040 Over";29,7
WSM;200-140;"WSM 200-140 Piston Rings; Johnson / Evinrude 175 / 235 Hp Standard";29,7
WSM;200-133-04;"WSM 200-133-04 Piston Rings; Johnson / Evinrude 40 - 200 Hp .010 Over";29,7
WSM;200-133-05;"WSM 200-133-05 Piston Rings; Johnson / Evinrude 40 - 200 Hp .020 Over";29,7
WSM;200-133-06;"WSM 200-133-06 Piston Rings; Johnson / Evinrude 40 - 200 Hp .030 Over";29,7
WSM;200-133-07;"WSM 200-133-07 Piston Rings; Johnson / Evinrude 40 - 200 Hp .040 Over";29,7
WSM;200-133;"WSM 200-133 Piston Rings; Johnson / Evinrude 40 - 200 Hp Standard";29,7
WSM;010-944-04;"WSM 010-944-04 Piston Rings; Kawasaki 1200 / 1500 .25mm Over";29,7
WSM;010-944-05;"WSM 010-944-05 Piston Rings; Kawasaki 1200 / 1500 .5mm Over";29,7
WSM;010-944;"WSM 010-944 Piston Rings; Kawasaki 1200 / 1500 Standard";29,7
WSM;200-49-045;"WSM 200-49-045 Piston Rings; Mercury / Mariner 110 - 200 Hp 2.5L 01-18 .015 Over";29,7
WSM;200-49-06;"WSM 200-49-06 Piston Rings; Mercury / Mariner 110 - 200 Hp 2.5L 01-18 .030 Over";29,7
WSM;200-49-07;"WSM 200-49-07 Piston Rings; Mercury / Mariner 110 - 200 Hp 2.5L 01-18 .040 Over";29,7
WSM;200-49;"WSM 200-49 Piston Rings; Mercury / Mariner 110 - 200 Hp 2.5L 01-18 Standard";29,7
WSM;200-28-045;"WSM 200-28-045 Piston Rings; Mercury / Mariner 115 - 150 Hp 2.5L Optimax .015 Over";29,7
WSM;200-28-06;"WSM 200-28-06 Piston Rings; Mercury / Mariner 115 - 150 Hp 2.5L Optimax .030 Over";29,7
WSM;200-28-07;"WSM 200-28-07 Piston Rings; Mercury / Mariner 115 - 150 Hp 2.5L Optimax .040 Over";29,7
WSM;200-28;"WSM 200-28 Piston Rings; Mercury / Mariner 115 - 150 Hp 2.5L Optimax Standard";29,7
WSM;200-48-045;"WSM 200-48-045 Piston Rings; Mercury / Mariner 200 - 250 Hp 3L 99-08 .015 Over";29,7
WSM;200-48-06;"WSM 200-48-06 Piston Rings; Mercury / Mariner 200 - 250 Hp 3L 99-08 .030 Over";29,7
WSM;200-48-07;"WSM 200-48-07 Piston Rings; Mercury / Mariner 200 - 250 Hp 3L 99-08 .040 Over";29,7
WSM;200-48;"WSM 200-48 Piston Rings; Mercury / Mariner 200 - 250 Hp 3L 99-08 Standard";29,7
WSM;200-290-04;"WSM 200-290-04 Piston Rings; Yamaha 150 - 200 Hp 2.6L HPDI .010 Over";29,7
WSM;200-290-05;"WSM 200-290-05 Piston Rings; Yamaha 150 - 200 Hp 2.6L HPDI .020 Over";29,7
WSM;200-290-06;"WSM 200-290-06 Piston Rings; Yamaha 150 - 200 Hp 2.6L HPDI .030 Over";29,7
WSM;200-290-07;"WSM 200-290-07 Piston Rings; Yamaha 150 - 200 Hp 2.6L HPDI .040 Over";29,7
WSM;200-290;"WSM 200-290 Piston Rings; Yamaha 150 - 200 Hp 2.6L HPDI Standard";29,7
WSM;006-147;"WSM 006-147 Rotary Valve; Sea-Doo 580 / 650 92-96";29,7
WSM;006-159;"WSM 006-159 Rotary Valve; Sea-Doo 650 - 800 95-05";29,7
WSM;983-140;WSM 983-140 Shift Cable Installer;29,7
WSM;004-132;"WSM 004-132 Starter Solenoid; Kawasaki 550 / 750 - 1100 92-11";29,7
WSM;004-130;"WSM 004-130 Starter Solenoid; Kawasaki 650 87-91";29,7
WSM;004-131;"WSM 004-131 Starter Solenoid; Kawasaki 750 - 1100 95-03";29,7
WSM;007-594-16;"WSM 007-594-16 Throttle Body Gasket; Yamaha 1800 08-10";29,7
WSM;002-093;WSM 002-093 Throttle Cable: Polaris 650 / 750 SL 92-95;29,7
WSM;990-125;"WSM 990-125 Twist Pliers; 9''";29,7
WSM;004-225;"WSM 004-225 Voltage Regulator; Yamaha 650 - 760 90-20";29,7
WSM;725-425;"WSM 725-425 Water Pump Service Kit; Yamaha 60 - 90 Hp 84-09";29,7
WSM;21-102;"WSM 21-102 Crankshaft Seal Kit; Honda 450 TRX-R 04-05";29,75
WSM;25-106;"WSM 25-106 Full Gasket Kit; Honda 185 / 200 ATC 81-83";29,75
WSM;25-914;"WSM 25-914 Full Gasket Kit; Suzuki 85 RM 02-22";29,75
WSM;25-1013;"WSM 25-1013 Full Gasket Kit; Yamaha 125 YZ 1992";29,75
WSM;25-1014;"WSM 25-1014 Full Gasket Kit; Yamaha 125 YZ 1993";29,75
WSM;25-1012;"WSM 25-1012 Full Gasket Kit; Yamaha 125 YZ 90-91";29,75
WSM;25-1016;"WSM 25-1016 Full Gasket Kit; Yamaha 125 YZ 98-00";29,75
WSM;010-970-05;"WSM 010-970-05 Piston Rings; Yamaha 1000 02-08 .5mm Over";29,75
WSM;010-973-04;"WSM 010-973-04 Piston Rings; Yamaha 1800 08-26 .25mm Over";29,75
WSM;010-973-05;"WSM 010-973-05 Piston Rings; Yamaha 1800 08-26 .5mm Over";29,75
WSM;010-973-06;"WSM 010-973-06 Piston Rings; Yamaha 1800 08-26 .75mm Over";29,75
WSM;010-973-07;"WSM 010-973-07 Piston Rings; Yamaha 1800 08-26 1mm Over";29,75
WSM;010-973;"WSM 010-973 Piston Rings; Yamaha 1800 08-26 Standard";29,75
WSM;29-414;"WSM 29-414 Top End Gasket Kit; Arctic Cat / Suzuki 300 LT-F 91-02";29,75
WSM;29-970;"WSM 29-970 Top End Gasket Kit; Suzuki 350 DR 90-99";29,75
WSM;29-980;"WSM 29-980 Top End Gasket Kit; Suzuki 650 DR 96-26";29,75
WSM;29-508;"WSM 29-508 Top End Gasket Kit; Yamaha 225 / 250 86-02";29,75
WSM;20-101-01;"WSM 20-101-01 Head Gasket; Suzuki 500 LT-R 88-90";29,76
WSM;369-505;"WSM 369-505 Wires, Ignition Set; Mercruiser 4 Cyl Electronic (HEI) Ignition";29,76
WSM;09-5186JL;"WSM 09-5186JL Brake Pads, Front; Yamaha 250 Raptor 06-13";29,78
WSM;RSK-037-46;"WSM RSK-037-46 Sprocket, Rear; Kawasaki 650 KLR 87-18";29,78
WSM;RSS-018-45;"WSM RSS-018-45 Sprocket, Rear; Suzuki 200 DR / SP";29,78
WSM;775-225;"WSM 775-225 Thermostat; Yamaha 300 / 350 Hp 4-Stroke";29,78
WSM;24-065;"WSM 24-065 Water Pump Rebuild Kit; Husqvarna / KTM 85 / 105 03-18";29,93
WSM;24-067;"WSM 24-067 Water Pump Rebuild Kit; KTM 125 / 200 SX 00-12";29,93
WSM;24-063;"WSM 24-063 Water Pump Rebuild Kit; KTM 50 / 65 SX 09-19";29,93
WSM;016-755;"WSM 016-755 Carburetor Kit; Kawasaki / Suzuki 250 KX-F / RMZ 04-08";29,94
WSM;016-756;"WSM 016-756 Carburetor Kit; Kawasaki 450 KX-F 06-08";29,94
WSM;016-871-01;"WSM 016-871-01 Carburetor Kit; Yamaha 225 XT 01-07";29,94
WSM;003-632;"WSM 003-632 Jet Pump Repair Kit; Yamaha 500 / 650 89-93";29,94
WSM;650-210;"WSM 650-210 Keel Roller; 18'' x 5/8''";30,01
WSM;016-054;"WSM 016-054 Carburetor Kit; Honda 400 TRX-EX 05-14";30,02
WSM;007-306;"WSM 007-306 Exhaust Manifold Gasket; Yamaha 1200 97-14";30,07
WSM;506-40;"WSM 506-40 Gasket, Valve Cover; Yamaha 200 - 250 Hp V6 4-Stroke 05-21";30,17
WSM;RSS-015-44;"WSM RSS-015-44 Sprocket, Rear; Kawasaki / Suzuki 125 - 450";30,17
WSM;RSK-014-43;"WSM RSK-014-43 Sprocket, Rear; Kawasaki / Suzuki 125 - 650";30,17
WSM;780-140;"WSM 780-140 Thermostat Kit; Johnson / Evinrude 150 - 235 Hp V6 CrossFlow 76-92";30,17
WSM;710-415;"WSM 710-415 Water Pump Housing; Mercury / Yamaha 40 - 55 Hp";30,18
WSM;09-5702JL;"WSM 09-5702JL Brake Pads, Rear; Husqvarna / KTM / GAS GAS / Yamaha 125 - 640";30,19
WSM;516-41;"WSM 516-41 Gasket, Reed Block; Mercury / Mariner 200 Hp 3L DFI 1997";30,2
WSM;985-150;"WSM 985-150 Lifting Eye; Mercury";30,2
WSM;551-30;"WSM 551-30 Oil Seal, Oil Pump; Yamaha 90 / 350 Hp 4-Stroke 04-24";30,2
WSM;51-402-04;"WSM 51-402-04 Piston Rings; Suzuki 400 Eiger / King Quad 02-24 .25mm Over";30,2
WSM;51-402-05;"WSM 51-402-05 Piston Rings; Suzuki 400 Eiger / King Quad 02-24 .5mm Over";30,2
WSM;51-402-06;"WSM 51-402-06 Piston Rings; Suzuki 400 Eiger / King Quad 02-24 .75mm Over";30,2
WSM;950-165;"WSM 950-165 Seal & Bearing Pusher; Sea-Doo 1503 4-Tec GTX 02-07";30,23
WSM;775-101;"WSM 775-101 Thermostat; Johnson / Evinrude 85 / 115 / 135 Hp";30,23
WSM;09-5084JL;"WSM 09-5084JL Brake Pads, Rear; Honda / Kawasaki / Suzuki / Yamaha / GAS GAS 80 - 650 87-14";30,26
WSM;555-11;"WSM 555-11 Drain Plug Gasket; Johnson / Evinrude / Mercury / Mariner / Mercruiser / Force / OMC 5 - 300 Hp";30,32
WSM;750-413;"WSM 750-413 Water Pump Kit Complete; Yamaha 25 / 30 Hp 2 / 4-Stroke";30,34
WSM;RSY-045-55;"WSM RSY-045-55 Sprocket, Rear; Yamaha 80 - 200 / 350";30,38
WSM;449-335;"WSM 449-335 Seal Carrier Assembly; Mercury / Mariner 75 - 150 Hp 4 Stroke";30,44
WSM;775-205-01K;"WSM 775-205-01K Thermostat Kit; Mercury / Yamaha 4 - 75 Hp 4-Stroke 60° C";30,44
WSM;725-512;"WSM 725-512 Water Pump Service Kit; Suzuki 25 - 30 Hp 4-Stroke";30,48
WSM;010-207-02;"WSM 010-207-02 Crankshaft Bearing; Kawasaki 900 / 1100 95-06";30,49
WSM;506-27;"WSM 506-27 Gasket, Head; Yamaha 25 Hp 4-Stroke 01-07";30,53
WSM;51-256-04;"WSM 51-256-04 Piston Rings; Kawasaki 650 02-13 .25mm Over";30,53
WSM;51-256-05;"WSM 51-256-05 Piston Rings; Kawasaki 650 02-13 .5mm Over";30,53
WSM;51-256-06;"WSM 51-256-06 Piston Rings; Kawasaki 650 02-13 .75mm Over";30,53
WSM;51-256-09;"WSM 51-256-09 Piston Rings; Kawasaki 650 02-13 1.5mm Over";30,53
WSM;51-256-07;"WSM 51-256-07 Piston Rings; Kawasaki 650 02-13 1mm Over";30,53
WSM;51-256;"WSM 51-256 Piston Rings; Kawasaki 650 02-13 Standard";30,53
WSM;09-5188JL;"WSM 09-5188JL Brake Pads, Front; Yamaha 125 / 250 / 450 WR-F / YZ 07-26";30,56
WSM;376-5186;"WSM 376-5186 Ignition Coil; Mercury / Mariner 6 - 300 Hp 72-07";30,58
WSM;510-62;"WSM 510-62 Gasket, Drive Housing Plate; Mercury 200 - 300 Hp Verado";30,6
WSM;09-5076JL;"WSM 09-5076JL Brake Pads, Rear; Honda 350 Odyssey 1985";30,62
WSM;09-5009JL;"WSM 09-5009JL Brake Pads, Rear; Honda 400 Pilot 89-90";30,62
WSM;68-215;"WSM 68-215 Ball Joint, Lower; Kawasaki 400 - 950 Mule 93-26";30,65
WSM;016-723;"WSM 016-723 Carburetor Kit; Honda 250 CRF-X 04-06";30,65
WSM;016-724;"WSM 016-724 Carburetor Kit; Honda 450 CRF-X 05-06";30,65
WSM;016-861;"WSM 016-861 Carburetor Kit; Yamaha 250 YZ-F 03-06";30,65
WSM;016-862;"WSM 016-862 Carburetor Kit; Yamaha 250 YZ-F 07-08";30,65
WSM;775-25-2K;"WSM 775-25-2K Thermostat Kit; Mercury 2.0 - 3.0 Liter V6";30,71
WSM;506-28;"WSM 506-28 Gasket, Head; Mercury / Yamaha 9.9 / 15 Hp 4-Stroke 98-07";30,72
WSM;RSK-003-52;"WSM RSK-003-52 Sprocket, Rear; Kawasaki 200 / 250 KLT";30,72
WSM;88-200;"WSM 88-200 Clutch Kit, Complete; Kawasaki / Suzuki 60 KX / RM 85-03";30,78
WSM;576-155;"WSM 576-155 Exhaust Boot; Mercruiser 4'' Lower Boot";30,78
WSM;010-048K;"WSM 010-048K Seal, Valve Stem; Kawasaki 1200 / 1500 03-26 16 Pack";30,78
WSM;010-050K;"WSM 010-050K Seal, Valve Stem; Sea-Doo / Can-Am 1000 / 1503 / 1630 4-Tec 03-26 Pack of 12";30,78
WSM;002-033;WSM 002-033 Throttle Cable: Kawasaki 650 X2 91-95;30,78
WSM;002-034;WSM 002-034 Throttle Cable: Kawasaki 750 SX 92-95;30,78
WSM;600-74K;"WSM 600-74K Carburetor Kit; Yamaha 20 / 25 Hp With Float 1988-09";30,83
WSM;88-202;"WSM 88-202 Clutch Kit, Complete; Kawasaki / Suzuki 65 / 100 / 110 00-26";30,83
WSM;51-234-04;"WSM 51-234-04 Piston Rings; Honda 680 / 700 TRX / Big Red / Pioneer 06-26 .25mm Over";30,91
WSM;51-234-05;"WSM 51-234-05 Piston Rings; Honda 680 / 700 TRX / Big Red / Pioneer 06-26 .5mm Over";30,91
WSM;51-234-06;"WSM 51-234-06 Piston Rings; Honda 680 / 700 TRX / Big Red / Pioneer 06-26 .75mm Over";30,91
WSM;51-234-07;"WSM 51-234-07 Piston Rings; Honda 680 / 700 TRX / Big Red / Pioneer 06-26 1mm Over";30,91
WSM;51-234;"WSM 51-234 Piston Rings; Honda 680 / 700 TRX / Big Red / Pioneer 06-26 Standard";30,91
WSM;830-050;"WSM 830-050 Belt, Timing; Suzuki 8 / 9.9 Hp 4 Stroke 10-17";30,94
WSM;RSE-015-45;"WSM RSE-015-45 Sprocket, Rear; KTM 125 - 690";30,94
WSM;555-14;"WSM 555-14 Drain Plug Gasket; Johnson / Evinrude / Suzuki 2 - 115 Hp 4-Stroke";30,96
WSM;65-355;"WSM 65-355 Coil, Charge; Yamaha 200 Blaster 88-06";30,97
WSM;65-215;"WSM 65-215 Coil, Ignition; Honda 125 / 200 / 350 / 400 / 450 85-06";30,97
WSM;002-032;WSM 002-032 Throttle Cable: Kawasaki 550 SX 91-95;30,97
WSM;RSH-050-47;"WSM RSH-050-47 Sprocket, Rear; Honda 600 XL 88-90";31,01
WSM;003-314;"WSM 003-314 Coupler Holding Tool; Yamaha 650 / 700 91-17";31,04
WSM;09-2022E;"WSM 09-2022E Brake Shoes, Rear; Honda 350 / 500 TRX 86-14";31,08
WSM;600-323;"WSM 600-323 Fuel Filter; Honda 115 / 130 Hp 99-02";31,09
WSM;77-525;"WSM 77-525 Carburetor Adaptor; Yamaha 350 Warrior 87-04";31,1
WSM;78-100;"WSM 78-100 Fuel Petcock; Honda 50 / 78 / 80 / 100 00-26";31,19
WSM;004-171;"WSM 004-171 Coil, Charge; Sea-Doo 580 - 720 92-05";31,2
WSM;007-5012;"WSM 007-5012 Gasket Kit, Engine Install; Kawasaki 550 JS / SX 82-90";31,2
WSM;007-5010;"WSM 007-5010 Gasket Kit, Engine Install; Kawasaki 650 SX / TS / X2 87-90";31,2
WSM;007-5020;"WSM 007-5020 Gasket Kit, Engine Install; Kawasaki 750 92-99";31,2
WSM;007-5021;"WSM 007-5021 Gasket Kit, Engine Install; Kawasaki 750 95-02";31,2
WSM;007-5032;"WSM 007-5032 Gasket Kit, Engine Install; Polaris 700 96-04";31,2
WSM;007-5015-01;"WSM 007-5015-01 Gasket Kit, Engine Install; Sea-Doo 580 GT / SP / XP 89-91";31,2
WSM;007-5015-02;"WSM 007-5015-02 Gasket Kit, Engine Install; Sea-Doo 580 GT / SP / XP 89-91";31,2
WSM;007-5015;"WSM 007-5015 Gasket Kit, Engine Install; Sea-Doo 580 GT/ SP / XP 89-91";31,2
WSM;007-5016;"WSM 007-5016 Gasket Kit, Engine Install; Sea-Doo 650 / 720 93-99";31,2
WSM;007-5018;"WSM 007-5018 Gasket Kit, Engine Install; Sea-Doo 800 96-05";31,2
WSM;007-5050;"WSM 007-5050 Gasket Kit, Engine Install; Tiger Shark 640 94-99";31,2
WSM;007-5002;"WSM 007-5002 Gasket Kit, Engine Install; Yamaha 650 90-95";31,2
WSM;007-5025;"WSM 007-5025 Gasket Kit, Engine Install; Yamaha 700 93-97";31,2
WSM;007-5025-01;"WSM 007-5025-01 Gasket Kit, Engine Install; Yamaha 700 94-20";31,2
WSM;007-317;"WSM 007-317 Head Gasket; Kawasaki 1200 Ultra 150 / STX-R 99-05";31,2
WSM;007-300;"WSM 007-300 Head Gasket; Yamaha 1100 95-98";31,2
WSM;003-630;"WSM 003-630 Jet Pump Repair Kit; Yamaha 650 / 700 90-20";31,2
WSM;003-521;"WSM 003-521 Jet Pump Wear Ring; Yamaha 650 - 800 90-20";31,2
WSM;003-520;"WSM 003-520 Jet Pump Wear Ring; Yamaha 700 - 1200 95-04";31,2
WSM;003-522;"WSM 003-522 Jet Pump Wear Ring; Yamaha 800 - 1800 11-19";31,2
WSM;010-932-04;"WSM 010-932-04 Piston Rings; Polaris 700 / 1050 .25mm Over";31,2
WSM;010-932-05;"WSM 010-932-05 Piston Rings; Polaris 700 / 1050 .5mm Over";31,2
WSM;010-932-06;"WSM 010-932-06 Piston Rings; Polaris 700 / 1050 .75mm Over";31,2
WSM;010-932-07;"WSM 010-932-07 Piston Rings; Polaris 700 / 1050 1mm Over";31,2
WSM;010-932;"WSM 010-932 Piston Rings; Polaris 700 / 1050 Standard";31,2
WSM;010-916-04;"WSM 010-916-04 Piston Rings; Sea-Doo 650 93-96 .25mm Over";31,2
WSM;010-916-05;"WSM 010-916-05 Piston Rings; Sea-Doo 650 93-96 .5mm Over";31,2
WSM;010-916-06;"WSM 010-916-06 Piston Rings; Sea-Doo 650 93-96 .75mm Over";31,2
WSM;010-916-07;"WSM 010-916-07 Piston Rings; Sea-Doo 650 93-96 1mm Over";31,2
WSM;010-916;"WSM 010-916 Piston Rings; Sea-Doo 650 93-96 Standard";31,2
WSM;010-917-04;"WSM 010-917-04 Piston Rings; Sea-Doo 720 / 800 95-05 .25mm Over";31,2
WSM;010-917-05;"WSM 010-917-05 Piston Rings; Sea-Doo 720 / 800 95-05 .5mm Over";31,2
WSM;010-917-06;"WSM 010-917-06 Piston Rings; Sea-Doo 720 / 800 95-05 .75mm Over";31,2
WSM;010-917-07;"WSM 010-917-07 Piston Rings; Sea-Doo 720 / 800 95-05 1mm Over";31,2
WSM;010-917;"WSM 010-917 Piston Rings; Sea-Doo 720 / 800 95-05 Standard";31,2
WSM;010-919-04;"WSM 010-919-04 Piston Rings; Sea-Doo 951 97-06 .25mm Over";31,2
WSM;010-919-05;"WSM 010-919-05 Piston Rings; Sea-Doo 951 97-06 .5mm Over";31,2
WSM;010-919-06;"WSM 010-919-06 Piston Rings; Sea-Doo 951 97-06 .75mm Over";31,2
WSM;010-919-07;"WSM 010-919-07 Piston Rings; Sea-Doo 951 97-06 1mm Over";31,2
WSM;010-919;"WSM 010-919 Piston Rings; Sea-Doo 951 97-06 Standard";31,2
WSM;010-909-04;"WSM 010-909-04 Piston Rings; Sea-Doo 951 DI 00-07 .25mm Over";31,2
WSM;010-909-05;"WSM 010-909-05 Piston Rings; Sea-Doo 951 DI 00-07 .5mm Over";31,2
WSM;010-909-06;"WSM 010-909-06 Piston Rings; Sea-Doo 951 DI 00-07 .75mm Over";31,2
WSM;010-909-07;"WSM 010-909-07 Piston Rings; Sea-Doo 951 DI 00-07 1mm Over";31,2
WSM;010-909;"WSM 010-909 Piston Rings; Sea-Doo 951 DI 00-07 Standard";31,2
WSM;002-044;WSM 002-044 Steering Cable: Kawasaki 750 SSXI 93-97;31,22
WSM;700-455;"WSM 700-455 Water Pump Impeller; Yamaha 225 - 300 Hp V6 4-Stroke 10-22";31,24
WSM;585-980;"WSM 585-980 Gasket Set, Oil Pan; Mercruiser V8";31,25
WSM;585-981;"WSM 585-981 Gasket Set, Oil Pan; Mercruiser V8";31,25
WSM;51-615;"WSM 51-615 Piston Rings; Suzuki 500 Vinson 02-07 Standard";31,25
WSM;002-034-06;WSM 002-034-06 Throttle Cable: Kawasaki 1500 Ultra 300 / 310 11-21;31,25
WSM;29-798;"WSM 29-798 Top End Gasket Kit; Kawasaki 500 KX 86-88";31,25
WSM;29-121;"WSM 29-121 Top End Gasket Kit; Honda 250 TRX 97-01";31,26
WSM;725-412;"WSM 725-412 Water Pump Service Kit; Mercury / Yamaha 40 Hp";31,26
WSM;775-220K;"WSM 775-220K Thermostat Kit; Yamaha 150 Hp 4-Stroke 04-25";31,33
WSM;016-864;"WSM 016-864 Carburetor Kit; Yamaha 450 YZ-F 03-04";31,39
WSM;016-865;"WSM 016-865 Carburetor Kit; Yamaha 450 YZ-F 05-09";31,39
WSM;012-915;"WSM 012-915 Hood Shock; Sea-Doo 1503 2010-2015
Sea-Doo 1503 10-15";31,44
WSM;785-112;"WSM 785-112 Poppet Valve Assembly; Mercury 135 / 400 Hp Verado";31,44
WSM;984-106;"WSM 984-106 Spanner Nut; Mercury 65 - 150 Hp 4 Cyl 4 Stroke";31,44
WSM;1000-BP600A;"WSM 1000-BP600A Bilge Pump; 600 GPH";31,5
WSM;006-718-25;"WSM 006-718-25 Hose, Polyeurethane; 3/8'' x 25'";31,64
WSM;RSS-015-46;"WSM RSS-015-46 Sprocket, Rear; Kawasaki / Suzuki 125 - 450";31,64
WSM;RSB-001-38;"WSM RSB-001-38 Sprocket, Rear; Can-Am 650 DS 00-03";31,67
WSM;RSB-001-39;"WSM RSB-001-39 Sprocket, Rear; Can-Am 650 DS 00-03";31,67
WSM;RSB-001-40;"WSM RSB-001-40 Sprocket, Rear; Can-Am 650 DS 00-03";31,67
WSM;RSB-002-40;"WSM RSB-002-40 Sprocket, Rear; Can-Am 650 DS 04-07";31,67
WSM;004-223;"WSM 004-223 Voltage Regulator; Sea-Doo 720 97-05";31,91
WSM;09-5184JL;"WSM 09-5184JL Brake Pads, Front; Yamaha 250 Raptor 06-13";31,93
WSM;24-025;"WSM 24-025 Water Pump Rebuild Kit; Yamaha 125 YZ 98-04";31,94
WSM;200-70-05;WSM 200-70-05 Piston Rings: Mercury Verado 80 - 400 Hp 4-Stroke .020 Over;31,99
WSM;200-70;WSM 200-70 Piston Rings: Mercury Verado 80 - 400 Hp 4-Stroke .STD;31,99
WSM;200-70-04;WSM 200-70-04 Piston Rings: Mercury Verado 80 - 400 Hp 4-Stroke.010 Over;31,99
WSM;25-1025;"WSM 25-1025 Full Gasket Kit; Yamaha 250 WR / YZ 89-97";32,04
WSM;700-285;"WSM 700-285 Water Pump Impeller; Johnson / Evinrude 85 - 235 Hp Cross Flow 73-78";32,04
WSM;88-402;"WSM 88-402 Clutch Kit, Complete; Suzuki 80 / 85 / 125 91-23";32,06
WSM;576-150;"WSM 576-150 Exhaust Boot; Mercruiser 4'' Upper Boot";32,06
WSM;004-127;"WSM 004-127 Starter Solenoid; Yamaha 30 / 40 / 300 / 350 Hp 4-Stroke 07-22";32,06
WSM;002-032-02;WSM 002-032-02 Throttle Cable: Kawasaki 800 SX-R 03-11;32,06
WSM;007-653;"WSM 007-653 Top End Gasket Kit; Kawasaki 440 SX 82-91";32,06
WSM;007-654;"WSM 007-654 Top End Gasket Kit; Kawasaki 550 SX 82-90";32,06
WSM;68-110;"WSM 68-110 Ball Joint, Upper; Honda 700 Pioneer 14-16";32,09
WSM;016-757;"WSM 016-757 Carburetor Kit; Kawasaki 65 KX 02-20";32,09
WSM;016-804;"WSM 016-804 Carburetor Kit; Suzuki 250 RMZ 07-09";32,09
WSM;016-860;"WSM 016-860 Carburetor Kit; Yamaha 250 YZ-F 01-02";32,09
WSM;016-863;"WSM 016-863 Carburetor Kit; Yamaha 426 YZ-F 00-02";32,09
WSM;004-276;"WSM 004-276 Temperature Sensor; Sea-Doo 720 / 800 97-05";32,09
WSM;725-185;"WSM 725-185 Water Pump Service Kit; Honda 75 - 130 Hp BF 03-12";32,09
WSM;RSH-037-40;"WSM RSH-037-40 Sprocket, Rear; Honda / Yamaha 200 - 600";32,1
WSM;RSH-037-41;"WSM RSH-037-41 Sprocket, Rear; Honda / Yamaha 200 - 600";32,1
WSM;RSH-037-42;"WSM RSH-037-42 Sprocket, Rear; Honda / Yamaha 200 - 600";32,1
WSM;RSH-037-43;"WSM RSH-037-43 Sprocket, Rear; Honda / Yamaha 200 - 600";32,1
WSM;RSH-037-45;"WSM RSH-037-45 Sprocket, Rear; Honda / Yamaha 200 - 600";32,1
WSM;RSH-037-47;"WSM RSH-037-47 Sprocket, Rear; Honda / Yamaha 200 - 600";32,1
WSM;RSH-037-48;"WSM RSH-037-48 Sprocket, Rear; Honda / Yamaha 200 - 600";32,1
WSM;RSH-037-49;"WSM RSH-037-49 Sprocket, Rear; Honda / Yamaha 200 - 600";32,1
WSM;RSH-037-50;"WSM RSH-037-50 Sprocket, Rear; Honda / Yamaha 200 - 600";32,1
WSM;RSH-037-51;"WSM RSH-037-51 Sprocket, Rear; Honda / Yamaha 200 - 600";32,1
WSM;RSH-037-53;"WSM RSH-037-53 Sprocket, Rear; Honda / Yamaha 200 - 600";32,1
WSM;RSH-026-45;"WSM RSH-026-45 Sprocket, Rear; Honda 125 - 650";32,1
WSM;RSH-026-47;"WSM RSH-026-47 Sprocket, Rear; Honda 125 - 650";32,1
WSM;RSH-026-48;"WSM RSH-026-48 Sprocket, Rear; Honda 125 - 650";32,1
WSM;RSH-026-49;"WSM RSH-026-49 Sprocket, Rear; Honda 125 - 650";32,1
WSM;RSH-026-50;"WSM RSH-026-50 Sprocket, Rear; Honda 125 - 650";32,1
WSM;RSH-026-51;"WSM RSH-026-51 Sprocket, Rear; Honda 125 - 650";32,1
WSM;RSH-026-52;"WSM RSH-026-52 Sprocket, Rear; Honda 125 - 650";32,1
WSM;RSH-026-53;"WSM RSH-026-53 Sprocket, Rear; Honda 125 - 650";32,1
WSM;RSH-006-47;"WSM RSH-006-47 Sprocket, Rear; Honda 185 / 200 ATC";32,1
WSM;RSH-007-39;"WSM RSH-007-39 Sprocket, Rear; Honda 185 ATC 81-82";32,1
WSM;RSH-007-41;"WSM RSH-007-41 Sprocket, Rear; Honda 185 ATC 81-82";32,1
WSM;RSH-012-40;"WSM RSH-012-40 Sprocket, Rear; Honda 200 ATC-X 83-85";32,1
WSM;RSH-013-38;"WSM RSH-013-38 Sprocket, Rear; Honda 200 ATC-X 86-87";32,1
WSM;RSH-041-37;"WSM RSH-041-37 Sprocket, Rear; Honda 50 Z 78-99";32,1
WSM;RSH-028-49;"WSM RSH-028-49 Sprocket, Rear; Honda 80 / 85";32,1
WSM;RSH-028-50;"WSM RSH-028-50 Sprocket, Rear; Honda 80 / 85";32,1
WSM;RSH-028-51;"WSM RSH-028-51 Sprocket, Rear; Honda 80 / 85";32,1
WSM;RSH-028-55;"WSM RSH-028-55 Sprocket, Rear; Honda 80 / 85";32,1
WSM;RSH-028-56;"WSM RSH-028-56 Sprocket, Rear; Honda 80 / 85";32,1
WSM;RSH-027-47;"WSM RSH-027-47 Sprocket, Rear; Honda 80 / 85 / 150";32,1
WSM;RSH-027-49;"WSM RSH-027-49 Sprocket, Rear; Honda 80 / 85 / 150";32,1
WSM;RSH-027-50;"WSM RSH-027-50 Sprocket, Rear; Honda 80 / 85 / 150";32,1
WSM;RSH-027-51;"WSM RSH-027-51 Sprocket, Rear; Honda 80 / 85 / 150";32,1
WSM;RSH-027-55;"WSM RSH-027-55 Sprocket, Rear; Honda 80 / 85 / 150";32,1
WSM;RSH-027-56;"WSM RSH-027-56 Sprocket, Rear; Honda 80 / 85 / 150";32,1
WSM;PH375-0042;"WSM PH375-0042 Starter Solenoid; Evinrude/Mercury/Mariner/Nissan/Tohatsu/Yamaha 8 - 300 / 700 - 1300 00-22";32,1
WSM;PH375-0045;"WSM PH375-0045 Starter Solenoid; Kawasaki 440 - 1100 92-11";32,1
WSM;PH375-0043;"WSM PH375-0043 Starter Solenoid; Kawasaki 650 SX / X2 87-91";32,1
WSM;PH375-0044;"WSM PH375-0044 Starter Solenoid; Kawasaki 750 - 1100 95-03";32,1
WSM;PH375-0040;"WSM PH375-0040 Starter Solenoid; Sea-Doo 720 - 1503 Late Model";32,1
WSM;RSS-025-57;"WSM RSS-025-57 Sprocket, Rear; Kawasaki / Suzuki 125 KLX / DRZ";32,18
WSM;600-313;"WSM 600-313 Fuel Filter; Johnson / Suzuki 200 - 300 Hp 4-Stroke";32,23
WSM;011-700;"WSM 011-700 Bilge Pump Bracket Mount (Dual); Yamaha 700 Super Jet 94-Up";32,32
WSM;RSY-007-47;"WSM RSY-007-47 Sprocket, Rear; Yamaha 125 - 450";32,32
WSM;78-110;"WSM 78-110 Fuel Petcock; Kawasaki 110 KLX / KLX-L 10-26";32,35
WSM;88-100;"WSM 88-100 Clutch Kit, Complete; Honda 80 / 85 CR 87-07";32,36
WSM;120-200;"WSM 120-200 Intake Valve; Yamaha 75 - 115 Hp 4-Stroke 10-21";32,39
WSM;362-096;WSM 362-096 Switch, Emergency Cut Off: Mercury / Yamaha;32,39
WSM;29-206;"WSM 29-206 Top End Gasket Kit; Kawasaki 360 Prairie 03-12";32,39
WSM;RSS-015-47;"WSM RSS-015-47 Sprocket, Rear; Kawasaki / Suzuki 125 - 450";32,41
WSM;RSE-015-47;"WSM RSE-015-47 Sprocket, Rear; KTM 125 - 690";32,41
WSM;510-60;"WSM 510-60 Gasket, Base; Mercury 200 - 400 Hp Verado 6 Cyl";32,44
WSM;527-25-14;"WSM 527-25-14 Damper, Crankcase; Mercury Verado 200 - 300 Hp 14Pk";32,45
WSM;09-5516JL;"WSM 09-5516JL Brake Pads, Front & Rear; Polaris 450 -1000 07-20";32,48
WSM;775-210;"WSM 775-210 Thermostat; Johnson / Mercury / Suzuki / Yamaha 90 - 300 Hp";32,51
WSM;585-950;"WSM 585-950 Gasket Set, Oil Pan; Mercruiser / OMC 3.0L 4 Cylinder 181 CI.";32,53
WSM;010-450;"WSM 010-450 Rotary Shaft Gear; Sea-Doo 720 / 800 98-05";32,53
WSM;51-610-04;"WSM 51-610-04 Piston Rings; Suzuki 500 King Quad 09-25 .25mm Over";32,6
WSM;51-610-05;"WSM 51-610-05 Piston Rings; Suzuki 500 King Quad 09-25 .5mm Over";32,6
WSM;51-610-06;"WSM 51-610-06 Piston Rings; Suzuki 500 King Quad 09-25 .75mm Over";32,6
WSM;51-610-09;"WSM 51-610-09 Piston Rings; Suzuki 500 King Quad 09-25 1.5mm Over";32,6
WSM;51-610-07;"WSM 51-610-07 Piston Rings; Suzuki 500 King Quad 09-25 1mm Over";32,6
WSM;51-610;"WSM 51-610 Piston Rings; Suzuki 500 King Quad 09-25 Standard";32,6
WSM;007-399-01;"WSM 007-399-01 Head Gasket; Sea-Doo 951 DI 00-07";32,64
WSM;003-404-01;"WSM 003-404-01 Bearing Housing; Yamaha 1100 VX 05-09";32,68
WSM;65-300;WSM 65-300 Coil, Lighting: Yamaha 200 Blaster 88-06;32,68
WSM;010-012;"WSM 010-012 Exhaust Valve; Kawasaki 1200 / 1500 03-26";32,68
WSM;006-714-50;"WSM 006-714-50 Hose, Polyeurethane; 1/4'' x 50'";32,68
WSM;010-091;"WSM 010-091 Oil Pump Shaft; Sea-Doo 1503 / 1630 04-26";32,68
WSM;010-092;"WSM 010-092 Oil Pump Shaft; Sea-Doo 1503 03-05";32,68
WSM;200-300-04;"WSM 200-300-04 Piston Rings; Mercury / Mariner / Yamaha 75 - 115 Hp 4 Stroke .010 Over";32,68
WSM;200-300-05;"WSM 200-300-05 Piston Rings; Mercury / Mariner / Yamaha 75 - 115 Hp 4 Stroke .020 Over";32,68
WSM;200-300-06;"WSM 200-300-06 Piston Rings; Mercury / Mariner / Yamaha 75 - 115 Hp 4 Stroke .030 Over";32,68
WSM;200-300;"WSM 200-300 Piston Rings; Mercury / Mariner / Yamaha 75 - 115 Hp 4 Stroke Standard";32,68
WSM;010-915-04;"WSM 010-915-04 Piston Rings; Sea-Doo 580 89-96 .25mm Over";32,68
WSM;010-915-05;"WSM 010-915-05 Piston Rings; Sea-Doo 580 89-96 .5mm Over";32,68
WSM;010-915-06;"WSM 010-915-06 Piston Rings; Sea-Doo 580 89-96 .75mm Over";32,68
WSM;010-915-07;"WSM 010-915-07 Piston Rings; Sea-Doo 580 89-96 1mm Over";32,68
WSM;010-915;"WSM 010-915 Piston Rings; Sea-Doo 580 89-96 Standard";32,68
WSM;010-495-25;"WSM 010-495-25 Power Valve Housing; Sea-Doo 800 / 951 98-05";32,68
WSM;362-095;WSM 362-095 Switch, Emergency Cut Off: Evinrude  / Mercury / Nissan / Tohatsu 4 - 40 Hp;32,68
WSM;29-208;"WSM 29-208 Top End Gasket Kit; Kawasaki 400 Bayou / Prairie 93-02";32,68
WSM;016-113;"WSM 016-113 Carburetor Kit; Kawasaki 650 / 700 02-13";32,74
WSM;016-116;"WSM 016-116 Carburetor Kit; Kawasaki 700 KFX 04-09";32,74
WSM;016-119;"WSM 016-119 Carburetor Kit; Kawasaki 750 Brute Force 05-07";32,74
WSM;016-315;"WSM 016-315 Carburetor Kit; Yamaha 660 Raptor 01-05";32,74
WSM;25-600;"WSM 25-600 Full Gasket Kit; Honda 50 CRF-F / XR / Z-R 00-26";32,74
WSM;25-605;"WSM 25-605 Full Gasket Kit; Honda 70 CRF-F / XR 97-12";32,74
WSM;25-920;"WSM 25-920 Full Gasket Kit; Kawasaki / Suzuki 100 KX / RM 98-05";32,74
WSM;25-725;"WSM 25-725 Full Gasket Kit; Kawasaki 100 KX 95-97";32,74
WSM;25-747;"WSM 25-747 Full Gasket Kit; Kawasaki 220 KDX 97-05";32,74
WSM;25-720;"WSM 25-720 Full Gasket Kit; Kawasaki 85 KX 01-06";32,74
WSM;25-1032;"WSM 25-1032 Full Gasket Kit; Yamaha 250 YZ 95-96";32,74
WSM;25-1033;"WSM 25-1033 Full Gasket Kit; Yamaha 250 YZ 97-98";32,74
WSM;25-1034;"WSM 25-1034 Full Gasket Kit; Yamaha 250 YZ 99-01";32,74
WSM;580-030;"WSM 580-030 Gasket, Head; Mercruiser / OMC / Volvo V8 5.7L 350 CI.";32,74
WSM;010-499K-1;"WSM 010-499K-1 Power Valve Rebuild Kit; Sea-Doo 800 GTI RFI 04-05";32,74
WSM;29-124;"WSM 29-124 Top End Gasket Kit; Honda 250 TRX 01-20";32,74
WSM;29-114;"WSM 29-114 Top End Gasket Kit; Honda 350 ATC-X / TRX 85-89";32,74
WSM;29-136;"WSM 29-136 Top End Gasket Kit; Honda 350 Rancher 00-06";32,74
WSM;29-935;"WSM 29-935 Top End Gasket Kit; Suzuki 200 DR 86-09";32,74
WSM;600-100;"WSM 600-100 Fuel Pump; Mariner / Nissan / Suzuki / Yamaha 9.9 - 90 Hp";32,75
WSM;600-105;"WSM 600-105 Fuel Pump; Yamaha 115 - 300 Hp";32,75
WSM;375-2508-09K;"WSM 375-2508-09K Ignition Coil Kit; Johnson / Evinrude 2 - 300 Hp 85-06";32,75
WSM;011-103;"WSM 011-103 Motor Mount; Kawasaki 900 - 1500 95-26";32,75
WSM;RSH-051-45;"WSM RSH-051-45 Sprocket, Rear; Honda 250 / 600 / 650 XR";32,76
WSM;003-220;"WSM 003-220 Coupler; Yamaha 650 / 700 94-20";32,82
WSM;010-201;"WSM 010-201 Crankshaft Bearing; Yamaha 500 87-93";32,82
WSM;PH200-T064-1B;"WSM PH200-T064-1B Oil Reservoir; Mercruiser";32,84
WSM;010-976-05;"WSM 010-976-05 Piston Rings; Yamaha 1050 16-26 .5mm Over";32,84
WSM;010-976-07;"WSM 010-976-07 Piston Rings; Yamaha 1050 16-26 1mm Over";32,84
WSM;010-976;"WSM 010-976 Piston Rings; Yamaha 1050 16-26 Standard";32,84
WSM;600-71;"WSM 600-71 Carburetor Kit; Yamaha 15 / 20 Hp 4-Stroke 06-19 With Float";32,94
WSM;51-520-645;"WSM 51-520-645 Piston Rings; Yamaha 350 Banshee 87-06 For 64.5mm Piston";32,94
WSM;51-520-64;"WSM 51-520-64 Piston Rings; Yamaha 350 Banshee 87-06 For 64mm Piston";32,94
WSM;51-520-655;"WSM 51-520-655 Piston Rings; Yamaha 350 Banshee 87-06 For 65.5mm Piston";32,94
WSM;51-520-66;"WSM 51-520-66 Piston Rings; Yamaha 350 Banshee 87-06 For 66mm Piston";32,94
WSM;007-592;"WSM 007-592 Exhaust Manifold Gasket; Yamaha 1200 / 1300 99-08";32,95
WSM;725-315;"WSM 725-315 Water Pump Service Kit; Johnson / Evinrude 20 - 35 Hp";33,07
WSM;007-399;"WSM 007-399 Head Gasket; Sea-Doo 951 98-03";33,14
WSM;RSK-014-47;"WSM RSK-014-47 Sprocket, Rear; Kawasaki / Suzuki 125 - 650";33,14
WSM;368-4921;"WSM 368-4921 Wires, Ignition Double Booted Set; Johnson / Evinrude 150 - 175 Hp 60 Degree 93-06";33,14
WSM;600-268;"WSM 600-268 Fuel Filter; Mercruiser MPI & EFI W/Boost Pump";33,16
WSM;61-218;"WSM 61-218 Cable, Throttle; Polaris 400 Xplorer / Xpress";33,19
WSM;368-200-09K;"WSM 368-200-09K Wires, Ignition Set; Mercury / Mariner 40 / 150 - 200 Hp W/O CDMs 70-88";33,19
WSM;RSY-007-48;"WSM RSY-007-48 Sprocket, Rear; Yamaha 125 - 450";33,25
WSM;725-150;"WSM 725-150 Water Pump Service Kit; Honda 115 - 150 Hp BF";33,25
WSM;87-700;"WSM 87-700 Clutch Kit, Complete; Yamaha 200 Blaster / WR 88-06";33,35
WSM;88-502;"WSM 88-502 Clutch Kit, Complete; Yamaha 80 YZ 93-94";33,35
WSM;007-642-01;"WSM 007-642-01 Top End Gasket Kit; Polaris 700 96-04";33,35
WSM;RSS-015-48;"WSM RSS-015-48 Sprocket, Rear; Kawasaki / Suzuki 125 - 450";33,36
WSM;RSE-015-48;"WSM RSE-015-48 Sprocket, Rear; KTM 125 - 690";33,36
WSM;778-108;"WSM 778-108 Sensor,Temperature Coolant; OMC / PCM / Volvo V8";33,41
WSM;500-118;"WSM 500-118 Gasket Kit, Powerhead; Johnson / Evinrude 9.9 - 15 Hp 2 Cylinder 74-92";33,43
WSM;500-119;"WSM 500-119 Gasket Kit, Powerhead; Johnson / Evinrude 9.9 / 15 Hp 2 Cylinder 93-07";33,43
WSM;985-110;"WSM 985-110 Piston Stop; 14mm x 1.25";33,49
WSM;700-350;"WSM 700-350 Water Pump Impeller; Nissan / Tohatsu 40 - 140 Hp";33,49
WSM;775-225-01;"WSM 775-225-01 Thermostat Kit; Yamaha 300 / 350 Hp 4-Stroke";33,5
WSM;003-404-02;"WSM 003-404-02 Bearing Housing Dampner; Yamaha 1100 VX 05-09";33,54
WSM;016-875;"WSM 016-875 Carburetor Kit; Yamaha 125 TT-R 00-05";33,54
WSM;PH500-M003;"WSM PH500-M003 Fuel Pump; Mariner / Suzuki / Yamaha 9.9 - 90 Hp";33,55
WSM;PH500-M002;"WSM PH500-M002 Fuel Pump; Yamaha 115 - 300 Hp";33,55
WSM;PH175-0011;"WSM PH175-0011 Starter Drive; Evinrude / Mercury / Mariner / Yamaha 8 - 90 Hp - 9 Tooth 98-17";33,55
WSM;PH175-0019;"WSM PH175-0019 Starter Drive; Johnson / Evinrude 20 - 30 Hp Cross Flow - 11 Tooth 94-95";33,55
WSM;PH175-0017;"WSM PH175-0017 Starter Drive; Johnson / Evinrude 40 - 70 Hp - 9 tooth 94-05";33,55
WSM;PH175-0018;"WSM PH175-0018 Starter Drive; Johnson / Evinrude 9.9 - 35 / 85 - 140 Hp - 10 Tooth 94-01 (2 Pieces)";33,55
WSM;551-27;"WSM 551-27 Oil Seal, Crankshaft; Yamaha 300 / 350 Hp 4-Stroke V8 09-19 Upper";33,6
WSM;002-038-01;WSM 002-038-01 Throttle Cable: Sea-Doo 650 SPX / XPI 1994;33,61
WSM;835-405;"WSM 835-405 Pulley, Idler; Mercruiser V8";33,66
WSM;011-708;"WSM 011-708 Bilge Pump Bracket Mount (Dual); Kawasaki 750 / 800 SXI Pro / SX-R";33,67
WSM;65-252;"WSM 65-252 Coil, Ignition; Yamaha 350 Banshee 87-06";33,67
WSM;004-807;"WSM 004-807 Fuel Pump; Arcitic Cat / Polaris / Sea-Doo 3 Cyl Engines";33,67
WSM;65-710;"WSM 65-710 Voltage Regulator; Honda 250 / 400 TRX 97-05";33,67
WSM;RSS-051-42;"WSM RSS-051-42 Sprocket, Rear; Suzuki 650 DR";33,71
WSM;012-806L;"WSM 012-806L WSM Sweatshirt; Large Black";33,74
WSM;012-806-01L;"WSM 012-806-01L WSM Sweatshirt; Large Grey";33,74
WSM;012-806XL;"WSM 012-806XL WSM Sweatshirt; X-Large Black";33,74
WSM;012-806-01XL;"WSM 012-806-01XL WSM Sweatshirt; X-Large Grey";33,74
WSM;428-HSO-90;WSM 428-HSO-90 Chain, 428 Series With O-Rings: 90 Link;33,76
WSM;850-350N;"WSM 850-350N Crankshaft Balancer Nut; Yamaha 200 - 300 Hp 76 Degree 90-10";33,76
WSM;725-155-02;"WSM 725-155-02 Water Pump Service Kit; Mercury 3.4L V6 / 4.6L V8 Pro XS / Verado";33,76
WSM;200-345;"WSM 200-345 Piston Rings; Yamaha 150 - 300 Hp 4-Stroke Standard";33,88
WSM;010-972-04;"WSM 010-972-04 Piston Rings; Yamaha 1100 05-15 .25mm Over";33,9
WSM;010-972-05;"WSM 010-972-05 Piston Rings; Yamaha 1100 05-15 .5mm Over";33,9
WSM;010-972;"WSM 010-972 Piston Rings; Yamaha 1100 05-15 Standard";33,9
WSM;725-395;"WSM 725-395 Water Pump Service Kit; Yamaha 6 - 9.9 Hp 4-Stroke";33,92
WSM;RSY-007-49;"WSM RSY-007-49 Sprocket, Rear; Yamaha 125 - 450";34,03
WSM;576-161;"WSM 576-161 Exhaust Boot, Lower; Mercruiser 4 Cyl V6 / V8 1982-94";34,04
WSM;RSS-015-49;"WSM RSS-015-49 Sprocket, Rear; Kawasaki / Suzuki 125 - 450";34,07
WSM;RSK-014-48;"WSM RSK-014-48 Sprocket, Rear; Kawasaki / Suzuki 125 - 650";34,07
WSM;RSS-032-49;"WSM RSS-032-49 Sprocket, Rear; Suzuki 175 - 400";34,07
WSM;725-421;"WSM 725-421 Water Pump Service Kit; Yamaha 30 / 40 Hp 4-Stroke";34,08
WSM;RSE-015-49;"WSM RSE-015-49 Sprocket, Rear; KTM 125 - 690";34,1
WSM;003-622;"WSM 003-622 Bearing Housing Repair Kit; Yamaha 650 - 1300 94-20";34,18
WSM;010-080;"WSM 010-080 Cam Chain Sprocket; Yamaha 1000-1800 05-16";34,18
WSM;510-17;"WSM 510-17 Gasket, Base; Johnson / Evinrude 60 - 90 Hp E-Tec 04-15";34,18
WSM;003-640;"WSM 003-640 Jet Pump Repair Kit; Sea-Doo 580 - 800 89-02";34,18
WSM;010-090;"WSM 010-090 Oil Pump Shaft; Sea-Doo 1503 / 1630 02-26";34,18
WSM;006-505;"WSM 006-505 Primer Kit; Keihin, Triple";34,18
WSM;004-114;"WSM 004-114 Start / Stop Switch; Sea-Doo 1503 4-Tec 02-12";34,18
WSM;004-115;"WSM 004-115 Start / Stop Switch; Sea-Doo 800 / 951 99-02";34,18
WSM;004-125;"WSM 004-125 Starter Solenoid; Evinrude/Mercury/Mariner/Nissan/Yamaha 8 - 300 / 700 - 1300 00-22";34,18
WSM;007-620-03;"WSM 007-620-03 Top End Gasket Kit; Sea-Doo 580 89-91";34,18
WSM;007-620-01;"WSM 007-620-01 Top End Gasket Kit; Sea-Doo 580 92-96";34,18
WSM;007-621-01;"WSM 007-621-01 Top End Gasket Kit; Sea-Doo 650 93-95";34,18
WSM;369-500;"WSM 369-500 Wires, Ignition Set; Mercruiser 2.5 - 3.L 4 Cyl - Conventional Ignition";34,18
WSM;25-428;"WSM 25-428 Full Gasket Kit; Suzuki 500 Quadracer 87-90";34,22
WSM;25-1030;"WSM 25-1030 Full Gasket Kit; Yamaha 250 YZ 88-89";34,22
WSM;51-254-04;"WSM 51-254-04 Piston Rings; Kawasaki / Suzuki 400 00-24 .25mm Over";34,22
WSM;51-254-05;"WSM 51-254-05 Piston Rings; Kawasaki / Suzuki 400 00-24 .5mm Over";34,22
WSM;51-254-06;"WSM 51-254-06 Piston Rings; Kawasaki / Suzuki 400 00-24 .75mm Over";34,22
WSM;51-254-09;"WSM 51-254-09 Piston Rings; Kawasaki / Suzuki 400 00-24 1.5mm Over";34,22
WSM;51-254-07;"WSM 51-254-07 Piston Rings; Kawasaki / Suzuki 400 00-24 1mm Over";34,22
WSM;51-254;"WSM 51-254 Piston Rings; Kawasaki / Suzuki 400 00-24 Standard";34,22
WSM;29-1025;"WSM 29-1025 Top End Gasket Kit; Yamaha 250 WR / YZ 90-97";34,22
WSM;29-1040;"WSM 29-1040 Top End Gasket Kit; Yamaha 250 WR-F / YZ-F 01-13";34,22
WSM;600-57;"WSM 600-57 Carburetor Kit; Yamaha 60 / 70 Hp Without Float";34,24
WSM;650-510;WSM 650-510 Battery Switch:One Battery On-Off;34,25
WSM;830-202;"WSM 830-202 Belt, Alternator; Mercury / Mariner 135 - 300 Hp Verado";34,27
WSM;905-120;"WSM 905-120 Switch, Tilt & Trim; Mercury For Side Mount Box";34,27
WSM;905-120-OE;"WSM 905-120-OE Switch, Tilt & Trim; Mercury OEM Style";34,27
WSM;016-871;"WSM 016-871 Carburetor Kit; Yamaha 450 WR-F 05-06";34,3
WSM;725-415-01;"WSM 725-415-01 Water Pump Service Kit; Yamaha 25 / 30 Hp";34,3
WSM;007-657;"WSM 007-657 Top End Gasket Kit; Kawasaki 650 86-96";34,31
WSM;010-471;"WSM 010-471 Crankshaft Center Gear; Sea-Doo 650 - 800 93-03";34,38
WSM;003-500;"WSM 003-500 Jet Pump Wear Ring; Sea-Doo 580 - 800 89-02";34,38
WSM;003-500-01;"WSM 003-500-01 Jet Pump Wear Ring; Sea-Doo 580 - 800 89-02";34,38
WSM;003-503;"WSM 003-503 Jet Pump Wear Ring; Sea-Doo 720 - 1503 98-07";34,38
WSM;003-503-01;"WSM 003-503-01 Jet Pump Wear Ring; Sea-Doo 720 - 1503 98-07";34,38
WSM;200-68-05;"WSM 200-68-05 Piston Rings; Mercury 135 - 150Hp 4 Cyl 4-Stroke .020 Over";34,38
WSM;200-68-06;"WSM 200-68-06 Piston Rings; Mercury 135 - 150Hp 4 Cyl 4-Stroke .030 Over";34,38
WSM;200-68;"WSM 200-68 Piston Rings; Mercury 135 - 150Hp 4 Cyl 4-Stroke Standard";34,38
WSM;775-50;"WSM 775-50 Thermostat; Chrysler / Force 70 - 140 Hp";34,38
WSM;1000-BP750A;"WSM 1000-BP750A Bilge Pump; 750 GPH";34,49
WSM;428-HSO-92;WSM 428-HSO-92 Chain, 428 Series With O-Rings: 92 Link;34,51
WSM;010-151;"WSM 010-151 Lower Rod Bearing; Mercury / Mariner 65 - 125 / 200 - 300 Hp";34,61
WSM;580-020;"WSM 580-020 Gasket, Head; Mercruiser / OMC V8 5.0L 305 CI.";34,62
WSM;87-500;"WSM 87-500 Clutch Kit, Complete; Kawasaki 220 / 250 Bayou 88-11";34,63
WSM;010-050-02K;"WSM 010-050-02K Seal, Valve Stem; Sea-Doo / Can-Am 900 / 1000 14-26 Pack of 12";34,63
WSM;002-032-01;WSM 002-032-01 Throttle Cable: Kawasaki 750 SXI / SXI Pro 96-02;34,63
WSM;002-038;WSM 002-038 Throttle Cable: Sea-Doo 580 92-93;34,63
WSM;600-096;"WSM 600-096 Fuel Pump; Yamaha 6 - 9.9 Hp 4-Stroke";34,69
WSM;725-530;"WSM 725-530 Water Pump Service Kit; Johnson / Suzuki 200 - 250 Hp 4-Stroke";34,73
WSM;RSY-007-50;"WSM RSY-007-50 Sprocket, Rear; Yamaha 125 - 450";34,75
WSM;09-5055JL;"WSM 09-5055JL Brake Pads, Front; Honda 500 / 680 / 700 TRX 05-26";34,76
WSM;25-112;"WSM 25-112 Full Gasket Kit; Honda 250 ATC-R 81-84";34,81
WSM;RSS-015-50;"WSM RSS-015-50 Sprocket, Rear; Kawasaki / Suzuki 125 - 450";34,84
WSM;RSK-014-49;"WSM RSK-014-49 Sprocket, Rear; Kawasaki / Suzuki 125 - 650";34,84
WSM;RSE-015-50;"WSM RSE-015-50 Sprocket, Rear; KTM 125 - 690";34,84
WSM;200-345-045;"WSM 200-345-045 Piston Rings; Yamaha 150 - 300 Hp 4-Stroke .015 Over";34,86
WSM;200-345-05;"WSM 200-345-05 Piston Rings; Yamaha 150 - 300 Hp 4-Stroke .020 Over";34,86
WSM;200-345-06;"WSM 200-345-06 Piston Rings; Yamaha 150 - 300 Hp 4-Stroke .030 Over";34,86
WSM;25-200-OS;"WSM 25-200-OS Complete Gasket Kit; Kawasaki 50 KFX 03-06";34,98
WSM;25-403-OS;"WSM 25-403-OS Complete Gasket Kit; Suzuki 80 LT 95-06";34,98
WSM;25-802;"WSM 25-802 Full Gasket Kit; Husqvarna / KTM 50 TC / SX 09-23";34,98
WSM;25-1017;"WSM 25-1017 Full Gasket Kit; Yamaha 125 YZ 01-04";34,98
WSM;016-806;"WSM 016-806 Carburetor Kit; Kawasaki / Suzuki 125 DRZ / KLX 03-09";35,03
WSM;016-758;"WSM 016-758 Carburetor Kit; Kawasaki 110 KLX 06-09";35,03
WSM;69-405;"WSM 69-405 Lever, Gear Shift;  KTM / Husqvarna 125 / 150 / 450 - 510 16-26";35,03
WSM;69-430;"WSM 69-430 Lever, Gear Shift; Honda  250 / 300 TRX 87-09";35,03
WSM;69-425;"WSM 69-425 Lever, Gear Shift; Honda 185 - 250 ATC / TRX 80-89";35,03
WSM;69-420;"WSM 69-420 Lever, Gear Shift; Honda 250 TRX 97-05";35,03
WSM;69-435;"WSM 69-435 Lever, Gear Shift; Honda 300 TRX 88-00";35,03
WSM;69-440;"WSM 69-440 Lever, Gear Shift; Honda 350 TRX Rancher 00-03";35,03
WSM;69-445;"WSM 69-445 Lever, Gear Shift; Honda 400 / 450 TRX 95-04";35,03
WSM;69-450;"WSM 69-450 Lever, Gear Shift; Honda 400 TRX-EX 99-14";35,03
WSM;69-380;"WSM 69-380 Lever, Gear Shift; Husqvarna / KTM / Polaris 250 - 560 00-16";35,03
WSM;69-395;"WSM 69-395 Lever, Gear Shift; Husqvarna / KTM 225 / 250 / 300 17-23";35,03
WSM;69-390;"WSM 69-390 Lever, Gear Shift; Husqvarna / KTM 250 / 300 04-16";35,03
WSM;69-370;"WSM 69-370 Lever, Gear Shift; Husqvarna / KTM 85 / 105 TC / SX / XC 03-17";35,03
WSM;69-470;"WSM 69-470 Lever, Gear Shift; Kawasaki 220 - 300 Bayou 86-11";35,03
WSM;69-385;"WSM 69-385 Lever, Gear Shift; KTM / Husqvarna / GAS GAS 250 - 510 16-26";35,03
WSM;69-375;"WSM 69-375 Lever, Gear Shift; KTM / Husqvarna / GAS GAS 85 - 150 17-26";35,03
WSM;69-400;"WSM 69-400 Lever, Gear Shift; KTM 400 - 640 94-07";35,03
WSM;69-455;"WSM 69-455 Lever, Gear Shift; Yamaha 200 Blaster 88-06";35,03
WSM;69-460;"WSM 69-460 Lever, Gear Shift; Yamaha 250 Bear Tracker / Timberwolf 92-04";35,03
WSM;69-465;"WSM 69-465 Lever, Gear Shift; Yamaha 350 Banshee 87-06";35,03
WSM;725-310;"WSM 725-310 Water Pump Service Kit; Johnson / Evinrude 85 - 300 Hp";35,03
WSM;003-608;"WSM 003-608 Jet Pump Repair Kit; Kawasaki 750 / 900 95-02";35,05
WSM;28-111C;"WSM 28-111C Head Gasket; Honda 350 ATC-X / TRX 85-89";35,08
WSM;335-102;"WSM 335-102 Tilt & Trim Seal Kit; Johnson / Evinrude 70 - 235 Hp 78-83";35,08
WSM;725-417;"WSM 725-417 Water Pump Service Kit; Mariner / Yamaha 55 / 60 Hp";35,08
WSM;725-400-01;"WSM 725-400-01 Water Pump Service Kit; Yamaha 8 / 9.9 Hp 4 Stroke 01-22";35,08
WSM;002-028;"WSM 002-028 Throttle Cable; Kawasaki 650 SX 91-93";35,1
WSM;RSH-051-48;"WSM RSH-051-48 Sprocket, Rear; Honda 250 / 600 / 650 XR";35,2
WSM;003-626;"WSM 003-626 Jet Pump Repair Kit; Yamaha 1100 VX 05-15";35,21
WSM;555-79;"WSM 555-79 Gasket, Intake; Yamaha 115 Hp 4-Stroke 11-14";35,23
WSM;428-HSO-94;WSM 428-HSO-94 Chain, 428 Series With O-Rings: 94 Link;35,26
WSM;368-7126-04K;"WSM 368-7126-04K Wires, Ignition Set; Mercury / Mariner 40 - 60 Hp 4 Cyl CDM 02-08";35,27
WSM;010-143-44;"WSM 010-143-44 Bearing Needles; Mercury / Mariner 200 - 300 Hp";35,32
WSM;011-808;"WSM 011-808 Hood Latch; Yamaha 1800 12-18 (Billet)";35,35
WSM;362-242;"WSM 362-242 Ignition Switch; Mercury / Mariner 40 - 60 / 200 - 300 Hp";35,35
WSM;449-339;"WSM 449-339 Seal Carrier Assembly; Mercury 200 / 400 Hp Verado 3.4L / 4.6L 4-Stroke";35,35
WSM;004-128;"WSM 004-128 Starter Solenoid; Yamaha 1050 4-Stroke 16-26";35,36
WSM;600-64;"WSM 600-64 Carburetor Kit; Yamaha 4 Hp 4-Stroke With Float";35,44
WSM;805-107-08;"WSM 805-107-08 Bolt, Connecting Rod; Johnson / Evinrude 120 - 140 Hp Looper / Ficht (8 Pack)";35,47
WSM;805-300-12;"WSM 805-300-12 Bolt, Connecting Rod; Yamaha  55 / 85 - 225 Hp (12 Pack)";35,47
WSM;805-310-12;"WSM 805-310-12 Bolt, Connecting Rod; Yamaha 200 - 300 Hp (12 Pack)";35,47
WSM;555-56;"WSM 555-56 Gasket, Throttle Body; Mercury 50 - 60 Hp 4 Stroke";35,47
WSM;200-100-30;"WSM 200-100-30 Piston Rings; Johnson / Evinrude 28 - 70 Hp Standard 30 Degree Taper";35,53
WSM;584-520;"WSM 584-520 Gasket, Exhaust Riser; Mercruiser Dry Joint V6-V8";35,54
WSM;RSK-014-50;"WSM RSK-014-50 Sprocket, Rear; Kawasaki / Suzuki 125 - 650";35,54
WSM;584-521;"WSM 584-521 Gasket, Exhaust Riser; Mercruiser Dry Joint V6-V8";35,59
WSM;004-524;"WSM 004-524 Throttle Position Sensor; Can-Am 400 - 1000 / Sea-Doo 800 - 1630 99-25";35,59
WSM;010-9051K;"WSM 010-9051K Compressor Rebuild Kit; Sea-Doo 951 DI 00-03";35,64
WSM;009-911J;"WSM 009-911J Crankshaft Oil Seal Kit; Yamaha 650 - 760 / 1100 / 1200 ARS";35,64
WSM;600-318-02;"WSM 600-318-02 Fuel Filter; Suzuki 70 - 90 Hp 4-Stroke 2009-13";35,64
WSM;003-502;"WSM 003-502 Jet Pump Wear Ring; Sea-Doo 1503 / 1630 4-Tec 04-26";35,64
WSM;51-520-65;"WSM 51-520-65 Piston Rings; Yamaha 350 Banshee 87-06 For 65mm Piston";35,64
WSM;010-495-31;"WSM 010-495-31 Power Valve Housing; Sea-Doo 951 DI 00-07";35,64
WSM;950-172;"WSM 950-172 Ring Gear Locking Tool; Sea-Doo 800 RFI 98-05";35,64
WSM;011-850;"WSM 011-850 Shock Boot Cover; Sea-Doo 720 HX 95-97";35,64
WSM;007-623-01;"WSM 007-623-01 Top End Gasket Kit; Sea-Doo 720 96-05";35,64
WSM;007-624-01;"WSM 007-624-01 Top End Gasket Kit; Sea-Doo 800 95-99";35,64
WSM;002-054-01;WSM 002-054-01 Throttle Cable: Polaris 700 Freedom / Virage 02-04;35,69
WSM;010-193K;"WSM 010-193K Balance Shaft Bearing Kit; Sea-Doo 1503 / 1630 4-Tec 03-26";35,71
WSM;010-282-02;"WSM 010-282-02 Center Main Bearing; Johnson / Evinrude 85 - 300 Hp";35,71
WSM;21-104;"WSM 21-104 Crankshaft Seal Kit; Honda 450 TRX 06-14";35,71
WSM;25-609;"WSM 25-609 Full Gasket Kit; Honda 80 CR 92-02";35,71
WSM;25-611;"WSM 25-611 Full Gasket Kit; Honda 85 CR 03-04";35,71
WSM;25-612;"WSM 25-612 Full Gasket Kit; Honda 85 CR 05-07";35,71
WSM;25-727;"WSM 25-727 Full Gasket Kit; Kawasaki / Suzuki 100 KX / RM 98-13";35,71
WSM;25-735;"WSM 25-735 Full Gasket Kit; Kawasaki 125 KX 1988";35,71
WSM;25-736;"WSM 25-736 Full Gasket Kit; Kawasaki 125 KX 1989";35,71
WSM;25-737;"WSM 25-737 Full Gasket Kit; Kawasaki 125 KX 90-91";35,71
WSM;25-738;"WSM 25-738 Full Gasket Kit; Kawasaki 125 KX 92-94";35,71
WSM;25-721;"WSM 25-721 Full Gasket Kit; Kawasaki 85 KX 07-13";35,71
WSM;25-500;"WSM 25-500 Full Gasket Kit; Yamaha 200 Blaster 88-06";35,71
WSM;510-18;"WSM 510-18 Gasket, Base; Johnson / Evinrude 90 - 130 Hp V4 E-Tec 07-15";35,71
WSM;51-222-04;"WSM 51-222-04 Piston Rings; Honda 200 83-96 .25mm Over";35,71
WSM;51-222-05;"WSM 51-222-05 Piston Rings; Honda 200 83-96 .5mm Over";35,71
WSM;51-222-06;"WSM 51-222-06 Piston Rings; Honda 200 83-96 .75mm Over";35,71
WSM;51-222-09;"WSM 51-222-09 Piston Rings; Honda 200 83-96 1.5mm Over";35,71
WSM;51-222-07;"WSM 51-222-07 Piston Rings; Honda 200 83-96 1mm Over";35,71
WSM;51-222;"WSM 51-222 Piston Rings; Honda 200 83-96 Standard";35,71
WSM;29-203;"WSM 29-203 Top End Gasket Kit; Kawasaki 250 Bayou 03-11";35,71
WSM;29-420;"WSM 29-420 Top End Gasket Kit; Suzuki 400 King Quad 08-15";35,71
WSM;003-098;"WSM 003-098 Thrust Washer; Yamaha 1800 09-18";35,77
WSM;010-203-01;"WSM 010-203-01 Jet Pump Bearing; Sea-Doo 1503 02-04";35,88
WSM;010-203;"WSM 010-203 Jet Pump Bearing; Sea-Doo 900 / 1503 / 1630 4-Tec 04-26";35,88
WSM;88-500;"WSM 88-500 Clutch Kit, Complete; Yamaha 65 YZ 18-19";35,93
WSM;778-137;"WSM 778-137 Sender, Temperature Air Change; Mercruiser / Mercury / OMC / Volvo";35,93
WSM;007-634-02;"WSM 007-634-02 Top End Gasket Kit; Kawasaki 750 SS 92-93";35,93
WSM;007-628-01;"WSM 007-628-01 Top End Gasket Kit; Kawasaki 750 STS / STX 95-98";35,93
WSM;007-631-01;"WSM 007-631-01 Top End Gasket Kit; Kawasaki 750 SX / SXI 92-02";35,93
WSM;007-634-01;"WSM 007-634-01 Top End Gasket Kit; Kawasaki 750 XI Sport 98-99";35,93
WSM;007-629-01;"WSM 007-629-01 Top End Gasket Kit; Kawasaki 750 ZXI 95-97";35,93
WSM;007-624-03;"WSM 007-624-03 Top End Gasket Kit; Sea-Doo 800 RFI 99-05";35,93
WSM;007-607;"WSM 007-607 Top End Gasket Kit; Yamaha 650 90-96";35,93
WSM;007-609;"WSM 007-609 Top End Gasket Kit; Yamaha 700 Raider / WR III 94-97";35,93
WSM;003-224;"WSM 003-224 Coupler; Yamaha 800 / 1200 / 1300 01-08";35,94
WSM;51-705;WSM 51-705 Piston Rings: Can-Am 330 - 1000 03-26;35,94
WSM;51-705-05;WSM 51-705-05 Piston Rings: Can-Am 330 - 1000 03-26 0.5mm Over;35,94
WSM;51-705-07;WSM 51-705-07 Piston Rings: Can-Am 330 - 1000 03-26 1mm Over;35,94
WSM;RSH-051-49;"WSM RSH-051-49 Sprocket, Rear; Honda 250 / 600 / 650 XR";35,96
WSM;002-031-01;"WSM 002-031-01 Throttle Cable; Kawasaki 750 SXI 1995";36,04
WSM;26-161C;"WSM 26-161C Top End Gasket Kit; Honda 400 TRX / XR-R 96-14 (Without Seals)";36,08
WSM;775-235;"WSM 775-235 Thermostat; Yamaha 150 - 200 Hp 4-Stroke 12-22";36,14
WSM;725-155-03;"WSM 725-155-03 Water Pump Service Kit; Mercury 35 - 350Hp Verado";36,14
WSM;750-290;"WSM 750-290 Water Pump Kit Complete; Johnson / Evinrude 8 - 15 Hp";36,17
WSM;830-200;"WSM 830-200 Belt, Alternator; Mercury / Mariner 150 - 250 Hp V6 02-14";36,18
WSM;370-250;"WSM 370-250 Ignition Coil; Mercruiser 140 - 454 Hp";36,23
WSM;RSH-015-39;"WSM RSH-015-39 Sprocket, Rear; Honda 250 ATC-R 1985";36,26
WSM;511-24;"WSM 511-24 Gasket, Base; Mercury / Yamaha 200 - 250 Hp V6 4-Stroke 03-21";36,31
WSM;990-200;WSM 990-200 Micro Air Grinder;36,43
WSM;RSY-007-51;"WSM RSY-007-51 Sprocket, Rear; Yamaha 125 - 450";36,43
WSM;016-725;"WSM 016-725 Carburetor Kit; Honda 450 CRF-X 07-09";36,48
WSM;016-869;"WSM 016-869 Carburetor Kit; Yamaha 230 TT-R 05-22";36,48
WSM;003-523;"WSM 003-523 Jet Pump Wear Ring; Yamaha 1800 14-19";36,48
WSM;50-245-05K;"WSM 50-245-05K Piston Kit; Kawasaki / Suzuki 50 96-06 .5mm Over";36,48
WSM;50-245-07K;"WSM 50-245-07K Piston Kit; Kawasaki / Suzuki 50 96-06 1mm Over";36,48
WSM;50-245K;"WSM 50-245K Piston Kit; Kawasaki / Suzuki 50 96-06 Standard";36,48
WSM;29-130;"WSM 29-130 Top End Gasket Kit; Honda 300 TRX 88-00";36,48
WSM;COU220LNJ;"WSM COU220LNJ Hose Barb 90 Degree Elbow; 1'' Hose x 3/4'' Male";36,49
WSM;RSS-015-51;"WSM RSS-015-51 Sprocket, Rear; Kawasaki / Suzuki 125 - 450";36,5
WSM;RSE-015-51;"WSM RSE-015-51 Sprocket, Rear; KTM 125 - 690";36,54
WSM;1000-BP1100A;"WSM 1000-BP1100A Bilge Pump; 1100 GPH 1 1/8 Inch Outlet Hose";36,55
WSM;725-445;"WSM 725-445 Water Pump Service Kit; Yamaha 75 - 100 Hp 4-Stroke 99-21";36,6
WSM;29-780;"WSM 29-780 Top End Gasket Kit; Kawasaki / Suzuki 400 00-21";36,61
WSM;725-155;"WSM 725-155 Water Pump Service Kit; Honda / Mercury / Mariner 30 - 350 Hp";36,61
WSM;25-1036;"WSM 25-1036 Full Gasket Kit; Yamaha 250 YZ 02-26";36,68
WSM;004-221;"WSM 004-221 Voltage Regulator; Sea-Doo 720 / 800 96-99";36,71
WSM;011-102;"WSM 011-102 Motor Mount; Kawasaki 1200 STX-R / Ultra 150 99-05";36,74
WSM;011-120;"WSM 011-120 Motor Mount; Tiger Shark 640 - 1100 94-99";36,74
WSM;428-HSO-98;WSM 428-HSO-98 Chain, 428 Series With O-Rings: 98 Link;36,77
WSM;780-145;"WSM 780-145 Thermostat Kit; Johnson / Evinrude 65 - 140 Hp V4 Cross Flow 73-98";36,77
WSM;368-200-04K;"WSM 368-200-04K Wires, Ignition Set; Mercury / Mariner 100-125 Hp L4 85-98";36,85
WSM;511-28;"WSM 511-28 Gasket, Cylinder Base; Yamaha 75 - 115 Hp L4 1.8L 4-Stroke";36,86
WSM;007-334-01;"WSM 007-334-01 Base Gasket; Kawasaki 1500 Ultra 300 / 310 11-26";36,97
WSM;51-251-04;"WSM 51-251-04 Piston Rings; Kawasaki 400 Bayou / Prairie 93-02 .25mm Over";37,01
WSM;51-251-05;"WSM 51-251-05 Piston Rings; Kawasaki 400 Bayou / Prairie 93-02 .5mm Over";37,01
WSM;51-251-06;"WSM 51-251-06 Piston Rings; Kawasaki 400 Bayou / Prairie 93-02 .75mm Over";37,01
WSM;51-251-09;"WSM 51-251-09 Piston Rings; Kawasaki 400 Bayou / Prairie 93-02 1.5mm Over";37,01
WSM;51-251-07;"WSM 51-251-07 Piston Rings; Kawasaki 400 Bayou / Prairie 93-02 1mm Over";37,01
WSM;51-251;"WSM 51-251 Piston Rings; Kawasaki 400 Bayou / Prairie 93-02 Standard";37,01
WSM;016-420;"WSM 016-420 Carburetor Kit; Polaris 90 Outlaw / Sportsman 09-14";37,02
WSM;010-143-02;"WSM 010-143-02 Center Main Bearing; Mercury / Mariner 65 - 125 Hp";37,03
WSM;120-190;"WSM 120-190 Intake Valve; Mercury / Yamaha 75 - 115 Hp 4-Stroke 99-11";37,06
WSM;007-307;"WSM 007-307 Head Gasket; Kawasaki 900 95-06";37,13
WSM;09-5728JL;"WSM 09-5728JL Brake Pads, Rear; KTM 450 - 525 SX / XC 08-10";37,14
WSM;010-281-02;"WSM 010-281-02 Center Main Bearing; Johnson / Evinrude / Force / Mercury / Mariner 25 - 200 Hp";37,14
WSM;010-190K;"WSM 010-190K Crankshaft Main Bearing Kit; Sea-Doo 1503 / 1630 4-Tec 02-26";37,14
WSM;009-909-02T;"WSM 009-909-02T Crankshaft Oil Seal Kit; Tiger Shark 900 - 1000";37,14
WSM;011-502;"WSM 011-502 Exhaust Coupler; Yamaha 700 / 760 / 1100 / 1200 94-14";37,14
WSM;011-400;"WSM 011-400 Exhaust Hose; Yamaha 1100 / 1200 96-14";37,14
WSM;506-18;"WSM 506-18 Gasket, Head; Yamaha 200 - 250 Hp 6 Cylinder 90-05";37,14
WSM;004-515;"WSM 004-515 Panel Mount Switch; 3 Position";37,14
WSM;200-335-04;"WSM 200-335-04 Piston Rings; Mercury /  Mariner / Yamaha 150 - 350 4 Stroke .25mm Over";37,14
WSM;200-335-05;"WSM 200-335-05 Piston Rings; Mercury /  Mariner / Yamaha 150 - 350 4 Stroke .50mm Over";37,14
WSM;200-335-06;"WSM 200-335-06 Piston Rings; Mercury /  Mariner / Yamaha 150 - 350 4 Stroke .75mm Over";37,14
WSM;200-335-07;"WSM 200-335-07 Piston Rings; Mercury /  Mariner / Yamaha 150 - 350 4 Stroke 1.mm Over";37,14
WSM;200-335;"WSM 200-335 Piston Rings; Mercury /  Mariner / Yamaha 150 - 350 Hp 4 Stroke Standard";37,14
WSM;010-964-04;"WSM 010-964-04 Piston Rings; Sea-Doo / Can-Am 900 14-26 .25mm Over";37,14
WSM;010-964-05;"WSM 010-964-05 Piston Rings; Sea-Doo / Can-Am 900 14-26 .5mm Over";37,14
WSM;010-964-06;"WSM 010-964-06 Piston Rings; Sea-Doo / Can-Am 900 14-26 .75mm Over";37,14
WSM;010-964-07;"WSM 010-964-07 Piston Rings; Sea-Doo / Can-Am 900 14-26 1mm Over";37,14
WSM;010-964;"WSM 010-964 Piston Rings; Sea-Doo / Can-Am 900 14-26 Standard";37,14
WSM;200-295-05;"WSM 200-295-05 Piston Rings; Yamaha 225 - 300 Hp 3.3L HPDI .020 Over";37,14
WSM;200-295-06;"WSM 200-295-06 Piston Rings; Yamaha 225 - 300 Hp 3.3L HPDI .030 Over";37,14
WSM;200-295-07;"WSM 200-295-07 Piston Rings; Yamaha 225 - 300 Hp 3.3L HPDI .040 Over";37,14
WSM;200-295;"WSM 200-295 Piston Rings; Yamaha 225 - 300 Hp 3.3L HPDI Standard";37,14
WSM;006-115;"WSM 006-115 Ribbon Remover; Sea-Doo 900 Spark 14-26";37,14
WSM;006-120;"WSM 006-120 Ribbon Remover; Yamaha 1050 / 1100 / 1800 08-19";37,14
WSM;006-125;"WSM 006-125 Ribbon Remover; Yamaha 1800 09-18";37,14
WSM;003-118-02;"WSM 003-118-02 Support Ring; Sea-Doo 1503 4-Tec 04-13";37,14
WSM;003-118;"WSM 003-118 Support Ring; Sea-Doo 580 - 951 96-07";37,14
WSM;011-113;"WSM 011-113 Thru Hull Fitting; Sea-Doo 1503 4-Tec 03-12";37,14
WSM;010-263;"WSM 010-263 Upper Main Bearing; Mercury / Mariner 105 - 240 Hp";37,14
WSM;25-622;"WSM 25-622 Full Gasket Kit; Honda 125 CR 90-97";37,2
WSM;25-1018;"WSM 25-1018 Full Gasket Kit; Yamaha 125 YZ 05-22";37,2
WSM;25-1020;"WSM 25-1020 Full Gasket Kit; Yamaha 200 TW 88-96";37,2
WSM;990-210;"WSM 990-210 Impact Driver Set; 12 Piece";37,2
WSM;990-215;"WSM 990-215 Impact Driver Set; 4 Piece";37,2
WSM;29-304;"WSM 29-304 Top End Gasket Kit; Polaris 350 Sportsman / Trail Boss 90-93";37,2
WSM;29-1050;"WSM 29-1050 Top End Gasket Kit; Yamaha 400 WR-F / YZ-F 98-99";37,2
WSM;29-1052;"WSM 29-1052 Top End Gasket Kit; Yamaha 426 YZ-F 00-02";37,2
WSM;29-1065;"WSM 29-1065 Top End Gasket Kit; Yamaha 450 WR-F / YZ-F 03-06";37,2
WSM;011-811;"WSM 011-811 Seal Hull; Sea-Doo 900 Spark 14-26";37,21
WSM;007-608;"WSM 007-608 Top End Gasket Kit; Yamaha 700 93-20";37,21
WSM;010-010;"WSM 010-010 Exhaust Valve; Sea-Doo 1503 / 1630 4-Tec 02-26 / Can-Am 450 - 650 02-09";37,22
WSM;369-515;"WSM 369-515 Wires, Ignition Set; Mercruiser 3.8 - 4.3L 6 Cyl - Conventional Ignition";37,22
WSM;750-175;"WSM 750-175 Water Pump Kit; Honda 35 / 50 Hp BF 97-14";37,26
WSM;RSK-014-51;"WSM RSK-014-51 Sprocket, Rear; Kawasaki / Suzuki 125 - 650";37,27
WSM;RSY-007-52;"WSM RSY-007-52 Sprocket, Rear; Yamaha 125 - 450";37,34
WSM;010-295-02;"WSM 010-295-02 Lower Main Bearing; Yamaha 75 - 90 Hp";37,36
WSM;006-502;"WSM 006-502 Primer Kit; Keihin, Single";37,38
WSM;006-500;"WSM 006-500 Primer Kit; Mikuni, Single";37,38
WSM;510-19;"WSM 510-19 Gasket, Base; Johnson / Evinrude 130 - 200 Hp V6 E-Tec 07-14";37,39
WSM;007-593-01;"WSM 007-593-01 Head Gasket; Yamaha 1300 GP-R 05-08";37,44
WSM;RSS-015-52;"WSM RSS-015-52 Sprocket, Rear; Kawasaki / Suzuki 125 - 450";37,45
WSM;RSE-015-52;"WSM RSE-015-52 Sprocket, Rear; KTM 125 - 690";37,45
WSM;428-HSO-100;WSM 428-HSO-100 Chain, 428 Series With O-Rings: 100 Link;37,5
WSM;004-165;"WSM 004-165 Coil, Charge; Kawasaki 650 89-95";37,52
WSM;004-166;"WSM 004-166 Coil, Exciter; Kawasaki 650 86-95";37,52
WSM;506-31;"WSM 506-31 Gasket, Cylinder Head; Mercury 40 - 60 Hp 4 Cyl 4-Stroke";37,52
WSM;506-51;"WSM 506-51 Gasket, Head; Yamaha 50 / 60 Hp 4 Cyl 4-Stroke";37,52
WSM;51-318;"WSM 51-318 Piston Rings; Polaris 900 12-14 Standard";37,52
WSM;120-264;"WSM 120-264 Exhaust Valve; Yamaha 115 Hp 4-Stroke 14-22";37,54
WSM;600-318-01;"WSM 600-318-01 Fuel Filter; Suzuki 150 - 175 Hp 4-Stroke 2006-11";37,54
WSM;010-156;"WSM 010-156 Lower Rod Bearing; Johnson / Evinrude / 85 - 235 Hp";37,54
WSM;778-202;"WSM 778-202 Sensor,Temperature; Mercury / Yamaha 75 - 115 Hp 4 Stroke";37,54
WSM;010-106;"WSM 010-106 Supercharger Belt; Kawasaki 1500 Ultra 300 / 310 Series";37,54
WSM;29-205;"WSM 29-205 Top End Gasket Kit; Kawasaki 250 Mojave / KLR 85-05";37,55
WSM;006-345;"WSM 006-345 Carburetor Rebuild Kit; Kawasaki 550 - 1100 91-99";37,6
WSM;600-289-05;"WSM 600-289-05 Fuel Filter Assembly; Mercury / Yamaha 50 - 115 Hp 4-Stroke";37,63
WSM;600-289-10;"WSM 600-289-10 Fuel Filter Assembly; Yamaha 115 - 225Hp";37,64
WSM;585-982;"WSM 585-982 Gasket, Oil Pan; Mercruiser / OMC 5.0 / 5.7L 305 / 350 CI.";37,66
WSM;003-118-06;"WSM 003-118-06 Support Ring; Sea-Doo 1503 4-Tec 18-21";37,73
WSM;002-038-04;WSM 002-038-04 Throttle Cable: Sea-Doo 720 98-01;37,73
WSM;500-308;"WSM 500-308 Gasket Kit, Powerhead; Yamaha 9.9 / 15 Hp 96-09";37,74
WSM;012-905;"WSM 012-905 Hood Shock; Sea-Doo 951 / 1503 2002-2009";37,74
WSM;51-321;"WSM 51-321 Piston Rings; Polaris RZR 925 Turbo 16-26";37,74
WSM;775-20K;"WSM 775-20K Thermostat, Poppet Valve Kit; Mercury 40 - 60Hp 2 / 3 Cyl";37,74
WSM;830-210;"WSM 830-210 Belt, Alternator; Mercury / Mariner 200 - 250 Hp 6 Cylinder 98-14";37,9
WSM;PH500-M076;"WSM PH500-M076 Fuel Pump; Yamaha";37,96
WSM;003-629;"WSM 003-629 Jet Pump Repair Kit; Yamaha 700 - 800 / 1200 97-04";37,96
WSM;PH200-T064-4B;"WSM PH200-T064-4B Oil Reservoir; Mercruiser";37,96
WSM;003-615;"WSM 003-615 Jet Pump Repair Kit; Polaris 650 / 750 SL 92-93";38,05
WSM;RSY-007-53;"WSM RSY-007-53 Sprocket, Rear; Yamaha 125 - 450";38,11
WSM;380-5107;"WSM 380-5107 Ignition Coil; Nissan / Yamaha 9.9 / 15 Hp 2 Cylinder 96-09";38,12
WSM;RSK-014-52;"WSM RSK-014-52 Sprocket, Rear; Kawasaki / Suzuki 125 - 650";38,15
WSM;88-114;"WSM 88-114 Clutch Kit, Complete; Honda 230 CRF-F 03-17";38,16
WSM;88-302;"WSM 88-302 Clutch Kit, Complete; KTM 60 / 65 SX / XC 98-08";38,2
WSM;RSE-015-53;"WSM RSE-015-53 Sprocket, Rear; KTM 125 - 690";38,22
WSM;950-175;"WSM 950-175 Ring Gear Locking Tool Kit; Sea-Doo 800 / 951 DI 98-03";38,26
WSM;380-5109;"WSM 380-5109 Ignition Coil; Yamaha 60 - 70 Hp 84-91";38,29
WSM;007-655;"WSM 007-655 Top End Gasket Kit; Kawasaki 550 SX 91-94";38,3
WSM;750-200;"WSM 750-200 Water Pump Kit Complete; Mercury 35 - 50 Hp 81-85";38,34
WSM;725-525-03;"WSM 725-525-03 Water Pump Service Kit; Suzuki 115 / 140 Hp DT 86-01";38,39
WSM;905-110;"WSM 905-110 Switch, Tilt & Trim; Yamaha 15 - 115 Hp 2 / 4-Stroke 95-21";38,41
WSM;446-140;"WSM 446-140 Lower Unit Seal Kit; Yamaha 40 / 50 Hp";38,44
WSM;88-132;"WSM 88-132 Clutch Kit, Complete; Honda 250 XR 96-04";38,5
WSM;87-604;"WSM 87-604 Clutch Kit, Complete; Suzuki 250 LT-F Ozark 03/05-14";38,5
WSM;88-516;"WSM 88-516 Clutch Kit, Complete; Yamaha 225 / 230 TT 86-15";38,5
WSM;983-135;WSM 983-135 Shift Cable Anchor Adjustment;38,5
WSM;PH115-APL01;"WSM PH115-APL01 Starter Drive; Polaris 250 - 500 85-12";38,5
WSM;PH110-AL01;"WSM PH110-AL01 Starter; Alien 110 / 150 - 12 Tooth";38,5
WSM;PH110-AL02;"WSM PH110-AL02 Starter; Alien 50 Desert Rat - 12 Tooth";38,5
WSM;PH110-BA01;"WSM PH110-BA01 Starter; Baja 150 BA - 9 Tooth";38,5
WSM;PH110-BA03;"WSM PH110-BA03 Starter; Baja 50";38,5
WSM;PH110-BA02;"WSM PH110-BA02 Starter; Baja 70 / 125 Dirt Runner";38,5
WSM;PH110-BM09;"WSM PH110-BM09 Starter; BMS";38,5
WSM;PH110-BM05;"WSM PH110-BM05 Starter; BMS 110";38,5
WSM;PH110-BM04;"WSM PH110-BM04 Starter; BMS 150";38,5
WSM;PH110-BM08;"WSM PH110-BM08 Starter; BMS 200";38,5
WSM;PH110-BM06;"WSM PH110-BM06 Starter; BMS 70";38,5
WSM;PH110-BB06;"WSM PH110-BB06 Starter; Can-Am 90 DS / Quest 02-05";38,5
WSM;PH110-EG01;"WSM PH110-EG01 Starter; Eagle 150";38,5
WSM;PH110-EG03;"WSM PH110-EG03 Starter; Eagle 200 / 250";38,5
WSM;PH110-EG02;"WSM PH110-EG02 Starter; Eagle 70 - 125";38,5
WSM;PH110-ET03;"WSM PH110-ET03 Starter; Eton 150";38,5
WSM;PH110-KZ02;"WSM PH110-KZ02 Starter; Kazuma 90 - 150";38,5
WSM;007-660;"WSM 007-660 Top End Gasket Kit; Tiger Shark 640 93-99";38,5
WSM;007-607-01;"WSM 007-607-01 Top End Gasket Kit; Yamaha 650 LX 91-93";38,5
WSM;2000-450;"WSM 2000-450 Trailer Winch; 1400LB 15' w/ Stainless Hook";38,5
WSM;576-110;"WSM 576-110 U-Joint Bellow; Mercruiser Alpha";38,5
WSM;010-286;"WSM 010-286 Upper Main Bearing; Johnson / Evinrude 4.5 - 15 Hp Cross Flow 74-06";38,5
WSM;004-235;"WSM 004-235 Voltage Regulator; Kawasaki 750 92-99";38,5
WSM;78-174;"WSM 78-174 Fuel Pump; Suzuki 125 - 300 LT";38,52
WSM;506-32;"WSM 506-32 Gasket, Head; Yamaha 150 - 200 Hp 2.6L HPDI 00-15";38,62
WSM;007-593;"WSM 007-593 Head Gasket; Yamaha 1200 GP-R 99-05";38,62
WSM;003-631;"WSM 003-631 Jet Pump Repair Kit; Yamaha 700 / 760 / 1100 96-99";38,62
WSM;29-150;"WSM 29-150 Top End Gasket Kit; Honda 450 TRX 98-04";38,63
WSM;65-855;"WSM 65-855 Voltage Regulator; Yamaha 200 / 250 / 350 86-06";38,64
WSM;25-615;"WSM 25-615 Full Gasket Kit; Honda 100 CRF-F / XR 92-13";38,7
WSM;25-404;"WSM 25-404 Full Gasket Kit; Suzuki 230 LT 85-93";38,7
WSM;25-406;"WSM 25-406 Full Gasket Kit; Suzuki 250 Quadracer 85-86";38,7
WSM;380-5128;"WSM 380-5128 Ignition Coil; Nissan / Yamaha 115 - 225 Hp 90-10";38,7
WSM;016-474;"WSM 016-474 Carburetor Kit; Can-Am 500 Traxter 01-05";38,71
WSM;510-40;"WSM 510-40 Gasket, Adaptor To Block; Mercury 175 Hp Sport Jet 97-05";38,71
WSM;369-520;"WSM 369-520 Wires, Ignition Set; Mercruiser 4.3L 6 Cyl - Thunderbolt Elect. Ignition";38,71
WSM;335-240;"WSM 335-240 Tilt & Trim Seal Kit; Mercury / Mariner 30 - 90 Hp";38,81
WSM;29-416;"WSM 29-416 Top End Gasket Kit; Suzuki 400 Eiger 02-07";38,92
WSM;830-060;"WSM 830-060 Belt, Timing; Johnson / Suzuki 60 / 70 Hp 4-Stroke 98-09";38,95
WSM;007-412;"WSM 007-412 Head Gasket; Yamaha 760 96-00";39,01
WSM;77-520-01;"WSM 77-520-01 Intake Flange; Yamaha 350 Banshee 87-06";39,01
WSM;003-499;"WSM 003-499 Jet Pump Wear Ring; Sea-Doo 1503 4-Tec 04-18";39,01
WSM;25-810;"WSM 25-810 Full Gasket Kit; Husqvarna / KTM 85 TC / SX / XC 03-17";39,08
WSM;25-830;"WSM 25-830 Full Gasket Kit; KTM 200 EGS/ EXC / SX 98-01";39,08
WSM;25-831;"WSM 25-831 Full Gasket Kit; KTM 200 EXC / SX / XC 02-16";39,08
WSM;25-847;"WSM 25-847 Full Gasket Kit; KTM 250 - 380 EXC / MXC / SX 99-03";39,08
WSM;25-835;"WSM 25-835 Full Gasket Kit; KTM 250 / 300 90-99";39,08
WSM;25-838;"WSM 25-838 Full Gasket Kit; KTM 250 EXC / SX / XC 05-06";39,08
WSM;25-848;"WSM 25-848 Full Gasket Kit; KTM 300 EXC / SX 2004";39,08
WSM;25-806;"WSM 25-806 Full Gasket Kit; KTM 65 SX / XC 09-23";39,08
WSM;25-805;"WSM 25-805 Full Gasket Kit; KTM 65 SX / XC 98-08";39,08
WSM;600-66;"WSM 600-66 Carburetor Kit; Mercury / Mariner / Yamaha 75 - 100 Hp 4-Stroke With Float";39,1
WSM;25-110;"WSM 25-110 Full Gasket Kit; Honda 250 ATC / TRX 85-87";39,1
WSM;29-426;"WSM 29-426 Top End Gasket Kit; Suzuki 500 LT-F / Vinson 98-07";39,1
WSM;805-210-12;"WSM 805-210-12 Bolt, Connecting Rod; Mercury / Mariner 105 - 250 Hp Top Guided (12 Pack)";39,16
WSM;65-910-05;"WSM 65-910-05 Stator Assembly; Yamaha 600 Grizzly 1998";39,3
WSM;725-235;"WSM 725-235 Water Pump Service Kit; Force / Mercury / Mariner 25 - 50 Hp 86-14";39,3
WSM;983-142;"WSM 983-142 Drive Shaft Retainer Wrench; Mercury / Mariner 30 - 250 Hp";39,34
WSM;010-262;"WSM 010-262 Center Main Bearing; Mercury / Mariner 105 - 240 Hp";39,42
WSM;006-715-50;"WSM 006-715-50 Hose, Polyeurethane; 5/16'' x 50'";39,44
WSM;88-124;"WSM 88-124 Clutch Kit, Complete; Honda 250 CRF-L / M 13-15";39,46
WSM;600-62;"WSM 600-62 Carburetor Kit; Johnson / Mercury / Tohatsu / Yamaha 8 - 15 Hp With Float";39,59
WSM;725-530-01;"WSM 725-530-01 Water Pump Service Kit; Suzuki 200 - 300 Hp 4-Stroke";39,59
WSM;750-420-01;"WSM 750-420-01 Water Pump Kit Complete; Yamaha 40 - 60 Hp";39,73
WSM;003-627-01;"WSM 003-627-01 Jet Pump Repair Kit; Yamaha 1050 EX 17-24";39,77
WSM;003-626-01;"WSM 003-626-01 Jet Pump Repair Kit; Yamaha 1050 EX-R 19-22";39,77
WSM;003-627;"WSM 003-627 Jet Pump Repair Kit; Yamaha 800 - 1200  99-20";39,77
WSM;PH110-ET01;"WSM PH110-ET01 Starter; Eton 50";39,78
WSM;PH110-PL06;"WSM PH110-PL06 Starter; Polaris 50 / 90 01-13";39,78
WSM;PH110-PL05;"WSM PH110-PL05 Starter; Polaris 50 Predator / Scrambler 01-06";39,78
WSM;004-191;"WSM 004-191 Coil, Ignition; Polaris 650 - 780 92-97";39,84
WSM;25-306;"WSM 25-306 Full Gasket Kit; Polaris 400 Sportsman 94-03";39,85
WSM;511-26;"WSM 511-26 Gasket, Adapter Plate; Yamaha 150 - 200 Hp 4-Stroke 04-22";39,96
WSM;506-29;"WSM 506-29 Gasket, Head; Mercury / Mariner / Yamaha 30 / 40 Hp 3 Cyl 4-Stroke 99-08";39,97
WSM;200-317-04;"WSM 200-317-04 Piston Rings; Yamaha 75 - 115 Hp 1.8L 4-Stroke .25mm Over";39,97
WSM;200-317-05;"WSM 200-317-05 Piston Rings; Yamaha 75 - 115 Hp 1.8L 4-Stroke .5mm Over";39,97
WSM;200-317-06;"WSM 200-317-06 Piston Rings; Yamaha 75 - 115 Hp 1.8L 4-Stroke .75mm Over";39,97
WSM;200-317;"WSM 200-317 Piston Rings; Yamaha 75 - 115 Hp 1.8L 4-Stroke Standard";39,97
WSM;006-503;"WSM 006-503 Primer Kit; Keihin, Dual";40
WSM;006-501;"WSM 006-501 Primer Kit; Mikuni, Dual";40
WSM;830-102;"WSM 830-102 Belt, Timing; Mercury  25 - 60 Hp 4-Stroke";40,06
WSM;830-085;"WSM 830-085 Belt, Timing; Yamaha 25 - 40 Hp 4-Stroke 99-08";40,12
WSM;25-120;"WSM 25-120 Full Gasket Kit; Honda 200 ATC / TRX 84-86";40,12
WSM;25-108;"WSM 25-108 Full Gasket Kit; Honda 200 ATC 82-85";40,12
WSM;003-107;"WSM 003-107 Impeller Shaft; Kawasaki 550 - 900 86-11";40,12
WSM;010-157;"WSM 010-157 Lower Rod Bearing; Johnson / Evinrude 120 - 300 Hp 85-01";40,12
WSM;50-249-04K;"WSM 50-249-04K Piston Kit; Kawasaki / Suzuki 80 KFX / LT 87-06 .25mm Over";40,12
WSM;50-249-05K;"WSM 50-249-05K Piston Kit; Kawasaki / Suzuki 80 KFX / LT 87-06 .5mm Over";40,12
WSM;50-249-06K;"WSM 50-249-06K Piston Kit; Kawasaki / Suzuki 80 KFX / LT 87-06 .75mm Over";40,12
WSM;50-249-07K;"WSM 50-249-07K Piston Kit; Kawasaki / Suzuki 80 KFX / LT 87-06 1mm Over";40,12
WSM;50-249K;"WSM 50-249K Piston Kit; Kawasaki / Suzuki 80 KFX / LT 87-06 Standard";40,12
WSM;29-665;"WSM 29-665 Top End Gasket Kit; Honda 400 XR 96-04";40,12
WSM;007-648-01;"WSM 007-648-01 Top End Gasket Kit; Polaris 800 Octane / Virage 02-04";40,12
WSM;002-055-05;WSM 002-055-05 Throttle Cable: Yamaha 700 XL 99-04;40,16
WSM;25-627;"WSM 25-627 Full Gasket Kit; Honda 125 CR 00-02";40,2
WSM;25-630;"WSM 25-630 Full Gasket Kit; Honda 125 CR 05-07";40,2
WSM;25-628;"WSM 25-628 Full Gasket Kit; Honda 125 CR 2003";40,2
WSM;25-629;"WSM 25-629 Full Gasket Kit; Honda 125 CR 2004";40,2
WSM;25-626;"WSM 25-626 Full Gasket Kit; Honda 125 CR 98-99";40,2
WSM;29-632;"WSM 29-632 Top End Gasket Kit; Honda 150 CRF-F 03-07";40,2
WSM;29-638;"WSM 29-638 Top End Gasket Kit; Honda 230 CRF-F / L 03-19";40,2
WSM;29-961;"WSM 29-961 Top End Gasket Kit; Suzuki 250 RMZ 07-09";40,2
WSM;25-126;"WSM 25-126 Full Gasket Kit; Honda 250 TRX-R 86-89";40,26
WSM;950-190;"WSM 950-190 Supercharger Support Plate; Sea-Doo 1503 4-Tec 03-09";40,27
WSM;29-962;"WSM 29-962 Top End Gasket Kit; Suzuki 250 RMZ 10-26";40,31
WSM;446-141;"WSM 446-141 Lower Unit Seal Kit; Yamaha 60 / 70 Hp";40,36
WSM;65-600;"WSM 65-600 CDI Box; Yamaha 200 Blaster 88-02";40,42
WSM;65-730;"WSM 65-730 Voltage Regulator; Kawasaki 110 - 250 Mojave / Bayou 85-11";40,42
WSM;65-732;"WSM 65-732 Voltage Regulator; Kawasaki 300 Bayou / Lakota 89-03";40,42
WSM;65-860;"WSM 65-860 Voltage Regulator; Yamaha 250 / 350 / 400 93-96";40,42
WSM;79-115;"WSM 79-115 Carburetor; Universal ATV #2";40,48
WSM;011-505;"WSM 011-505 Exhaust Coupler; Yamaha 800 99-05";40,48
WSM;003-118-04;"WSM 003-118-04 Support Ring; Sea-Doo 1503 / 1630 4-Tec 16-17";40,48
WSM;003-607;"WSM 003-607 Jet Pump Repair Kit; Kawasaki 650 - 800 86-08";40,56
WSM;006-589;"WSM 006-589 Flame Arrestor; Sea-Doo 951 LTD 97-99";40,64
WSM;006-585;"WSM 006-585 Flame Arrestor; Universal 70mm - 2.75'' Flange";40,64
WSM;725-520-01;"WSM 725-520-01 Water Pump Service Kit; Suzuki 70 - 90 Hp 4-Stroke 09-24";40,67
WSM;582-303-01;"WSM 582-303-01 Gaskets, Intake; Mercruiser 5.0 / 5.7 / 6.2L 305 / 350 / CI GM";40,79
WSM;010-961-05;"WSM 010-961-05 Piston Rings; Sea-Doo 1503 4-Tec 05-06 .5mm Over";40,79
WSM;010-961;"WSM 010-961 Piston Rings; Sea-Doo 1503 4-Tec 05-06 Standard";40,79
WSM;29-301;"WSM 29-301 Top End Gasket Kit; Polaris 325 / 330 99-14";40,85
WSM;725-525-02;"WSM 725-525-02 Water Pump Service Kit; Suzuki 150 - 225 Hp DT";40,85
WSM;PH375-0046;"WSM PH375-0046 Starter Solenoid; Yamaha 1000 / 1100 / 1800 04-16";40,86
WSM;PH200-VR01;"WSM PH200-VR01 Tilt / Trim Release Valve; Mercury / Mariner / Force 25 - 300 Hp";40,86
WSM;004-521;"WSM 004-521 Crankshaft Position Sensor; Sea-Doo 900 / 1503 / 1630 4-Tec 06-26 / Can-Am 330 - 1000 03-26";41,03
WSM;87-608;"WSM 87-608 Clutch Kit, Complete; Arctic Cat / Suzuki 250 / 300 85-05";41,06
WSM;88-134;"WSM 88-134 Clutch Kit, Complete; Honda 250 / 350 XR 83-95";41,06
WSM;87-408;"WSM 87-408 Clutch Kit, Complete; Honda 350 TRX Rancher TE / FE 00-05";41,06
WSM;87-410;"WSM 87-410 Clutch Kit, Complete; Honda 350 TRX TM / FM 00-05";41,06
WSM;88-504;"WSM 88-504 Clutch Kit, Complete; Yamaha 80 YZ 95-01";41,06
WSM;007-644-01;"WSM 007-644-01 Top End Gasket Kit; Polaris 1050 97-02";41,06
WSM;007-647-01;"WSM 007-647-01 Top End Gasket Kit; Polaris 1200 99-04 Carb";41,06
WSM;007-643-01;"WSM 007-643-01 Top End Gasket Kit; Polaris 900 SL 96-97";41,06
WSM;336-190;"WSM 336-190 Trim Cylinder End Cap; Mercruiser R / MR / Alpha / Gen II / Bravo";41,06
WSM;600-336;"WSM 600-336 Fuel Filter Kit; Indmar / PCM";41,08
WSM;985-125-12;"WSM 985-125-12 Flywheel Puller / Lifting Body, Heavy Duty; Johnson / Evinrude";41,29
WSM;016-473;"WSM 016-473 Carburetor Kit; Can-Am 500 Quest 02-04";41,36
WSM;200-65-05;WSM 200-65-05 Piston Rings: Mercury 65 - 115 4 Cyl 4-Stroke .020 Over;41,52
WSM;200-65-06;WSM 200-65-06 Piston Rings: Mercury 65 - 115 4 Cyl 4-Stroke .030 Over;41,52
WSM;200-65;WSM 200-65 Piston Rings: Mercury 65 - 115 4 Cyl 4-Stroke Standard;41,52
WSM;200-65-07;"WSM 200-65-07 Piston Rings; Mercury 65 - 115 4 Cyl 4-Stroke .040 Over";41,52
WSM;009-908-01;"WSM 009-908-01 Crankshaft Oil Seal Kit; Sea-Doo 900 Spark 14-26";41,6
WSM;010-138;"WSM 010-138 Bearing Needles; Force / Mercury / Mariner 35 - 150 Hp";41,62
WSM;006-346;"WSM 006-346 Carburetor Rebuild Kit; Sea-Doo / Yamaha / Kawasaki 580 - 1200 90-20";41,62
WSM;011-134;"WSM 011-134 Motor Mount; Sea-Doo 800 / 951 98-04";41,62
WSM;003-118-01;"WSM 003-118-01 Support Ring; Sea-Doo 1503 4-Tec 02-13";41,62
WSM;010-255-01;"WSM 010-255-01 Upper Main Bearing; Mercury / Mariner 30 - 60 Hp";41,62
WSM;25-640;"WSM 25-640 Full Gasket Kit; Honda 250 CR 1986";41,66
WSM;25-641;"WSM 25-641 Full Gasket Kit; Honda 250 CR 1987";41,66
WSM;25-642;"WSM 25-642 Full Gasket Kit; Honda 250 CR 1988";41,66
WSM;25-644;"WSM 25-644 Full Gasket Kit; Honda 250 CR 89-91";41,66
WSM;25-645;"WSM 25-645 Full Gasket Kit; Honda 250 CR 92-01";41,66
WSM;25-303;"WSM 25-303 Full Gasket Kit; Polaris 90 Outlaw 07-11";41,66
WSM;506-34;"WSM 506-34 Gasket, Head; Yamaha 200 - 300 Hp 3.3L HPDI 03-10";41,66
WSM;51-315;"WSM 51-315 Piston Rings; Polaris 800 Ranger / RZR / Sportsman EFI 05-16 Standard";41,66
WSM;343-500;"WSM 343-500 Starter Solenoid; Yamaha 115 - 250 Hp 84-10";41,66
WSM;010-295-05;"WSM 010-295-05 Upper Main Bearing; Yamaha 75 - 90 Hp";41,68
WSM;011-506;"WSM 011-506 Exhaust Coupler; Yamaha 1100 05-15";41,82
WSM;999-261;WSM 999-261 Fuel Pressure Gauge Hose;41,82
WSM;600-83;"WSM 600-83 Carburetor Kit; Mariner / Yamaha 40 Hp 2 Cyl 90-93";41,84
WSM;750-425;"WSM 750-425 Water Pump Kit Complete; Yamaha 60 - 90 Hp 84-09";41,84
WSM;011-104;"WSM 011-104 Motor Mount; Kawasaki 400 / 550 76-90";41,94
WSM;011-105;"WSM 011-105 Motor Mount; Kawasaki 650 / 750 86-11";41,94
WSM;011-118;"WSM 011-118 Motor Mount; Polaris 700 - 1200 96-04";41,94
WSM;011-107;"WSM 011-107 Motor Mount; Sea-Doo 580 - 800 89-05";41,94
WSM;011-109;"WSM 011-109 Motor Mount; Sea-Doo 800 / 951 95-06";41,94
WSM;011-115;"WSM 011-115 Motor Mount; Yamaha 650 / 700 Super Jet 90-20";41,94
WSM;725-130;"WSM 725-130 Water Pump Service Kit; OMC Cobra";41,94
WSM;004-226;"WSM 004-226 Voltage Regulator; Sea-Doo 800 97-99";42,02
WSM;29-1056;"WSM 29-1056 Top End Gasket Kit; Yamaha 450 WR-F / YZ-F 06-14";42,05
WSM;29-1057;"WSM 29-1057 Top End Gasket Kit; Yamaha 450 YZ-F 10-13";42,05
WSM;600-458K;"WSM 600-458K Fuel / Water Separator; Mercury 10 Micron W/Sensor";42,07
WSM;25-202;"WSM 25-202 Full Gasket Kit; Kawasaki 220 Bayou 88-02";42,07
WSM;007-5026;"WSM 007-5026 Gasket Kit, Engine Install; Yamaha 760 96-00";42,14
WSM;600-337;"WSM 600-337 Fuel Filter; Mercruiser V8 Gen 3";42,17
WSM;50-536-04K;"WSM 50-536-04K Piston Kit; Yamaha 80 86-08 .25mm Over";42,26
WSM;50-536-05K;"WSM 50-536-05K Piston Kit; Yamaha 80 86-08 .5mm Over";42,26
WSM;50-536-06K;"WSM 50-536-06K Piston Kit; Yamaha 80 86-08 .75mm Over";42,26
WSM;50-536-09K;"WSM 50-536-09K Piston Kit; Yamaha 80 86-08 1.5mm Over";42,26
WSM;50-536-07K;"WSM 50-536-07K Piston Kit; Yamaha 80 86-08 1mm Over";42,26
WSM;50-536K;"WSM 50-536K Piston Kit; Yamaha 80 86-08 Standard";42,26
WSM;725-150-01;"WSM 725-150-01 Water Pump Service Kit; Honda / Tohatsu 175 - 225 Hp BF";42,26
WSM;87-416;"WSM 87-416 Clutch Kit, Complete; Honda 420 TRX TE / FP / FPA / FE Rancher 07-11";42,35
WSM;88-204;"WSM 88-204 Clutch Kit, Complete; Kawasaki / Suzuki 80 - 100 KX / RM 98-21";42,35
WSM;PH110-BM10;"WSM PH110-BM10 Starter; BMS 300";42,35
WSM;PH110-BB10;"WSM PH110-BB10 Starter; Can-Am 90 DS 4-Stroke 06-07";42,35
WSM;PH110-EG04;"WSM PH110-EG04 Starter; Eagle 300";42,35
WSM;002-061;WSM 002-061 Throttle Cable: Kawasaki 440 / 550 JS 77-86;42,35
WSM;725-400;"WSM 725-400 Water Pump Kit Complete; Yamaha 15 / 20 Hp 4-Stroke";42,4
WSM;29-138;"WSM 29-138 Top End Gasket Kit; Honda 400 Rancher AT 04-07";42,42
WSM;09-5519JL;"WSM 09-5519JL Brake Pads, Front; Polaris 900 - 1000 16-20";42,43
WSM;600-094;"WSM 600-094 Fuel Pump; Johnson / Suzuki / Yamaha 4 - 6 Hp 4-Stroke 99-18";42,43
WSM;25-685;"WSM 25-685 Full Gasket Kit; Honda 500 CR 85-88";42,43
WSM;25-686;"WSM 25-686 Full Gasket Kit; Honda 500 CR 89-01";42,43
WSM;700-312;"WSM 700-312 Water Pump Impeller; Evinrude 200 - 300 Hp 2.7L  / 3.4L G2";42,43
WSM;012-576;"WSM 012-576 Lanyard, D.E.S.S; Sea-Doo 900 / 1503 / 1630 15-26";42,49
WSM;78-125;"WSM 78-125 Fuel Petcock; Kawasaki / Suzuki 80 87-06";42,53
WSM;725-530-02;"WSM 725-530-02 Water Pump Service Kit; Suzuki 300 - 350 Hp 4-Stroke";42,53
WSM;725-525;"WSM 725-525 Water Pump Service Kit; Johnson / Suzuki 90 - 140 Hp 4-Stroke";42,58
WSM;006-504;"WSM 006-504 Primer Kit; Mikuni, Triple";42,6
WSM;57-200AK;"WSM 57-200AK Piston Kit; KTM / Husqvarna / Gas Gas 50 SX / TC / MC 09-26";42,78
WSM;57-200BK;"WSM 57-200BK Piston Kit; KTM / Husqvarna / Gas Gas 50 SX / TC / MC 09-26";42,78
WSM;580-000;"WSM 580-000 Gasket, Head; Mercruiser / OMC / Volvo 2.5 - 3.0L 4 Cylinder 181 CI.";42,82
WSM;003-609;"WSM 003-609 Jet Pump Repair Kit; Kawasaki 900 - 1500 96-04";42,82
WSM;510-37-02;"WSM 510-37-02 Gasket, Base; Mercury / Mariner 200 - 300 Hp 3L DFI";42,83
WSM;003-115-01;"WSM 003-115-01 Seal Carrier Assembly; Sea-Doo 580 - 951 90-98";42,85
WSM;012-805L;"WSM 012-805L WSM Polo Shirt; Large";42,85
WSM;012-805XL;"WSM 012-805XL WSM Polo Shirt; X Large";42,85
WSM;805-204-12;"WSM 805-204-12 Bolt, Connecting Rod; Mercury / Mariner 65 - 125 / 200 - 300 Hp (12 Pack)";42,88
WSM;500-201;"WSM 500-201 Gasket Kit, Powerhead; Mercury 35 / 40 Hp 2 Cylinder 72-86";42,9
WSM;24-057;"WSM 24-057 Water Pump Rebuild Kit; Arctic Cat / Kawasaki / Suzuki 400 05-13";42,9
WSM;0510-09-03;"WSM 510-09-03 Gasket, Base; Johnson / Evinrude 200 - 300 Hp E-Tec 08-14";43,03
WSM;29-153;"WSM 29-153 Top End Gasket Kit; Honda 500 TRX Foreman 12-19";43,09
WSM;003-610;"WSM 003-610 Bearing Housing Repair Kit; Kawasaki 300 - 550 JS 77-89";43,1
WSM;006-351;"WSM 006-351 Carburetor Rebuild Kit; Sea-Doo 951 98-02";43,1
WSM;006-352;"WSM 006-352 Carburetor Rebuild Kit; Yamaha 800 / 1200 98-04";43,1
WSM;010-010R;"WSM 010-010R Exhaust Valve; Sea-Doo 1503 / 1630 4-Tec 02-26 / Can-Am 450 - 650 02-09";43,1
WSM;010-164;"WSM 010-164 Lower Rod Bearing; Yamaha 48 - 90 Hp";43,1
WSM;950-170;"WSM 950-170 Supercharger Shaft Pusher; Sea-Doo 1503 4-Tec GTX 02-07";43,1
WSM;25-851;"WSM 25-851 Full Gasket Kit; Husqvarna / KTM 300 08-16";43,15
WSM;011-110;"WSM 011-110 Motor Mount; Polaris 700 - 1200 96-04";43,15
WSM;51-303-04;"WSM 51-303-04 Piston Rings; Polaris 325 Trail Boss 00-02 .25mm Over";43,15
WSM;51-303-05;"WSM 51-303-05 Piston Rings; Polaris 325 Trail Boss 00-02 .5mm Over";43,15
WSM;51-303-06;"WSM 51-303-06 Piston Rings; Polaris 325 Trail Boss 00-02 .75mm Over";43,15
WSM;51-303-07;"WSM 51-303-07 Piston Rings; Polaris 325 Trail Boss 00-02 1mm Over";43,15
WSM;51-303;"WSM 51-303 Piston Rings; Polaris 325 Trail Boss 00-02 Standard";43,15
WSM;29-660;"WSM 29-660 Top End Gasket Kit; Honda 250 XR / XL 85-96";43,15
WSM;29-661;"WSM 29-661 Top End Gasket Kit; Honda 250 XR 96-04";43,15
WSM;725-525-01;"WSM 725-525-01 Water Pump Service Kit; Suzuki 150 - 200 Hp 4-Stroke";43,18
WSM;600-318-03;"WSM 600-318-03 Fuel Filter; Suzuki 150 - 200-Hp 4-Stroke 2008-24";43,3
WSM;009-913J;"WSM 009-913J Crankshaft Oil Seal Kit; Yamaha 1200 GP-R 00-02";43,36
WSM;57-205AK;"WSM 57-205AK Piston Kit; KTM / Husqvarna / Gas Gas 65 SX / TC / MC 09-26";43,4
WSM;57-205BK;"WSM 57-205BK Piston Kit; KTM / Husqvarna / Gas Gas 65 SX / TC / MC 09-26";43,4
WSM;379-150;"WSM 379-150 Ignition Coil; Suzuki 150 - 300 Hp 4-Stroke 04-24";43,45
WSM;379-120;"WSM 379-120 Ignition Coil; Suzuki 9.9 - 20 Hp 4-Stroke 16-24";43,45
WSM;541-34-06;"WSM 541-34-06 Gasket, Crankcase Cover; Yamaha 300 - 350 Hp 5.3L V8 4-Stroke 07-19";43,57
WSM;600-107-12;"WSM 600-107-12 O-Ring Kit, FSM; Mercury / Mercruiser 65 - 400 Hp 4-Stroke / 4.5 - 7.6L";43,58
WSM;87-610;"WSM 87-610 Clutch Kit, Complete; Arctic Cat / Suzuki 300 91-02";43,63
WSM;RSY-007-58;"WSM RSY-007-58 Sprocket, Rear; Yamaha 125 - 450";43,69
WSM;830-100;"WSM 830-100 Belt, Timing; Mercury / Yamaha 75 - 115 Hp 4-Stroke 99-21";43,7
WSM;600-340;"WSM 600-340 Fuel Filter; Johnson / Suzuki 90 / 140 Hp 4-Stroke 02-12";43,7
WSM;25-520;"WSM 25-520 Full Gasket Kit; Yamaha 350 Banshee 87-06";43,7
WSM;003-497;"WSM 003-497 Jet Pump Wear Ring; Sea-Doo 900 GTI / GTS 17-19";43,7
WSM;985-155;"WSM 985-155 Lifting Eye; Johnson / Evinrude / OMC";43,7
WSM;65-136;"WSM 65-136 Starter Solenoid; Yamaha 125 / 1000 08-25";43,7
WSM;PH125-YA15;"WSM PH125-YA15 Starter; Yamaha 50 Zuma 02-11";43,7
WSM;010-061;"WSM 010-061 Timing Chain; Sea-Doo / Can-Am 900 / 1000 14-26";43,7
WSM;012-805XXL;"WSM 012-805XXL WSM Polo Shirt; XX Large";43,7
WSM;012-805XXXL;"WSM 012-805XXXL WSM Polo Shirt; XXX Large";43,7
WSM;600-13;"WSM 600-13 Carburetor Kit; Mercury / Mariner / Yamaha 25 - 40 Hp 4-Stroke";43,76
WSM;365-1964;"WSM 365-1964 Rectifier / Regulator; Yamaha 25 / 30 Hp 2-Stroke 97-02";43,76
WSM;905-100;"WSM 905-100 Switch, Tilt & Trim; Yamaha 8 - 300 Hp 84-06";43,76
WSM;PH375-0002;"WSM PH375-0002 Starter Solenoid; Delco 12V";43,79
WSM;COU95LC;"WSM COU95LC Valve; 1/4''";43,79
WSM;725-120;"WSM 725-120 Water Pump Service Kit; Mercruiser Bravo 1";43,84
WSM;600-341;"WSM 600-341 Fuel Filter; Johnson / Suzuki 60 / 70 Hp EFI 1998-09";43,91
WSM;983-296;"WSM 983-296 Gimbal Bearing; Mercruiser / Volvo";43,91
WSM;RSH-004-48;"WSM RSH-004-48 Sprocket, Rear; Honda 90 - 125";43,92
WSM;RSH-004-50;"WSM RSH-004-50 Sprocket, Rear; Honda 90 - 125";43,92
WSM;343-535;"WSM 343-535 Relay Starter; Yamaha 150 - 300 Hp 00-14";43,93
WSM;002-513;"WSM 002-513 Cable End; Yamaha 760 - 1900 98-26";43,96
WSM;446-137-02;"WSM 446-137-02 Lower Unit Seal Kit; Mercury / Yamaha 20 / 30 Hp 2 Cyl 84-97";44,04
WSM;29-960;"WSM 29-960 Top End Gasket Kit; Kawasaki / Suzuki 250 KX-F / RMZ 04-08";44,15
WSM;26-301;"WSM 26-301 Top End Gasket Kit; Polaris 300 94-99";44,18
WSM;600-14;"WSM 600-14 Carburetor Kit; Mercury / Mariner 25 - 60 Hp 4-Stroke 99-13";44,21
WSM;012-650;"WSM 012-650 Washer Kit; Sea-Doo 900 Spark 14-26";44,21
WSM;25-121;"WSM 25-121 Full Gasket Kit; Honda 250 TRX 97-01";44,29
WSM;25-123;"WSM 25-123 Full Gasket Kit; Honda 250 TRX-EX 01-02";44,29
WSM;580-040;"WSM 580-040 Gasket, Head; Mercruiser Gen IV V8 7.4L 454 CI.";44,29
WSM;830-195;"WSM 830-195 Belt, Alternator; Mercury 240 Hp V6 Sport Jet 01-06";44,3
WSM;003-109;"WSM 003-109 Impeller Shaft; Kawasaki 750 - 1500  95-11";44,34
WSM;003-118-08;"WSM 003-118-08 Support Ring; Sea-Doo 1603 RXP 2021";44,34
WSM;24-009;"WSM 24-009 Water Pump Rebuild Kit; Honda 250 CRF-R 10-17";44,5
WSM;24-011;"WSM 24-011 Water Pump Rebuild Kit; Honda 250 CRF-R 18-19";44,5
WSM;725-355;"WSM 725-355 Water Pump Service Kit; Johnson / Evinrude 85 - 135 Hp";44,53
WSM;725-420-03;"WSM 725-420-03 Water Pump Service Kit; Yamaha 70 Hp 4-Stroke 11-22";44,53
WSM;999-120;WSM 999-120 Auxiliary Fuel Tank;44,58
WSM;010-281;"WSM 010-281 Center Main Bearing; Johnson / Evinrude / Force / Mercury / Mariner 25 - 200 Hp";44,58
WSM;004-192-15;"WSM 004-192-15 Coil, Ignition; Kawasaki 900 / 1100 95-06";44,58
WSM;004-192-21;"WSM 004-192-21 Coil, Ignition; Kawasaki 900 / 1100 95-06";44,58
WSM;004-192-26;"WSM 004-192-26 Coil, Ignition; Kawasaki 900 / 1100 95-06";44,58
WSM;004-198;"WSM 004-198 Coil, Ignition; Yamaha 1200  / 1300 99-08";44,58
WSM;003-207-01;"WSM 003-207-01 Damper; Yamaha 1800 / 1900 08-26";44,58
WSM;010-013;"WSM 010-013 Exhaust Valve; Kawasaki 1500 Ultra 300 / 310 11-26";44,58
WSM;985-145;"WSM 985-145 Flywheel Puller; Mercury 30 - 250 Hp";44,58
WSM;006-604;"WSM 006-604 Fuel Valve, 3 Position; Sea-Doo 800 / 951 97-02";44,58
WSM;25-109;"WSM 25-109 Full Gasket Kit; Honda 200 TRX 86-97";44,58
WSM;25-502;"WSM 25-502 Full Gasket Kit; Yamaha 350 Banshee 87-06";44,58
WSM;521-34;"WSM 521-34 Gasket, Exhaust Manifold; Mercury 175 Hp Sport Jet 00-05";44,58
WSM;983-310;"WSM 983-310 Gimbal Bearing Installer;";44,58
WSM;983-300-07;"WSM 983-300-07 Gimbal Bearing Puller; Threaded Bolt";44,58
WSM;003-109-01;"WSM 003-109-01 Impeller Shaft; Kawasaki 1200 / 1500 07-10";44,58
WSM;003-109-02;"WSM 003-109-02 Impeller Shaft; Kawasaki 1500 Ultra 250 / 260 07-11";44,58
WSM;010-203-02;"WSM 010-203-02 Jet Pump Bearing; Sea-Doo 900 Spark 14-26";44,58
WSM;010-165;"WSM 010-165 Lower Rod Bearing; Yamaha 115 - 225 Hp";44,58
WSM;008-689-10;"WSM 008-689-10 Oil Cooler O-Ring; Yamaha 1800 08-10";44,58
WSM;004-450;"WSM 004-450 Over Heat Alarm; Sea-Doo 720 - 951 97-03";44,58
WSM;100-240-04K;"WSM 100-240-04K Piston Kit; Mariner / Yamaha 9.9 / 15 Hp 2 Cyl 84-09 .010 Over";44,58
WSM;100-240-05K;"WSM 100-240-05K Piston Kit; Mariner / Yamaha 9.9 / 15 Hp 2 Cyl 84-09 .020 Over";44,58
WSM;100-240K;"WSM 100-240K Piston Kit; Mariner / Yamaha 9.9 / 15 Hp 2 Cyl 84-09 Standard";44,58
WSM;0200-04-05;"WSM 200-04-05 Piston Rings; Mercury / Mariner 15 - 25 Hp 94-06 Mercosil Block .020 Over";44,58
WSM;0200-04-06;"WSM 200-04-06 Piston Rings; Mercury / Mariner 15 - 25 Hp 94-06 Mercosil Block .030 Over";44,58
WSM;0200-04-07;"WSM 200-04-07 Piston Rings; Mercury / Mariner 15 - 25 Hp 94-06 Mercosil Block .040 Over";44,58
WSM;200-04;"WSM 200-04 Piston Rings; Mercury / Mariner 15 - 25 Hp 94-06 Mercosil Block Standard";44,58
WSM;010-960-05;"WSM 010-960-05 Piston Rings; Sea-Doo 1503 / 1630 13-26 .5mm Over";44,58
WSM;010-960-07;"WSM 010-960-07 Piston Rings; Sea-Doo 1503 / 1630 13-26 1mm Over";44,58
WSM;010-960;"WSM 010-960 Piston Rings; Sea-Doo 1503 / 1630 13-26 Standard";44,58
WSM;003-116-01;"WSM 003-116-01 Seal Carrier Assembly; Sea-Doo 720 - 951 95-07";44,58
WSM;005-135;"WSM 005-135 Service Kit; Sea-Doo 900 Spark 14-26";44,58
WSM;984-130;"WSM 984-130 Spanner Nut; Yamaha 200 - 300 Hp 4-Stroke 4.2L";44,58
WSM;004-116;"WSM 004-116 Start / Stop Switch; Sea-Doo 580 - 951 95-02";44,58
WSM;004-126;"WSM 004-126 Starter Solenoid; Yamaha 1000 / 1100 / 1800 04-16";44,58
WSM;011-114;"WSM 011-114 Thru Hull Fitting; Sea-Doo 1503 4-Tec 04-12";44,58
WSM;010-065;"WSM 010-065 Timing Chain; Kawasaki 1500 Ultra 250 / 260 07-10";44,58
WSM;002-096;WSM 002-096 Trim Cable: Yamaha 700 / 760 / 1100 94-97;44,58
WSM;750-180;"WSM 750-180 Water Pump Kit; Honda 25 / 30 Hp BF 98-13";44,58
WSM;725-433;"WSM 725-433 Water Pump Service Kit; Yamaha 115 - 300 Hp";44,58
WSM;369-530;"WSM 369-530 Wires, Ignition Set; Mercruiser / OMC 5 - 8.2L 8 Cyl - Conventional Ignition";44,58
WSM;002-039-05;WSM 002-039-05 Throttle Cable: Sea-Doo 650 SPX / XP 94-95;44,6
WSM;002-038-03;WSM 002-038-03 Throttle Cable: Sea-Doo 720 1997;44,6
WSM;002-038-05;WSM 002-038-05 Throttle Cable: Sea-Doo 720 GTS 1997;44,6
WSM;002-039-04;WSM 002-039-04 Throttle Cable: Sea-Doo 800 GSX 96-97;44,6
WSM;004-230;"WSM 004-230 Voltage Regulator; Kawasaki 650 SX / X2 86-91";44,6
WSM;09-5525JL;"WSM 09-5525JL Brake Pads, Front; Polaris 925 / 1000 16-21";44,63
WSM;009-913-01J;"WSM 009-913-01J Crankshaft Oil Seal Kit; Yamaha 1300 GP-R 03-08";44,64
WSM;25-118;"WSM 25-118 Full Gasket Kit; Honda 125 TRX 85-86";44,64
WSM;25-122;"WSM 25-122 Full Gasket Kit; Honda 250 ATC / TRX 85-87";44,64
WSM;25-647;"WSM 25-647 Full Gasket Kit; Honda 250 CR 02-04";44,64
WSM;25-648;"WSM 25-648 Full Gasket Kit; Honda 250 CR 05-07";44,64
WSM;25-742;"WSM 25-742 Full Gasket Kit; Kawasaki 125 KX 03-05";44,64
WSM;25-739;"WSM 25-739 Full Gasket Kit; Kawasaki 125 KX 95-97";44,64
WSM;25-740;"WSM 25-740 Full Gasket Kit; Kawasaki 125 KX 98-00";44,64
WSM;25-746;"WSM 25-746 Full Gasket Kit; Kawasaki 200 KDX 95-06";44,64
WSM;25-849;"WSM 25-849 Full Gasket Kit; KTM 300 EXC / XC 05-07";44,64
WSM;25-412;"WSM 25-412 Full Gasket Kit; Suzuki 250 Ozark 02-14";44,64
WSM;25-408;"WSM 25-408 Full Gasket Kit; Suzuki 250 Quadracer 87-92";44,64
WSM;25-506;"WSM 25-506 Full Gasket Kit; Yamaha 125 Breeze / Grizzly 89-13";44,64
WSM;25-1010;"WSM 25-1010 Full Gasket Kit; Yamaha 125 TT-R 01-12";44,64
WSM;25-504;"WSM 25-504 Full Gasket Kit; Yamaha 80 Grizzly / Raptor 02-08";44,64
WSM;002-039-01;WSM 002-039-01 Throttle Cable: Sea-Doo 580 / 650 94-95;44,92
WSM;002-055-12;WSM 002-055-12 Throttle Cable: Yamaha 1100 VX 05-09;44,92
WSM;002-055;WSM 002-055 Throttle Cable: Yamaha 500 - 700 89-97;44,92
WSM;002-053-01;WSM 002-053-01 Throttle Cable: Yamaha 760 GP / Wave Runner 97-00;44,92
WSM;2000-100;WSM 2000-100 Trailer Light Kit, LED, Under 80'' Submersible;44,92
WSM;576-130;"WSM 576-130 U-Joint Bellow; Mercruiser Alpha 1 / Gen II";44,92
WSM;120-220;"WSM 120-220 Exhaust Valve; Mercury / Yamaha 150 - 225 Hp 4-Stroke 02-10";45,22
WSM;PH500-M032;"WSM PH500-M032 Fuel Pump; Johnson / Evinrude 4.5 - 15 Hp";45,25
WSM;011-500;"WSM 011-500 Exhaust Hose; Yamaha 700 Wave Venture / XL 95-04";45,34
WSM;25-105;"WSM 25-105 Full Gasket Kit; Honda 90 TRX 06-21";45,4
WSM;25-104;"WSM 25-104 Full Gasket Kit; Honda 90 TRX 93-98";45,4
WSM;002-055-13;WSM 002-055-13 Throttle Cable: Yamaha 1800 FZR / FZS 09-16;45,4
WSM;725-420-02;"WSM 725-420-02 Water Pump Service Kit; Yamaha E60 Hp";45,44
WSM;29-140;"WSM 29-140 Top End Gasket Kit; Honda 400 TRX-EX 99-14";45,52
WSM;011-131;"WSM 011-131 Motor Mount; Sea-Doo 1503 / 1630 4-Tec 02-17";45,54
WSM;011-132;"WSM 011-132 Motor Mount; Sea-Doo 800 04-05";45,54
WSM;449-330;"WSM 449-330 Seal Carrier Assembly; Mercury / Mariner 35 - 60 Hp";45,74
WSM;010-148-02;"WSM 010-148-02 Center Main Bearing; Mercury / Mariner 45 - 60 Hp";46,07
WSM;002-036-06;WSM 002-036-06 Throttle Cable: Sea-Doo 1503 RXP S/C 04-09;46,09
WSM;600-097;"WSM 600-097 Fuel Pump; Yamaha 15 / 20 Hp 4-Stroke";46,15
WSM;PH115-APL02;"WSM PH115-APL02 Starter Drive; Polaris 600 - 800 Sportsman 02-08";46,2
WSM;PH110-AC11;"WSM PH110-AC11 Starter; Arctic Cat 90 Utility 4-Stroke 04-05";46,2
WSM;PH110-KW01;"WSM PH110-KW01 Starter; Kawasaki 80 KFX 03-06";46,2
WSM;PH110-KY03;"WSM PH110-KY03 Starter; Kymco 150 Mongoose / MXER / MXU 02-16 / 23";46,2
WSM;PH110-PL02;"WSM PH110-PL02 Starter; Polaris 200 Phoenix / Sawtooth 05-26";46,2
WSM;PH110-SZ11;"WSM PH110-SZ11 Starter; Suzuki 50 LT-Z 06-26";46,2
WSM;PH110-SZ01;"WSM PH110-SZ01 Starter; Suzuki 80 LT 87-06";46,2
WSM;PH110-YA01;"WSM PH110-YA01 Starter; Yamaha 50 / 80 / 100 86-08";46,2
WSM;87-618;"WSM 87-618 Clutch Kit, Complete; Arctic Cat / Suzuki 454 / 500 03-07";46,21
WSM;017-207;"WSM 017-207 Engine Valve Kit; Suzuki 400 - 500 98-25";46,26
WSM;725-415-02;"WSM 725-415-02 Water Pump Service Kit; Yamaha 25 - 40 Hp 4-Stroke 00-21";46,26
WSM;750-410;"WSM 750-410 Water Pump Kit Complete; Mariner / Yamaha 20 - 30 Hp";46,64
WSM;004-179;"WSM 004-179 Coil, Ignition; Can-Am / Polaris / Sea-Doo 450 - 1000 99-26";46,69
WSM;343-511;"WSM 343-511 Trim Solenoid; J / E/Mercury/Suzuki/Nissan/Tohatsu/Yamaha 15-225 HP 85-18";46,69
WSM;004-195;"WSM 004-195 Coil, Ignition; Yamaha 1200 97-14";46,72
WSM;010-207-03;"WSM 010-207-03 Crankshaft Bearing; Yamaha 800 / 1200 / 1300 98-08";46,81
WSM;007-5040;"WSM 007-5040 Gasket Kit, Engine Install; Kawasaki 900 STS / STX / ZXI 95-06";46,81
WSM;007-5032-01;"WSM 007-5032-01 Gasket Kit, Engine Install; Polaris 1050 96-02";46,81
WSM;007-5030;"WSM 007-5030 Gasket Kit, Engine Install; Polaris 650 / 750 SL / SLT 94-95";46,81
WSM;007-5034;"WSM 007-5034 Gasket Kit, Engine Install; Polaris 780 SL / SLT / SLX / Virage 95-04";46,81
WSM;007-5019;"WSM 007-5019 Gasket Kit, Engine Install; Sea-Doo 951 98-07";46,81
WSM;511-17;"WSM 511-17 Gasket, Base; Mercury / Mariner / Yamaha 75 - 115 Hp 4-Stroke 99-21";46,96
WSM;29-523;"WSM 29-523 Top End Gasket Kit; Yamaha 450 YFZ-R/X 09-23";47
WSM;78-160;"WSM 78-160 Fuel Pump; Kawasaki 750 Teryx 2008";47,16
WSM;78-142;"WSM 78-142 Fuel Pump; Polaris 170 RZR / Pursuit";47,16
WSM;004-812;"WSM 004-812 Fuel Pump; Yamaha 1100 Wave Venture 1996-97";47,16
WSM;78-185;"WSM 78-185 Fuel Pump; Yamaha 450 / 660 Rhino 04-09";47,16
WSM;523-39;"WSM 523-39 Gasket, Outer Exhaust; Yamaha 150 - 200 Hp L4 2.8L 4 Stroke";47,16
WSM;002-036-04;WSM 002-036-04 Throttle Cable: Sea-Doo 1503 GTI / GTX 03-10;47,16
WSM;65-707;"WSM 65-707 Voltage Regulator; Honda 350 - 450 TRX 00-05";47,16
WSM;65-740;"WSM 65-740 Voltage Regulator; Kawasaki 650 / 750 Brute Force 06-13";47,16
WSM;65-875;"WSM 65-875 Voltage Regulator; Yamaha 125 / 250 / 350 - 450 / 600 / 660 99-14";47,16
WSM;003-498;"WSM 003-498 Jet Pump Wear Ring; Sea-Doo 1503 / 1630 4-Tec 12 / 16-26";47,18
WSM;29-524;"WSM 29-524 Top End Gasket Kit; Yamaha 600 Grizzly 98-01";47,18
WSM;25-500-OS;"WSM 25-500-OS Complete Gasket Kit; Yamaha 200 Blaster 88-06";47,28
WSM;521-22;"WSM 521-22 Gasket, Exhaust Cover; Mercury 175 Hp Sport Jet 97-05";47,28
WSM;010-295;"WSM 010-295 Upper Main Bearing; Yamaha 60 / 70 Hp";47,28
WSM;012-206BLK;"WSM 012-206BLK Traction Mat; Yamaha 700 FX-1 94-95";47,33
WSM;COU80LC;"WSM COU80LC Valve; 1/4''";47,44
WSM;002-039-03;WSM 002-039-03 Throttle Cable: Sea-Doo 580 - 800 94-99;47,48
WSM;002-036-02;WSM 002-036-02 Throttle Cable: Sea-Doo 800 RFI 99-05;47,48
WSM;010-143;"WSM 010-143 Center Main Bearing; Mercury / Mariner 65 - 125 Hp";47,57
WSM;500-200;"WSM 500-200 Gasket Kit, Powerhead; Mercury / Mariner 45 / 50 Hp 4 Cylinder 70-86";47,57
WSM;010-166;"WSM 010-166 Lower Rod Bearing; Yamaha 200 - 300 Hp";47,58
WSM;25-414;"WSM 25-414 Full Gasket Kit; Arctic Cat / Suzuki 300 LT-F 91-93";47,62
WSM;25-928;"WSM 25-928 Full Gasket Kit; Suzuki 125 RM 01-03";47,62
WSM;25-924;"WSM 25-924 Full Gasket Kit; Suzuki 125 RM 1990";47,62
WSM;25-925;"WSM 25-925 Full Gasket Kit; Suzuki 125 RM 1991";47,62
WSM;25-922;"WSM 25-922 Full Gasket Kit; Suzuki 125 RM 87-88";47,62
WSM;25-926;"WSM 25-926 Full Gasket Kit; Suzuki 125 RM 92-96";47,62
WSM;25-927;"WSM 25-927 Full Gasket Kit; Suzuki 125 RM 98-00";47,62
WSM;25-410;"WSM 25-410 Full Gasket Kit; Suzuki 250 LT / LT-F 87-02";47,62
WSM;580-042;"WSM 580-042 Gasket, Head; Mercruiser / OMC Gen V V8 7.4L 454 CI.";47,62
WSM;29-650;"WSM 29-650 Top End Gasket Kit; Honda 250 CRF-R / CRF-X 04-17";47,62
WSM;29-651;"WSM 29-651 Top End Gasket Kit; Honda 250 CRF-R 08-09";47,62
WSM;29-652;"WSM 29-652 Top End Gasket Kit; Honda 250 CRF-R 10-17";47,62
WSM;29-670;"WSM 29-670 Top End Gasket Kit; Honda 450 CRF-R 02-06";47,62
WSM;369-510;"WSM 369-510 Wires, Ignition Set; Mercruiser - GM V-6 (HEI) Electronic Ignition";47,64
WSM;778-151;"WSM 778-151 Sensor, Knock; Mercruiser V6 / V8";47,7
WSM;003-616;"WSM 003-616 Jet Pump Repair Kit; Polaris 650 - 1200 94-04";47,8
WSM;362-225;"WSM 362-225 Ignition Switch; Honda BF115 - BF200";47,82
WSM;010-289;"WSM 010-289 Upper Main Bearing; Evinrude 40 - 90 Hp E-Tec";47,84
WSM;65-234;"WSM 65-234 Coil, Ignition; Polaris 70 - 570 16-25";47,94
WSM;65-260;"WSM 65-260 Coil, Ignition; Yamaha 1000 YXZ 16-25";47,94
WSM;011-117;"WSM 011-117 Motor Mount; Yamaha 650 / 700 / 800 / 1200 90-14";47,94
WSM;011-116;"WSM 011-116 Motor Mount; Yamaha 700 / 760 / 1100 / 1200 93-03";47,94
WSM;004-285;"WSM 004-285 Switch, Oil Pressure; Yamaha 1000-1900 2002-25";47,94
WSM;120-195;"WSM 120-195 Exhaust Valve; Mercury / Yamaha 75 - 115 Hp 4-Stroke 99-11";48,1
WSM;600-125-15;"WSM 600-125-15 Fuel Pump Repair Kit; Mercury / Mariner / Yamaha 75 - 115 Hp 4-Stroke";48,1
WSM;29-424;"WSM 29-424 Top End Gasket Kit; Suzuki 450 LT-R 06-11";48,1
WSM;750-420;"WSM 750-420 Water Pump Kit Complete; Yamaha 50 - 70 Hp";48,14
WSM;500-120;"WSM 500-120 Gasket Kit, Powerhead; Johnson / Evinrude 20 - 35 Hp";48,16
WSM;500-136;"WSM 500-136 Gasket Kit, Powerhead; Johnson / Evinrude 50 - 70 Hp  3 Cylinder 86-01";48,18
WSM;29-522;"WSM 29-522 Top End Gasket Kit; Yamaha 450 YFZ 04-13";48,29
WSM;950-136;"WSM 950-136 Alignment Plate; Sea-Doo 900 Spark 14-26";48,34
WSM;002-036-03;WSM 002-036-03 Throttle Cable: Sea-Doo 951 DI 00-03;48,53
WSM;779-150;"WSM 779-150 Sensor, Throttle Position; Mercruiser / Volvo TBI";48,73
WSM;003-501;"WSM 003-501 Jet Pump Wear Ring; Sea-Doo 900 Spark 14-26";48,77
WSM;87-414;"WSM 87-414 Clutch Kit, Complete; Honda 420 / 500 TM Foreman Rancher 05-11";48,78
WSM;87-418;"WSM 87-418 Clutch Kit, Complete; Honda 420 TRX TM / FPM / FM Rancher 07-11";48,78
WSM;87-422;"WSM 87-422 Clutch Kit, Complete; Honda 500 TRX FPE / FE Foreman 05-11";48,78
WSM;88-220;"WSM 88-220 Clutch Kit, Complete; Kawasaki 250 / 300 KLX 98-14";48,78
WSM;87-506;"WSM 87-506 Clutch Kit, Complete; Kawasaki 400 Bayou 93-98";48,78
WSM;002-036-05;WSM 002-036-05 Throttle Cable: Sea-Doo 1503 Supercharged 03-09;48,78
WSM;010-053K;"WSM 010-053K Valve Stem Seal; Merc / Mar / Suz / Yam 2.5 - 350 Hp / 350 / 450 /1000-1200/ 1800 / 1900 Pack of 16";48,78
WSM;600-157;WSM 600-157 Fuel Pump: Johnson / Evinrude 20 - 140 Hp;48,82
WSM;780-170;"WSM 780-170 Thermostat Kit; Johnson / Evinrude 200 - 300 Hp E-Tec / FFI";48,82
WSM;29-975;"WSM 29-975 Top End Gasket Kit; Suzuki 450 RMZ 05-07";48,82
WSM;500-207;"WSM 500-207 Gasket Kit, Powerhead; Mercury / Mariner 75 - 125 Hp DFI 3 Cyl";49,06
WSM;007-417;"WSM 007-417 Head Gasket; Tiger Shark 770 96-99";49,06
WSM;004-118;"WSM 004-118 Mode Switch; Sea-Doo 800 / 951 03-05";49,06
WSM;007-605-01;"WSM 007-605-01 Top End Gasket Kit; Yamaha 760 96-00";49,06
WSM;010-257;"WSM 010-257 Upper Main Bearing; Mercury / Mariner 65 - 125 Hp";49,06
WSM;57-210AK;"WSM 57-210AK Piston Kit; KTM / Husqvarna / Gas Gas 85 SX / TC / MC 03-26";49,08
WSM;57-210BK;"WSM 57-210BK Piston Kit; KTM / Husqvarna / Gas Gas 85 SX / TC / MC 03-26";49,08
WSM;25-665;"WSM 25-665 Full Gasket Kit; Honda 400 XR 96-03";49,1
WSM;25-741;"WSM 25-741 Full Gasket Kit; Kawasaki 125 KX 01-02";49,1
WSM;25-748;"WSM 25-748 Full Gasket Kit; Kawasaki 250 KDX 91-94";49,1
WSM;25-750;"WSM 25-750 Full Gasket Kit; Kawasaki 250 KLX 94-96";49,1
WSM;25-758;"WSM 25-758 Full Gasket Kit; Kawasaki 250 KX 05-08";49,1
WSM;25-754;"WSM 25-754 Full Gasket Kit; Kawasaki 250 KX 1992";49,1
WSM;25-757;"WSM 25-757 Full Gasket Kit; Kawasaki 250 KX 2004";49,1
WSM;25-752;"WSM 25-752 Full Gasket Kit; Kawasaki 250 KX 88-89";49,1
WSM;25-753;"WSM 25-753 Full Gasket Kit; Kawasaki 250 KX 90-91";49,1
WSM;25-755;"WSM 25-755 Full Gasket Kit; Kawasaki 250 KX 93-96";49,1
WSM;25-756;"WSM 25-756 Full Gasket Kit; Kawasaki 250 KX 97-03";49,1
WSM;25-799;"WSM 25-799 Full Gasket Kit; Kawasaki 500 KX 89-04";49,1
WSM;25-839;"WSM 25-839 Full Gasket Kit; KTM / Husqvarna 250 07-16";49,1
WSM;25-815;"WSM 25-815 Full Gasket Kit; KTM 105 SX / XC 04-11";49,1
WSM;25-820;"WSM 25-820 Full Gasket Kit; KTM 125 EGS / EXC / SX 94-97";49,1
WSM;25-822;"WSM 25-822 Full Gasket Kit; KTM 125 EXC / SX 02-15";49,1
WSM;25-821;"WSM 25-821 Full Gasket Kit; KTM 125 EXC / SX 98-01";49,1
WSM;25-836;"WSM 25-836 Full Gasket Kit; KTM 250 - 380 EXC / MXC / SX 99-03";49,1
WSM;25-842;"WSM 25-842 Full Gasket Kit; KTM 250 05-18";49,1
WSM;25-837;"WSM 25-837 Full Gasket Kit; KTM 250 EXC / SX 03-04";49,1
WSM;25-855;"WSM 25-855 Full Gasket Kit; KTM 360 / 380 EGS / EXC / SX 95-02";49,1
WSM;51-317;"WSM 51-317 Piston Rings; Polaris 700 Ranger / Sportsman 02-09 Standard";49,1
WSM;29-636;"WSM 29-636 Top End Gasket Kit; Honda 150 CRF-R 07-26";49,1
WSM;010-254;"WSM 010-254 Upper Main Bearing; Mercury / Mariner 75 - 125 Hp 1.5L Optimax 04-14";49,1
WSM;87-616;"WSM 87-616 Clutch Kit, Complete; Suzuki 500 LT-F 98-02";49,21
WSM;29-518;"WSM 29-518 Top End Gasket Kit; Yamaha 400 / 450 00-14";49,34
WSM;65-940;"WSM 65-940 Stator Assembly; Polaris 90 01-06";49,39
WSM;725-251;"WSM 725-251 Water Pump Service Kit; Johnson / Evinrude 40 - 75 Hp";49,46
WSM;725-432;"WSM 725-432 Water Pump Service Kit; Yamaha 150 - 225 Hp";49,46
WSM;002-041-01;WSM 002-041-01 Trim Cable: Kawasaki 750 / 900 ZXI 95-96;49,54
WSM;600-127;"WSM 600-127 Fuel Pump Repair Kit; Johnson / Evinrude 75 - 175 Hp 97-01";49,56
WSM;002-055-08;WSM 002-055-08 Throttle Cable: Yamaha 1200 GP / XL 97-99;49,6
WSM;002-055-14;WSM 002-055-14 Throttle Cable: Yamaha 1800 FX 08-11;49,6
WSM;25-205;"WSM 25-205 Full Gasket Kit; Kawasaki 250 KL / KLR / Mojave 85-05";49,63
WSM;24-055-01;"WSM 24-055-01 Water Pump; Kawasaki / Suzuki 400 00-09";49,7
WSM;600-098;"WSM 600-098 Fuel Pump; Mercury / Mariner / Yamaha 8 - 15 Hp 4-Stroke";49,85
WSM;343-532;"WSM 343-532 Relay Assembly; Mercury / Yamaha 200 - 425 Hp 00-18";49,85
WSM;778-155;"WSM 778-155 Sensor, Map; Mercury / Mercruiser 2 & 4 Stroke 1.5L - 8.2L";49,87
WSM;511-08;"WSM 511-08 Gasket, Base; Mercury 40 - 60 Hp 4 Stroke";49,93
WSM;725-430;"WSM 725-430 Water Pump Service Kit; Yamaha 115 / 130 Hp 84-92";49,93
WSM;003-641;"WSM 003-641 Jet Pump Repair Kit; Sea-Doo 650 - 951 94-02";49,94
WSM;775-250;"WSM 775-250 Thermostat; Yamaha 425 / 450 Hp 4-Stroke 18-25";49,98
WSM;120-205;"WSM 120-205 Exhaust Valve; Yamaha 75 - 115 Hp 4-Stroke 10-21";49,99
WSM;778-051;"WSM 778-051 Sender,Trim; Mercury";50
WSM;88-216;"WSM 88-216 Clutch Kit, Complete; Kawasaki 200 / 220 KDX 95-05";50,06
WSM;88-222;"WSM 88-222 Clutch Kit, Complete; Kawasaki 250 KLR 85-05";50,06
WSM;88-514;"WSM 88-514 Clutch Kit, Complete; Yamaha 125 / 250 91-12";50,06
WSM;446-129;"WSM 446-129 Lower Unit Seal Kit; Mercury 135 / 150 EFI 4 Stroke";50,06
WSM;002-036-01;WSM 002-036-01 Throttle Cable: Sea-Doo 951 GTX LTD 1998;50,06
WSM;87-404;"WSM 87-404 Clutch Kit, Complete; Honda 250 ATC-R / TRX-R 86-87";50,11
WSM;380-5115;"WSM 380-5115 Ignition Coil; Yamaha 150 - 250 Hp HPDI 01-12";50,14
WSM;29-308;"WSM 29-308 Top End Gasket Kit; Polaris 400 - 450 95-14";50,17
WSM;725-255;"WSM 725-255 Water Pump Service Kit; Johnson / Evinrude 40 - 50 Hp Looper";50,29
WSM;778-152;"WSM 778-152 Sensor, Knock; OMC I/O / Mercruiser / Volvo GM 7.4L & 8.2L";50,32
WSM;778-150;"WSM 778-150 Sensor, Knock; OMC I/O / Mercruiser / Volvo V8";50,32
WSM;006-595-01;"WSM 006-595-01 Air Filter; Yamaha 1050 16-26";50,34
WSM;984-107;"WSM 984-107 Spanner Nut; Mercury / Mariner 200 - 400 Hp 6 Cyl Verado";50,34
WSM;010-966-05;"WSM 010-966-05 Piston Rings; Sea-Doo 1630 4-Tec 130 / 170 Hp 20-25 .5mm Over";50,38
WSM;010-966-07;"WSM 010-966-07 Piston Rings; Sea-Doo 1630 4-Tec 130 / 170 Hp 20-25 1mm Over";50,38
WSM;010-966;"WSM 010-966 Piston Rings; Sea-Doo 1630 4-Tec 130 / 170 Hp 20-26 Standard";50,38
WSM;100-99-06K;"WSM 100-99-06K Piston Kit; Johnson / Evinrude 9.9 / 15 Hp Cross Flow .030 Over";50,54
WSM;100-101-04K;"WSM 100-101-04K Piston Kit; Johnson / Evinrude 9.9 / 15 Hp Cross Flow 74-92 .010 Over";50,54
WSM;100-101-05K;"WSM 100-101-05K Piston Kit; Johnson / Evinrude 9.9 / 15 Hp Cross Flow 74-92 .020 Over";50,54
WSM;100-101-06K;"WSM 100-101-06K Piston Kit; Johnson / Evinrude 9.9 / 15 Hp Cross Flow 74-92 .030 Over";50,54
WSM;100-101-07K;"WSM 100-101-07K Piston Kit; Johnson / Evinrude 9.9 / 15 Hp Cross Flow 74-92 .040 Over";50,54
WSM;100-101K;"WSM 100-101K Piston Kit; Johnson / Evinrude 9.9 / 15 Hp Cross Flow 74-92 Standard";50,54
WSM;100-99K;"WSM 100-99K Piston Kit; Johnson / Evinrude 9.9 / 15 Hp Cross Flow Standard";50,54
WSM;25-929;"WSM 25-929 Full Gasket Kit; Suzuki 125 RM 04-08";50,62
WSM;25-935;"WSM 25-935 Full Gasket Kit; Suzuki 200 DR 86-88 / 96-20";50,62
WSM;25-947;"WSM 25-947 Full Gasket Kit; Suzuki 250 RM 01-02";50,62
WSM;25-941;"WSM 25-941 Full Gasket Kit; Suzuki 250 RM 1989";50,62
WSM;25-942;"WSM 25-942 Full Gasket Kit; Suzuki 250 RM 1990";50,62
WSM;25-940;"WSM 25-940 Full Gasket Kit; Suzuki 250 RM 87-88";50,62
WSM;25-943;"WSM 25-943 Full Gasket Kit; Suzuki 250 RM 92-93";50,62
WSM;25-944;"WSM 25-944 Full Gasket Kit; Suzuki 250 RM 94-95";50,62
WSM;25-945;"WSM 25-945 Full Gasket Kit; Suzuki 250 RM 96-98";50,62
WSM;25-946;"WSM 25-946 Full Gasket Kit; Suzuki 250 RM 99-00";50,62
WSM;25-955;"WSM 25-955 Full Gasket Kit; Suzuki 250 RMX 89-94";50,62
WSM;25-956;"WSM 25-956 Full Gasket Kit; Suzuki 250 RMX 95-98";50,62
WSM;502-100;"WSM 502-100 Gasket Set, Lower Conversion; 3.0L 181 CI.";50,62
WSM;007-299;"WSM 007-299 Head Gasket; Yamaha 1200 97-14";50,65
WSM;650-485;"WSM 650-485 Light, LED Stern; 26'' to 48'' Telescopic";50,7
WSM;87-612;"WSM 87-612 Clutch Kit, Complete; Arctic Cat / Suzuki 400 02-09";50,81
WSM;600-72;"WSM 600-72 Carburetor Kit; Yamaha 25 Hp 4-Stroke 09-21 With Float";51
WSM;003-330;"WSM 003-330 Flywheel / Mag Puller; Yamaha 1800 08-17";51
WSM;990-505;"WSM 990-505 Hose Clamp, Oetiker Clamp Kit; 5.3mm-11.8mm";51
WSM;006-716-100;"WSM 006-716-100 Hose, Polyeurethane; 3/16'' x 100'";51
WSM;985-177;"WSM 985-177 Lifting Eye; Yamaha 2.6 Liter V4 - V6";51
WSM;25-304;"WSM 25-304 Full Gasket Kit; Polaris 300 Hawkeye / Sportsman 06-10";51,06
WSM;COU95LE;"WSM COU95LE Valve; 3/8''";51,07
WSM;25-141;"WSM 25-141 Full Gasket Kit; Honda 400 TRX-FW 95-03";51,1
WSM;380-5105;"WSM 380-5105 Ignition Coil; Yamaha 9.9 - 15 Hp 4-Stroke 98-06";51,14
WSM;29-510;"WSM 29-510 Top End Gasket Kit; Yamaha 250 Raptor 08-13";51,17
WSM;88-108;"WSM 88-108 Clutch Kit, Complete; Honda 125 CR 86-99";51,35
WSM;88-210;"WSM 88-210 Clutch Kit, Complete; Kawasaki 125 KX 03-05";51,35
WSM;87-606;"WSM 87-606 Clutch Kit, Complete; Suzuki 250 LT-R 87-92";51,35
WSM;88-518;"WSM 88-518 Clutch Kit, Complete; Yamaha 250 TT-R / WR-R / X 99-15";51,35
WSM;87-706;"WSM 87-706 Clutch Kit, Complete; Yamaha 350 / 400 YFM 94-04";51,35
WSM;007-601;"WSM 007-601 Complete Gasket Kit; Yamaha 500 89-93";51,35
WSM;010-853-04K;"WSM 010-853-04K Piston Kit; Tiger Shark 1000 97-98 .25mm Over";51,35
WSM;010-853-05K;"WSM 010-853-05K Piston Kit; Tiger Shark 1000 97-98 .5mm Over";51,35
WSM;010-853-06K;"WSM 010-853-06K Piston Kit; Tiger Shark 1000 97-98 .75mm Over";51,35
WSM;010-853K;"WSM 010-853K Piston Kit; Tiger Shark 1000 97-98 Standard";51,35
WSM;010-852-04K;"WSM 010-852-04K Piston Kit; Tiger Shark 900 95-96 .25mm Over";51,35
WSM;010-852-05K;"WSM 010-852-05K Piston Kit; Tiger Shark 900 95-96 .5mm Over";51,35
WSM;010-852-06K;"WSM 010-852-06K Piston Kit; Tiger Shark 900 95-96 .75mm Over";51,35
WSM;010-852-07K;"WSM 010-852-07K Piston Kit; Tiger Shark 900 95-96 1mm Over";51,35
WSM;002-057;WSM 002-057 Throttle Cable: Yamaha 700 / 1100 95-98;51,35
WSM;007-638;"WSM 007-638 Top End Gasket Kit; Polaris 750 SL / SLT 93-95";51,35
WSM;002-052-01;WSM 002-052-01 Trim Cable: Yamaha 760 / 800 / 1200 97-00;51,35
WSM;88-300;"WSM 88-300 Clutch Kit, Complete; KTM 65 SX / XC 09-18";51,4
WSM;88-506;"WSM 88-506 Clutch Kit, Complete; Yamaha 85 YZ 02-21";51,4
WSM;779-120;"WSM 779-120 Sensor, Oil Pressure; Mercury 3.4 / 4.6 Liter";51,4
WSM;335-530;"WSM 335-530 Trim Cylinder Cap With Seals; Johnson / Suzuki 140 Hp 4 Stroke";51,4
WSM;446-170;"WSM 446-170 Lower Unit Seal Kit; OMC Cobra";51,42
WSM;29-210;"WSM 29-210 Top End Gasket Kit; Arctic Cat / Kawasaki / Suzuki 400 DVX / KFX / LT-Z 03-14";51,48
WSM;002-055-07;WSM 002-055-07 Throttle Cable: Yamaha 760 96-99;51,5
WSM;200-420-04;"WSM 200-420-04 Piston Rings; Johnson / Suzuki 115 - 140 Hp 4-Stroke 02-21 .010 Over";51,9
WSM;200-420-05;"WSM 200-420-05 Piston Rings; Johnson / Suzuki 115 - 140 Hp 4-Stroke 02-21 .020 Over";51,9
WSM;003-110-03;"WSM 003-110-03 Carbon Ring; Sea-Doo 1503 4-Tec 09-10";52,04
WSM;500-101;"WSM 500-101 Gasket Kit, Powerhead; Chrysler / Force 50 Hp";52,04
WSM;511-13-01;"WSM 511-13-01 Gasket, Base; Yamaha 200 - 300 Hp HPDI 03-10";52,04
WSM;50-222-04K;"WSM 50-222-04K Piston Kit; Honda 200 ATC-X / TRX 83-96 .25mm Over";52,04
WSM;50-222-05K;"WSM 50-222-05K Piston Kit; Honda 200 ATC-X / TRX 83-96 .5mm Over";52,04
WSM;50-222-09K;"WSM 50-222-09K Piston Kit; Honda 200 ATC-X / TRX 83-96 1.5mm Over";52,04
WSM;50-222-07K;"WSM 50-222-07K Piston Kit; Honda 200 ATC-X / TRX 83-96 1mm Over";52,04
WSM;010-495-01;"WSM 010-495-01 Power Valve; Sea-Doo 800 RFI 98-05";52,04
WSM;25-513;"WSM 25-513 Full Gasket Kit; Yamaha 350 Banshee 03-06";52,09
WSM;29-785;"WSM 29-785 Top End Gasket Kit; Kawasaki 450 KLX / KX-F 06-17";52,09
WSM;29-786;"WSM 29-786 Top End Gasket Kit; Kawasaki 450 KX-F 09-15";52,09
WSM;29-866;"WSM 29-866 Top End Gasket Kit; KTM 450 SX-F / XC-F 07-12";52,09
WSM;600-158-01;"WSM 600-158-01 Fuel Pump; Johnson / Evinrude 20 - 35 Hp 91-05";52,1
WSM;600-157-01;"WSM 600-157-01 Fuel Pump; Johnson / Evinrude 9.9 / 15 Hp Cross Flow 97-07";52,1
WSM;100-260-04K;"WSM 100-260-04K Piston Kit; Yamaha 40 / 50 Hp 3 Cylinder 84-88 .010 Over";52,1
WSM;100-252-04K;"WSM 100-252-04K Piston Kit; Yamaha 40 / 50 Hp 3 Cylinder 89-08 .010 Over";52,1
WSM;100-252-05K;"WSM 100-252-05K Piston Kit; Yamaha 40 / 50 Hp 3 Cylinder 89-08 .020 Over";52,1
WSM;100-252-06K;"WSM 100-252-06K Piston Kit; Yamaha 40 / 50 Hp 3 Cylinder 89-08 .030 Over";52,1
WSM;100-252-07K;"WSM 100-252-07K Piston Kit; Yamaha 40 / 50 Hp 3 Cylinder 89-08 .040 Over";52,1
WSM;100-252K;"WSM 100-252K Piston Kit; Yamaha 40 / 50 Hp 3 Cylinder 89-08 Standard";52,1
WSM;582-306;"WSM 582-306 Gasket Set, Intake; Mercruiser / OMC / Volvo 4.3L V6 262 CI.";52,13
WSM;446-145;"WSM 446-145 Lower Unit Seal Kit; Yamaha 75 - 90 Hp 84-09";52,36
WSM;905-105;"WSM 905-105 Switch, Tilt & Trim; Yamaha 200 - 250 Hp 76 Degree 97-05";52,39
WSM;725-431;"WSM 725-431 Water Pump Service Kit; Yamaha 115 / 130 Hp 93-10";52,4
WSM;983-166;"WSM 983-166 Exhaust Bellow Expander Tool;";52,52
WSM;25-305;"WSM 25-305 Full Gasket Kit; Polaris 325 / 330 00-16";52,52
WSM;29-310;"WSM 29-310 Top End Gasket Kit; Polaris 500 96-14";52,57
WSM;010-812K;"WSM 010-812K Piston Kit; Kawasaki 550 82-89 Standard";52,63
WSM;010-815-04K;"WSM 010-815-04K Piston Kit; Sea-Doo 580 89-96 .25mm Over";52,63
WSM;010-815-05K;"WSM 010-815-05K Piston Kit; Sea-Doo 580 89-96 .5mm Over";52,63
WSM;010-815-06K;"WSM 010-815-06K Piston Kit; Sea-Doo 580 89-96 .75mm Over";52,63
WSM;010-815-07K;"WSM 010-815-07K Piston Kit; Sea-Doo 580 89-96 1mm Over";52,63
WSM;010-815K;"WSM 010-815K Piston Kit; Sea-Doo 580 89-96 Standard";52,63
WSM;369-535;"WSM 369-535 Wires, Ignition Set; Mercruiser 5 - 8.2L 8 Cyl - Thunderbolt Ignition";52,68
WSM;29-761;"WSM 29-761 Top End Gasket Kit; Kawasaki 250 KX-F 09-16";52,85
WSM;29-845;"WSM 29-845 Top End Gasket Kit; KTM 250 EXC-F / SX-F / XC-F 05-15";52,85
WSM;2000-300;"WSM 2000-300 Hub Kit; 5 Stud - 1-1/16'' x 1-1/16'' Spindle";52,86
WSM;2000-305;"WSM 2000-305 Hub Kit; 5 Stud - 1-3/8'' x 1-1/16'' Spindle";52,86
WSM;368-7126-06K;"WSM 368-7126-06K Wires, Ignition Set; Mercury / Mariner 110 - 300 Hp CDM 99-18";52,9
WSM;446-190;"WSM 446-190 Lower Unit Seal Kit; Mercuriser Alpha 1";52,91
WSM;65-138;"WSM 65-138 Starter Solenoid; Yamaha 450 / 700 / 850 / 1000 08-26";52,93
WSM;805-107-12;"WSM 805-107-12 Bolt, Connecting Rod; Johnson / Evinrude 120 - 140 Hp Looper / Ficht (12 Pack)";53,21
WSM;600-297-03;"WSM 600-297-03 Fuel Filter; Yamaha 30 / 40 Hp 4-Stroke 06-22";53,33
WSM;50-222K;"WSM 50-222K Piston Kit; Honda 200 ATC-X / TRX 83-96 Standard";53,48
WSM;51-520-665;"WSM 51-520-665 Piston Rings; Yamaha 350 Banshee 87-06 For 66.5mm Piston";53,48
WSM;51-520-685;"WSM 51-520-685 Piston Rings; Yamaha 350 Banshee 87-06 For 68.5mm Piston";53,48
WSM;51-520-68;"WSM 51-520-68 Piston Rings; Yamaha 350 Banshee 87-06 For 68mm Piston";53,48
WSM;51-520-695;"WSM 51-520-695 Piston Rings; Yamaha 350 Banshee 87-06 For 69.5mm Piston";53,48
WSM;51-520-705;"WSM 51-520-705 Piston Rings; Yamaha 350 Banshee 87-06 For 70.5mm Piston";53,48
WSM;51-520-70;"WSM 51-520-70 Piston Rings; Yamaha 350 Banshee 87-06 For 70mm Piston";53,48
WSM;500-125;"WSM 500-125 Gasket Kit, Powerhead; Johnson / Evinrude 35 - 60 Hp 2 Cylinder";53,51
WSM;002-053;WSM 002-053 Throttle Cable: Yamaha 700 94/96;53,51
WSM;25-980;"WSM 25-980 Full Gasket Kit; Suzuki 650 DR 96-26";53,58
WSM;51-314;"WSM 51-314 Piston Rings; Polaris 850 Scrambler / Sportsman 09-22 Standard";53,58
WSM;29-212;"WSM 29-212 Top End Gasket Kit; Kawasaki 450 KFX 08-14";53,58
WSM;65-262;"WSM 65-262 Coil, Ignition; Yamaha 450 WR-F / YZ-F / YFZ";53,77
WSM;25-660;"WSM 25-660 Full Gasket Kit; Honda 250 XR 85-96";53,77
WSM;004-270;"WSM 004-270 Thermostat; Sea-Doo 300 16-17 / Can-Am 570 - 1000 11-26";53,77
WSM;778-110;"WSM 778-110 Sensor,Temperature; Mercury / Mercuriser 135 -400 Hp Verado 9.1 Liter";53,84
WSM;750-251;"WSM 750-251 Water Pump Kit Complete; Johnson / Evinrude 40 - 70 Hp Looper";53,87
WSM;380-5113;"WSM 380-5113 Ignition Coil; Yamaha 15 - 25 Hp 4-Stroke 08-17";53,88
WSM;010-131-01;"WSM 010-131-01 Bearing, Supercharger Clutch Outer; Yamaha 1800 08-22";53,92
WSM;65-525;"WSM 65-525 CDI Box; Polaris 300 - 500 Hawkeye / Scrambler / Sportsman 04-09";53,92
WSM;65-505;"WSM 65-505 CDI Box; Polaris 335 / 400 / 425 / 500 97-02";53,92
WSM;87-502;"WSM 87-502 Clutch Kit, Complete; Kawasaki 250 Mojave 87-04";53,92
WSM;004-806;"WSM 004-806 Fuel Pump; Sea-Doo Challenger / Speedster 98-99";53,92
WSM;004-126-01;"WSM 004-126-01 Starter Solenoid; Yamaha 1100 / 1800 / 1900 15-26";53,92
WSM;PH110-BA04;"WSM PH110-BA04 Starter; Baja Motorsports";53,92
WSM;PH110-BM07;"WSM PH110-BM07 Starter; BMS 250";53,92
WSM;PH110-BM11;"WSM PH110-BM11 Starter; BMS 50";53,92
WSM;PH110-EG05;"WSM PH110-EG05 Starter; Eagle 50";53,92
WSM;PH110-KW17;"WSM PH110-KW17 Starter; Kawasaki 90 KFX 07-26";53,92
WSM;PH110-KY05;"WSM PH110-KY05 Starter; Kymco 50 / 70 Mongoose 07-16";53,92
WSM;PH110-PL07;"WSM PH110-PL07 Starter; Polaris 325 - 500 96-14";53,92
WSM;PH110-SZ10;"WSM PH110-SZ10 Starter; Suzuki 90 LT-Z 07-26";53,92
WSM;65-703;"WSM 65-703 Voltage Regulator; Honda 250 ATC-SX 85-87";53,92
WSM;65-735;"WSM 65-735 Voltage Regulator; Kawasaki 300 - 400 / 650 / 700 99-13";53,92
WSM;65-725;"WSM 65-725 Voltage Regulator; Polaris 50 / 90 Predator / Sportsman 04-06";53,92
WSM;65-722;"WSM 65-722 Voltage Regulator; Polaris 500 97-02";53,92
WSM;65-865;"WSM 65-865 Voltage Regulator; Yamaha 225 / 250 / 350 / 400 86-97";53,92
WSM;011-130;"WSM 011-130 Motor Mount; Sea-Doo 800 / 1503 / 1630 02-20";53,94
WSM;011-108;"WSM 011-108 Motor Mount; Sea-Doo 800 / 951 96-06";53,94
WSM;29-146;"WSM 29-146 Top End Gasket Kit; Honda 450 TRX-R 04-05";53,94
WSM;29-152;"WSM 29-152 Top End Gasket Kit; Honda 500 TRX Foreman 05-11";53,99
WSM;29-303;"WSM 29-303 Top End Gasket Kit; Polaris 300 Hawkeye / Sportsman 06-11";53,99
WSM;PH500-M034;"WSM PH500-M034 Fuel Pump; Johnson / Evinrude 20 - 140 Hp";54
WSM;PH500-M035;"WSM PH500-M035 Fuel Pump; Johnson / Evinrude 20 - 35 Hp 91-05";54
WSM;PH500-M033;"WSM PH500-M033 Fuel Pump; Johnson / Evinrude 9.9 / 15 Hp Cross Flow 97-07";54
WSM;77-529;"WSM 77-529 Carburetor Adaptor; Yamaha 350 / 400 87-99";54,01
WSM;370-200;"WSM 370-200 Ignition Coil; Mercruiser 6 / 8 Cylinder Thunderbolt HEI";54,04
WSM;002-055-01;WSM 002-055-01 Throttle Cable: Yamaha 1000 FX 140 02-04;54,08
WSM;002-055-03;WSM 002-055-03 Throttle Cable: Yamaha 1200 99-05;54,08
WSM;002-055-02;WSM 002-055-02 Throttle Cable: Yamaha 800 98-03;54,08
WSM;57-105AK;"WSM 57-105AK Piston Kit; Yamaha 125 YZ 05-21 A Piston Kit";54,12
WSM;57-105BK;"WSM 57-105BK Piston Kit; Yamaha 125 YZ 05-21 B Piston Kit";54,12
WSM;57-100AK;"WSM 57-100AK Piston Kit; Yamaha 85 YZ 02-26 A Piston Kit";54,12
WSM;57-100BK;"WSM 57-100BK Piston Kit; Yamaha 85 YZ 02-26 B Piston Kit";54,12
WSM;25-823;"WSM 25-823 Full Gasket Kit; KTM 125 - 150 EXC / SX / XC 06-15";54,35
WSM;511-07;"WSM 511-07 Gasket, Adapter Plate; Mercury 25 - 60 Hp 4 Stroke";54,41
WSM;500-202;"WSM 500-202 Gasket Kit, Powerhead; Mercury / Mariner 50 / 70 Hp 3 Cylinder 83-90";54,56
WSM;725-150-02;"WSM 725-150-02 Water Pump Service Kit; Honda / Tohatsu 200 - 250 Hp BF";54,6
WSM;007-5041;"WSM 007-5041 Gasket Kit, Engine Install; Kawasaki 1100 STX / DI / ZXI 96-04";54,62
WSM;007-5025-02;"WSM 007-5025-02 Gasket Kit, Engine Install; Yamaha 1100 Wave Raider / Wave Venture 95-97";54,62
WSM;007-5028;"WSM 007-5028 Gasket Kit, Engine Install; Yamaha 800 GP / XL / XLT 98-05";54,62
WSM;50-210-04K;"WSM 50-210-04K Piston Kit; Honda 250 TRX-R 87-89 .25mm Over";54,62
WSM;50-210-05K;"WSM 50-210-05K Piston Kit; Honda 250 TRX-R 87-89 .5mm Over";54,62
WSM;50-210-06K;"WSM 50-210-06K Piston Kit; Honda 250 TRX-R 87-89 .75mm Over";54,62
WSM;50-605-04K;"WSM 50-605-04K Piston Kit; Suzuki 500 Quadracer 87-90 .25mm Over";54,62
WSM;50-605-06K;"WSM 50-605-06K Piston Kit; Suzuki 500 Quadracer 87-90 .75mm Over";54,62
WSM;750-421;"WSM 750-421 Water Pump Kit Complete; Yamaha 30 / 40 Hp 4-Stroke";54,64
WSM;750-255;"WSM 750-255 Water Pump Kit Complete; Johnson / Evinrude 85 - 300 Hp";54,71
WSM;010-060;"WSM 010-060 Timing Chain; Sea-Doo 1503 / 1630 4-Tec 03-26";54,86
WSM;335-106;"WSM 335-106 Trim Seal Kit; Johnson / Evinrude 35 - 135 Hp 2 - 4 Cylinder 73-89";54,89
WSM;010-267;"WSM 010-267 Center Main Bearing; Mercury / Mariner 30 - 60 Hp";54,95
WSM;950-100;"WSM 950-100 Drive Shaft Floating Ring Tool; Sea-Doo 1503 4-Tec 02-07";55,01
WSM;006-621;"WSM 006-621 Fuel Injector; Sea-Doo 1503 4-Tec 155 - 430 Hp 03-11";55,01
WSM;007-593-05;"WSM 007-593-05 Head Gasket; Yamaha 1000 02-08";55,01
WSM;007-593-06;"WSM 007-593-06 Head Gasket; Yamaha 1100 04-10";55,01
WSM;003-114;"WSM 003-114 Impeller Shaft; Kawasaki 750 - 1500 95-11";55,01
WSM;501-200;"WSM 501-200 Gasket Kit, Head; GM 140 Hp 3.0L 4 Cylinder 181 CI.";55,07
WSM;51-312-04;"WSM 51-312-04 Piston Rings; Polaris 450 - 570 Ranger / RZR / Sportsman / Pro XD 12-26 .25mm Over";55,07
WSM;51-312-05;"WSM 51-312-05 Piston Rings; Polaris 450 - 570 Ranger / RZR / Sportsman / Pro XD 12-26 .5mm Over";55,07
WSM;51-312-06;"WSM 51-312-06 Piston Rings; Polaris 450 - 570 Ranger / RZR / Sportsman / Pro XD 12-26 .75mm Over";55,07
WSM;51-312-07;"WSM 51-312-07 Piston Rings; Polaris 450 - 570 Ranger / RZR / Sportsman / Pro XD 12-26 1mm Over";55,07
WSM;51-312;"WSM 51-312 Piston Rings; Polaris 450 - 570 Ranger / RZR / Sportsman / Pro XD 12-26 Standard";55,07
WSM;51-320;"WSM 51-320 Piston Rings; Polaris 900 / 1000 / 1100 14-26 Standard";55,07
WSM;29-207-02;"WSM 29-207-02 Top End Gasket Kit; Kawasaki 300 Brute Force 12-17";55,07
WSM;007-593-03;"WSM 007-593-03 Head Gasket; Yamaha 1100 05-15 4-Stroke";55,08
WSM;88-418;"WSM 88-418 Clutch Kit, Complete; Suzuki 250 / 350 DR 90-99";55,2
WSM;88-534;"WSM 88-534 Clutch Kit, Complete; Yamaha 250 YZ-F 19-21";55,2
WSM;002-066;WSM 002-066 Throttle Cable: Kawasaki 650 SX 88-90;55,2
WSM;007-637;"WSM 007-637 Top End Gasket Kit; Polaris 650 SL 92-95";55,2
WSM;007-639-01;"WSM 007-639-01 Top End Gasket Kit; Polaris 780 95-04";55,2
WSM;012-100BLK;"WSM 012-100BLK Traction Mat; Kawasaki 650 SX 87-93";55,22
WSM;012-101BLK;"WSM 012-101BLK Traction Mat; Kawasaki 750 SX / SXi 92-02";55,22
WSM;004-147;"WSM 004-147 Coil, Lighting; Yamaha 650 - 760 94-20";55,26
WSM;59-200-10A;"WSM 59-200-10A Top End Rebuild Kit; KTM 50 09-26 A Piston";55,38
WSM;59-200-10B;"WSM 59-200-10B Top End Rebuild Kit; KTM 50 09-26 B Piston";55,38
WSM;725-355-01;"WSM 725-355-01 Water Pump Service Kit; Mercury / Mariner / Nissan / Tohatsu 40 / 50 Hp 3 Cyl";55,38
WSM;003-318;"WSM 003-318 Flywheel Puller; Kawasaki 900 - 1100 95-06";55,5
WSM;004-221-01;"WSM 004-221-01 Voltage Regulator; Sea-Doo / Can-Am 900 - 1630 / 330 - 1000 08-26";55,63
WSM;983-409;"WSM 983-409 Trim Cylinder End Cap Remover; Johnson / Evinrude / Suzuki";55,69
WSM;650-090;WSM 650-090 Fuse Block Terminal: 12 Gang;55,87
WSM;750-355;"WSM 750-355 Water Pump Kit Complete; Johnson / Evinrude; 85 - 135 Hp 73-78";55,88
WSM;004-173;"WSM 004-173 Coil, Ignition; Sea-Doo 951 DI 00-07";55,91
WSM;750-433;"WSM 750-433 Water Pump Kit Complete; Yamaha 115 - 300 Hp";56,15
WSM;87-412;"WSM 87-412 Clutch Kit, Complete; Honda 400 TRX-EX 99-14";56,36
WSM;775-15;"WSM 775-15 Thermostat; Mercury 200 - 300 Hp 3.0L";56,36
WSM;600-289-07;"WSM 600-289-07 Fuel Filter Assembly; Yamaha 115 - 250Hp 2 Stroke 1994-99";56,41
WSM;010-064;"WSM 010-064 Timing Chain; Kawasaki 1200 / 1500 4-Stroke 03-07";56,42
WSM;725-335;"WSM 725-335 Water Pump Service Kit; Johnson / Evinrude 70 / 75 Hp Looper";56,45
WSM;88-130;"WSM 88-130 Clutch Kit, Complete; Honda 250 CRF-R / X 08-17";56,48
WSM;003-109-04;"WSM 003-109-04 Impeller Shaft; Kawasaki 1500 STX / SX-R 02-26";56,48
WSM;005-145;"WSM 005-145 Service Kit; Yamaha 1050 4-Stroke 16-26";56,48
WSM;007-610-01;"WSM 007-610-01 Top End Gasket Kit; Yamaha 1100 Raider / Venture 95-97";56,48
WSM;007-613-01;"WSM 007-613-01 Top End Gasket Kit; Yamaha 800 GP / XL / XLT 98-05";56,48
WSM;25-508;"WSM 25-508 Full Gasket Kit; Yamaha 250 Timberwolf 92-00";56,56
WSM;25-516;"WSM 25-516 Full Gasket Kit; Yamaha 350 / 400 Big Bear 99-12";56,56
WSM;29-671;"WSM 29-671 Top End Gasket Kit; Honda 450 CRF-R 07-08";56,56
WSM;29-672;"WSM 29-672 Top End Gasket Kit; Honda 450 CRF-R 09-16";56,56
WSM;29-673;"WSM 29-673 Top End Gasket Kit; Honda 450 CRF-R 19-20";56,56
WSM;29-680;"WSM 29-680 Top End Gasket Kit; Honda 450 CRF-X 05-17";56,56
WSM;29-312;"WSM 29-312 Top End Gasket Kit; Polaris 500 Outlaw / Predator 03-07";56,56
WSM;010-295-01;"WSM 010-295-01 Upper Main Bearing; Yamaha 200 - 300 Hp";56,58
WSM;950-210-02;"WSM 950-210-02 Holder, Crankshaft; Yamaha 1800 08-15";56,62
WSM;002-097;WSM 002-097 Throttle Cable: Kawasaki 1100 Ultra 130 DI 03-04;56,62
WSM;361-5124;"WSM 361-5124 CDM Module; Mercury 30 - 40Hp 4 Stroke";56,64
WSM;582-303;"WSM 582-303 Gasket Set, Intake; Mercruiser 5.0 / 5.7L 305 / 350 CI.";56,64
WSM;779-156;"WSM 779-156 Sensor, Throttle Position; OMC / Mercruiser / GM V6 / V8";56,64
WSM;003-118-03;"WSM 003-118-03 Support Ring; Sea-Doo 1503 4-Tec 09-10";56,64
WSM;775-70;"WSM 775-70 Thermostat Housing Assembly; Mercury 3.4L - 4.6L Verado";56,64
WSM;24-055;"WSM 24-055 Water Pump Rebuild Kit; Arctic Cat / Kawasaki / Suzuki 400 00-13";56,64
WSM;66-128;"WSM 66-128 Battery, Maintenance Free; YTX15L-BS";56,84
WSM;983-300-01P;"WSM 983-300-01P Gimbal Bearing Puller; Expander Rod";56,86
WSM;335-525;"WSM 335-525 Trim Cylinder Cap With Seals; Johnson / Honda / Suzuki / Yamaha 115 - 300 Hp";56,86
WSM;25-780;"WSM 25-780 Full Gasket Kit; Kawasaki 400 KLX 2003";56,9
WSM;446-131;"WSM 446-131 Lower Unit Seal Kit; Mercury 2.5L / 3.0L Sport/Torque Master";57,05
WSM;750-415;"WSM 750-415 Water Pump Kit Complete; Yamaha 40 - 55 Hp";57,05
WSM;511-14;"WSM 511-14 Gasket, Base; Yamaha 150 - 200 Hp HPDI 00-15";57,06
WSM;003-321;"WSM 003-321 Flywheel / Mag Puller; Suzuki 400 - 1503 95-09";57,2
WSM;29-151;"WSM 29-151 Top End Gasket Kit; Honda 500 Rubicon 01-14";57,41
WSM;750-411;"WSM 750-411 Water Pump Kit Complete; Mariner / Yamaha 20 - 30 Hp";57,53
WSM;003-628-01;WSM 003-628-01 Jet Pump Repair Kit: Yamaha 1050 VX 21-26 Larger Bearings;57,54
WSM;750-256;"WSM 750-256 Water Pump Kit Complete; Johnson / Evinrude 90 - 300 Hp";57,56
WSM;376-4991;"WSM 376-4991 Ignition Coil; Mercury / Mercruiser 40 - 300Hp / 4.5 - 6.2 Liter";57,7
WSM;003-110-01K;"WSM 003-110-01K Carbon Ring Kit; Sea-Doo 1503 4-Tec 02-15";57,71
WSM;003-110K;"WSM 003-110K Carbon Ring Kit; Sea-Doo 580 / 720 - 951 95-07";57,71
WSM;003-614;"WSM 003-614 Jet Pump Repair Kit; Kawasaki 1200 / 1500 07-11";57,71
WSM;900-105;"WSM 900-105 Cable, Lower Latch Cowling; Mercury / Mariner Verado 200 - 400 Hp";57,74
WSM;88-524;"WSM 88-524 Clutch Kit, Complete; Yamaha 250 WR-F / YZ-F 01-07";57,77
WSM;88-522;"WSM 88-522 Clutch Kit, Complete; Yamaha 250 WR-F 02-19";57,77
WSM;88-532;"WSM 88-532 Clutch Kit, Complete; Yamaha 250 YZ-F 14-18";57,77
WSM;007-612;"WSM 007-612 Complete Gasket Kit; Kawasaki 650 86-96";57,77
WSM;985-135;"WSM 985-135 Lifting Eye; Johnson / Evinrude";57,77
WSM;010-840-04K;"WSM 010-840-04K Piston Kit; Kawasaki 900 STS / STX / ZXi 95-06 .25mm Over";57,77
WSM;010-840-05K;"WSM 010-840-05K Piston Kit; Kawasaki 900 STS / STX / ZXi 95-06 .5mm Over";57,77
WSM;010-840-06K;"WSM 010-840-06K Piston Kit; Kawasaki 900 STS / STX / ZXi 95-06 .75mm Over";57,77
WSM;010-840-07K;"WSM 010-840-07K Piston Kit; Kawasaki 900 STS / STX / ZXi 95-06 1mm Over";57,77
WSM;010-840K;"WSM 010-840K Piston Kit; Kawasaki 900 STS / STX / ZXi 95-06 Standard";57,77
WSM;010-816-04K;"WSM 010-816-04K Piston Kit; Sea-Doo 650 93-96 .25mm Over";57,77
WSM;010-816-05K;"WSM 010-816-05K Piston Kit; Sea-Doo 650 93-96 .5mm Over";57,77
WSM;010-816-06K;"WSM 010-816-06K Piston Kit; Sea-Doo 650 93-96 .75mm Over";57,77
WSM;010-816-07K;"WSM 010-816-07K Piston Kit; Sea-Doo 650 93-96 1mm Over";57,77
WSM;010-816K;"WSM 010-816K Piston Kit; Sea-Doo 650 93-96 Standard";57,77
WSM;010-827-04K;"WSM 010-827-04K Piston Kit; Yamaha 700 / 1100 94-04 .25mm Over";57,77
WSM;010-827-05K;"WSM 010-827-05K Piston Kit; Yamaha 700 / 1100 94-04 .5mm Over";57,77
WSM;010-827-06K;"WSM 010-827-06K Piston Kit; Yamaha 700 / 1100 94-04 .75mm Over";57,77
WSM;010-827-07K;"WSM 010-827-07K Piston Kit; Yamaha 700 / 1100 94-04 1mm Over";57,77
WSM;010-827K;"WSM 010-827K Piston Kit; Yamaha 700 / 1100 94-04 Standard";57,77
WSM;002-097-03;WSM 002-097-03 Throttle Cable: Kawasaki 1200 Ultra 150 99-02;57,77
WSM;2000-400;"WSM 2000-400 Trailer Jack; 1000 LB Capacity";57,77
WSM;2000-455;"WSM 2000-455 Trailer Winch; 2000LB 20' Strap w/ Hook Dual Gear";57,77
WSM;002-052-02;WSM 002-052-02 Trim Cable: Yamaha 800 / 1200 / 1300 99-08;57,77
WSM;363-8001;"WSM 363-8001 Sender, Trim; Mercury 4 Cyl Verado & 6 Cyl 2 Strokes";57,82
WSM;600-176;"WSM 600-176 Fuel Pump; Volvo";57,84
WSM;78-200;WSM 78-200 Fuel Injector: Polaris RZR / Sportsman 570 / 900 / 1000 11-25;57,9
WSM;983-296K;"WSM 983-296K Gimbal Bearing With Seal; Mercruiser / Volvo";57,92
WSM;1000-BP1500;"WSM 1000-BP1500 Bilge Pump; 1500 GPH";57,98
WSM;983-300-01;"WSM 983-300-01 Gimbal Bearing Puller; Expander Rod";57,98
WSM;003-643;"WSM 003-643 Jet Pump Repair Kit; Sea-Doo 720 - 951 99-07";57,98
WSM;369-545;"WSM 369-545 Wires, Ignition Set; Mercruiser V8 Delco (HEI) Electronic";57,98
WSM;51-606;"WSM 51-606 Piston Rings; Suzuki 750 King Quad 08-25 Standard";58,03
WSM;002-055-11;WSM 002-055-11 Throttle Cable: Yamaha 1000 / 1100 FX 06-08;58,04
WSM;830-193;"WSM 830-193 Belt, Serpentine; Mercury 135 - 200 Hp 6 Cyl 98-14 DFI";58,06
WSM;380-5111;"WSM 380-5111 Ignition Coil; Yamaha 40 - 90 Hp";58,06
WSM;600-205;WSM 600-205 Float Switch, FSM:Mercury 75 - 350 Hp Verado;58,13
WSM;446-135;"WSM 446-135 Lower Unit Seal Kit; Force / Mercury / Mariner 30 - 125 Hp";58,2
WSM;010-208-04;"WSM 010-208-04 Crankshaft Bearing; Tiger Shark 770 96-99";58,31
WSM;363-3582;"WSM 363-3582 Crankshaft Sensor Position; Mercury / Mercruiser 2 & 4-Stroke";58,31
WSM;003-501HP;"WSM 003-501HP Jet Pump Wear Ring; Sea-Doo 900 Spark 14-26";58,31
WSM;983-255H;"WSM 983-255H Prop Wrench, Dual; Volvo";58,31
WSM;984-125;"WSM 984-125 Spanner Nut; Yamaha 300 / 350 Hp 4-Stroke 5.3L";58,31
WSM;002-056-01;WSM 002-056-01 Throttle Cable: Yamaha 1050 / 1100 / 1800 VX 10-16;58,31
WSM;750-412;"WSM 750-412 Water Pump Kit Complete; Mariner / Yamaha 40 Hp 90-97";58,31
WSM;24-017;"WSM 24-017 Water Pump Rebuild Kit; Honda 450 CRF-R 09-16";58,31
WSM;725-435;"WSM 725-435 Water Pump Service Kit; Yamaha 115 / 150 Hp 97-05";58,31
WSM;725-230;"WSM 725-230 Water Pump Service Kit; Mercury 40 - 60 Hp";58,32
WSM;45-610;"WSM 45-610 Connecting Rod; Honda 80 CR 86-02";58,37
WSM;45-620;"WSM 45-620 Connecting Rod; Kawasaki 125 KX 94-97";58,37
WSM;45-300;"WSM 45-300 Connecting Rod; Polaris 250 85-06";58,37
WSM;45-305;"WSM 45-305 Connecting Rod; Polaris 350 / 400 90-05";58,37
WSM;50-205-04K;"WSM 50-205-04K Piston Kit; Honda 250 ATC-R / TRX-R 85-86 .25mm Over";58,37
WSM;50-205-06K;"WSM 50-205-06K Piston Kit; Honda 250 ATC-R / TRX-R 85-86 .75mm Over";58,37
WSM;010-812-04K;"WSM 010-812-04K Piston Kit; Kawasaki 550 82-89 .25mm Over";58,73
WSM;010-812-05K;"WSM 010-812-05K Piston Kit; Kawasaki 550 82-89 .5mm Over";58,73
WSM;010-812-06K;"WSM 010-812-06K Piston Kit; Kawasaki 550 82-89 .75mm Over";58,73
WSM;010-812-07K;"WSM 010-812-07K Piston Kit; Kawasaki 550 82-89 1mm Over";58,73
WSM;010-295-12;"WSM 010-295-12 Center Main Bearing; Yamaha 75 - 90 Hp 84-09";58,81
WSM;78-187;"WSM 78-187 Fuel Pump, High Flow; Yamaha 450 / 660 Grizzly / Rhino 04-09";58,82
WSM;750-165;"WSM 750-165 Water Pump Kit; Honda 9.9 / 15 Hp BF 99-02";58,86
WSM;002-034-03;WSM 002-034-03 Throttle Cable: Kawasaki 1100 STX DI 00-02;59,04
WSM;004-175;"WSM 004-175 Coil, Ignition; Sea-Doo 580 SP 89-90";59,05
WSM;007-618;"WSM 007-618 Complete Gasket Kit; Kawasaki 550 SX / JS 87-90";59,05
WSM;007-642-05;"WSM 007-642-05 Complete Gasket Kit; Polaris 700 00-04";59,05
WSM;007-642;"WSM 007-642 Complete Gasket Kit; Polaris 700 96-00";59,05
WSM;010-815-04PK;"WSM 010-815-04PK Piston Kit; Sea-Doo 580 89-96 .25mm Over Platinum";59,05
WSM;010-815-05PK;"WSM 010-815-05PK Piston Kit; Sea-Doo 580 89-96 .5mm Over Platinum";59,05
WSM;010-815-06PK;"WSM 010-815-06PK Piston Kit; Sea-Doo 580 89-96 .75mm Over Platinum";59,05
WSM;010-815-07PK;"WSM 010-815-07PK Piston Kit; Sea-Doo 580 89-96 1mm Over Platinum";59,05
WSM;010-815PK;"WSM 010-815PK Piston Kit; Sea-Doo 580 89-96 Standard Platinum";59,05
WSM;PH110-AC08;"WSM PH110-AC08 Starter; Arctic Cat 50 / 90 DVX 06-08";59,05
WSM;PH110-BB05;"WSM PH110-BB05 Starter; Can-Am 50 / 90 02-06";59,05
WSM;003-606;"WSM 003-606 Jet Pump Repair Kit; Kawasaki 1100 / 1200 99-04";59,18
WSM;002-055-04;WSM 002-055-04 Throttle Cable: Yamaha 800 GP / GP-R 01-05;59,22
WSM;343-512;"WSM 343-512 Starter Solenoid; Johnson / Nissan / Tohatsu / Yamaha /Suzuki 9.9 - 225 Hp 91-22";59,29
WSM;006-718-50;"WSM 006-718-50 Hose, Polyeurethane; 3/8'' x 50'";59,4
WSM;25-661;"WSM 25-661 Full Gasket Kit; Honda 250 XR 96-04";59,45
WSM;980-110L;WSM 980-110L Bench Stand Adaptor;59,47
WSM;006-347;"WSM 006-347 Carburetor Rebuild Kit; Kawasaki 900 1100 / 1200 99-05";59,47
WSM;004-180;"WSM 004-180 Coil, Ignition; Kawasaki 750 92-02";59,47
WSM;004-176;"WSM 004-176 Coil, Ignition; Sea-Doo 720 - 951 95-05";59,47
WSM;004-193;"WSM 004-193 Coil, Ignition; Yamaha 1100 95-98; 2 Stroke";59,47
WSM;007-617;"WSM 007-617 Complete Gasket Kit; Kawasaki 440 SX 79-92";59,47
WSM;003-240;"WSM 003-240 Coupler; Sea-Doo 800 / 951 99-07";59,47
WSM;985-140;"WSM 985-140 Flywheel Puller; Universal";59,47
WSM;25-124;"WSM 25-124 Full Gasket Kit; Honda 250 TRX-EX 03-20";59,47
WSM;25-136;"WSM 25-136 Full Gasket Kit; Honda 350 TRX 00-06";59,47
WSM;500-206;"WSM 500-206 Gasket Kit, Powerhead; Mercury 65 - 90 Hp L3";59,47
WSM;006-714-100;"WSM 006-714-100 Hose, Polyeurethane; 1/4'' x 100'";59,47
WSM;003-614-02;"WSM 003-614-02 Jet Pump Repair Kit; Kawasaki 1500 10-26";59,47
WSM;003-614-01;"WSM 003-614-01 Jet Pump Repair Kit; Kawasaki 900 / 1100 / 1200 / 1500 04-06";59,47
WSM;983-120;"WSM 983-120 Pinion Nut Holder; Johnson / Evinrude / OMC";59,47
WSM;100-102-04K;"WSM 100-102-04K Piston Kit; Johnson / Evinrude 9.9 / 15 Hp Cross Flow 93-07 .010 Over";59,47
WSM;100-102-05K;"WSM 100-102-05K Piston Kit; Johnson / Evinrude 9.9 / 15 Hp Cross Flow 93-07 .020 Over";59,47
WSM;100-102-06K;"WSM 100-102-06K Piston Kit; Johnson / Evinrude 9.9 / 15 Hp Cross Flow 93-07 .030 Over";59,47
WSM;100-102-07K;"WSM 100-102-07K Piston Kit; Johnson / Evinrude 9.9 / 15 Hp Cross Flow 93-07 .040 Over";59,47
WSM;100-102K;"WSM 100-102K Piston Kit; Johnson / Evinrude 9.9 / 15 Hp Cross Flow 93-07 Standard";59,47
WSM;100-263-05K;"WSM 100-263-05K Piston Kit; Mariner / Yamaha 40 Hp 2 Cylinder 86-97 .020 Over";59,47
WSM;100-263K;"WSM 100-263K Piston Kit; Mariner / Yamaha 40 Hp 2 Cylinder 86-97 Standard";59,47
WSM;004-117;"WSM 004-117 Start / Stop Switch; Sea-Doo 720 - 800 97-98";59,47
WSM;012-700;"WSM 012-700 Swim Step; Yamaha 1200 99-03";59,47
WSM;004-292;"WSM 004-292 Temperature Sensor; Yamaha 1050 - 1800 03-26";59,47
WSM;002-210;"WSM 002-210 Throttle Cable; Yamaha 1200 99-05";59,47
WSM;986-170;"WSM 986-170 Tilt Tube; Yamaha 75 - 300 Hp";59,47
WSM;750-409;"WSM 750-409 Water Pump Kit Complete; Yamaha 6 - 15 Hp";59,47
WSM;005-126;"WSM 005-126 Service Kit; Sea-Doo 1503 4-Tec 02-18";59,48
WSM;25-203;"WSM 25-203 Full Gasket Kit; Kawasaki 250 Bayou 03-11";59,53
WSM;25-207;"WSM 25-207 Full Gasket Kit; Kawasaki 300 Bayou / Lakota 88-04";59,53
WSM;25-206;"WSM 25-206 Full Gasket Kit; Kawasaki 360 Prairie / 4x4 03-12";59,53
WSM;25-937;"WSM 25-937 Full Gasket Kit; Suzuki 250 DRZ 01-07";59,53
WSM;25-948;"WSM 25-948 Full Gasket Kit; Suzuki 250 RM 03-08";59,53
WSM;25-949;"WSM 25-949 Full Gasket Kit; Suzuki 250 RM 06-08";59,53
WSM;25-514;"WSM 25-514 Full Gasket Kit; Yamaha 350 / 400 92-04";59,53
WSM;25-515;"WSM 25-515 Full Gasket Kit; Yamaha 350 Raptor 05-13";59,53
WSM;25-1050;"WSM 25-1050 Full Gasket Kit; Yamaha 400 WR-F / YZ-F 98-00";59,53
WSM;25-1065;"WSM 25-1065 Full Gasket Kit; Yamaha 450 WR-F 03-06";59,53
WSM;25-1055;"WSM 25-1055 Full Gasket Kit; Yamaha 450 YZ-F 03-05";59,53
WSM;585-986;"WSM 585-986 Gasket, Oil Pan; Merrcuiser / OMC / Volvo Gen V 7.4L 454 CI.";59,53
WSM;584-132;"WSM 584-132 Rear Main Seal; Mercruiser 7.4L 454 CI.";59,53
WSM;584-130;"WSM 584-130 Rear Main Seal; Mercuriser / OMC / Volvo Gen V 7.4L 454 CI.";59,53
WSM;29-142;"WSM 29-142 Top End Gasket Kit; Honda 420 TRX 07-08";59,53
WSM;29-144;"WSM 29-144 Top End Gasket Kit; Honda 420 TRX 09-20";59,53
WSM;29-143;"WSM 29-143 Top End Gasket Kit; Honda 420 TRX Rancher AT 09-18";59,53
WSM;29-860;"WSM 29-860 Top End Gasket Kit; KTM 400 / 450 EXC / SX / XC 00-09";59,53
WSM;29-863;"WSM 29-863 Top End Gasket Kit; KTM 450 - 525 00-09";59,53
WSM;29-865;"WSM 29-865 Top End Gasket Kit; KTM 450 EXC / XC 08-11";59,53
WSM;29-864;"WSM 29-864 Top End Gasket Kit; KTM 450 EXC 03-07";59,53
WSM;29-868;"WSM 29-868 Top End Gasket Kit; KTM 505 SX-F / XC-F 08-10";59,53
WSM;369-525;"WSM 369-525 Wires, Ignition Set; Mercruiser / Volvo 4.3L 6 Cyl Vortec";59,54
WSM;778-136;"WSM 778-136 Sensor, Air Temperature; Johnson / Evinrude / Suzuki 4 Stroke";59,6
WSM;983-410;"WSM 983-410 Trim Cylinder End Cap Remover; Johnson / Evinrude";59,69
WSM;600-158;"WSM 600-158 Fuel Pump; Johnson / Evinrude 6 / 8 / 25 - 235 Hp";59,75
WSM;50-312-06K;"WSM 50-312-06K Piston Kit; Polaris 450 - 570 Ranger / RZR / Sportsman / Pro XD 12-26 .75mm";59,89
WSM;011-125;"WSM 011-125 Motor Mount; Yamaha 1000 - 1200 / 1800 / 1900 99-26";59,94
WSM;011-126;"WSM 011-126 Motor Mount; Yamaha 800 - 1900 00-26";59,94
WSM;100-250-04K;"WSM 100-250-04K Piston Kit; Yamaha 20 / 25 Hp 2 Cylinder 88-09 .010 Over";60,29
WSM;100-250-05K;"WSM 100-250-05K Piston Kit; Yamaha 20 / 25 Hp 2 Cylinder 88-09 .020 Over";60,29
WSM;100-250-06K;"WSM 100-250-06K Piston Kit; Yamaha 20 / 25 Hp 2 Cylinder 88-09 .030 Over";60,29
WSM;100-250-07K;"WSM 100-250-07K Piston Kit; Yamaha 20 / 25 Hp 2 Cylinder 88-09 .040 Over";60,29
WSM;100-250K;"WSM 100-250K Piston Kit; Yamaha 20 / 25 Hp 2 Cylinder 88-09 Standard";60,29
WSM;002-097-01;WSM 002-097-01 Throttle Cable: Kawasaki 1200 STX-R / Ultra 150 02-05;60,34
WSM;017-208;"WSM 017-208 Engine Valve Kit; Kawasaki / Suzuki 400 KFX / LTZ 03-14";60,4
WSM;59-205-10A;"WSM 59-205-10A Top End Rebuild Kit; KTM 65 09-25 A Piston";60,42
WSM;59-205-10B;"WSM 59-205-10B Top End Rebuild Kit; KTM 65 09-25 B Piston";60,42
WSM;600-87;"WSM 600-87 Carburetor Kit; Yamaha 60 Hp 4-Stroke 02-05 With Float";60,5
WSM;24-013;"WSM 24-013 Water Pump Rebuild Kit; Honda 450 05-17";60,56
WSM;25-1040;"WSM 25-1040 Full Gasket Kit; Yamaha 250 YZ-F 01-13";60,64
WSM;25-1052;"WSM 25-1052 Full Gasket Kit; Yamaha 426 WR-F / YZ-F 00-02";60,64
WSM;003-110-03K;"WSM 003-110-03K Carbon Ring Kit; Sea-Doo 1503 / 1630 4-Tec 16-26";60,66
WSM;65-455;"WSM 65-455 CDI Box; Honda 400 TRX-EX 99-04";60,66
WSM;65-460;"WSM 65-460 CDI Box; Honda 400 TRX-EX 99-04";60,66
WSM;65-465;"WSM 65-465 CDI Box; Honda 400 TRX-FW 95-03";60,66
WSM;775-65;"WSM 775-65 Thermostat Housing Assembly; Mercury 65 - 150 Hp 4-Stroke 07-21";60,67
WSM;010-209;"WSM 010-209 Crankshaft Bearing; Kawasaki 900 - 1200 95-06";60,96
WSM;010-495;"WSM 010-495 Power Valve; Sea-Doo 800 96-99";60,96
WSM;010-496;"WSM 010-496 Power Valve; Sea-Doo 951 98-03";60,96
WSM;010-498;"WSM 010-498 Power Valve; Sea-Doo 951 DI 00-07";60,96
WSM;007-627-01;"WSM 007-627-01 Top End Gasket Kit; Kawasaki 800 SX-R 03-11";60,96
WSM;600-12;"WSM 600-12 Carburetor Kit; Mercury / Mariner / Yamaha 40 - 50 Hp 4-Stroke";60,97
WSM;100-270-04PK;"WSM 100-270-04PK Piston Kit; Yamaha 115 - 225 Hp 84-92 Port .010 Over";60,97
WSM;100-270-06PK;"WSM 100-270-06PK Piston Kit; Yamaha 115 - 225 Hp 84-92 Port .030 Over";60,97
WSM;100-270-07PK;"WSM 100-270-07PK Piston Kit; Yamaha 115 - 225 Hp 84-92 Port .040 Over";60,97
WSM;100-270PK;"WSM 100-270PK Piston Kit; Yamaha 115 - 225 Hp 84-92 Port Standard";60,97
WSM;100-270-04SK;"WSM 100-270-04SK Piston Kit; Yamaha 115 - 225 Hp 84-92 Starboard .010 Over";60,97
WSM;100-270-05SK;"WSM 100-270-05SK Piston Kit; Yamaha 115 - 225 Hp 84-92 Starboard .020 Over";60,97
WSM;100-270-06SK;"WSM 100-270-06SK Piston Kit; Yamaha 115 - 225 Hp 84-92 Starboard .030 Over";60,97
WSM;100-270-07SK;"WSM 100-270-07SK Piston Kit; Yamaha 115 - 225 Hp 84-92 Starboard .040 Over";60,97
WSM;100-270SK;"WSM 100-270SK Piston Kit; Yamaha 115 - 225 Hp 84-92 Starboard Standard";60,97
WSM;004-240;"WSM 004-240 Armature / Stator Coil; Yamaha 650 / 700 94-20";61,21
WSM;985-178;"WSM 985-178 Lifting Eye; Yamaha 3.1 / 3.3 Liter V6";61,22
WSM;45-520;"WSM 45-520 Connecting Rod; Yamaha 350 Banshee 87-06";61,27
WSM;PH500-M074;"WSM PH500-M074 Fuel Pump; Mercury / Mariner / Yamaha 8 - 15 Hp 4-Stroke";61,28
WSM;PH200-WH01;WSM PH200-WH01 Harness: Mercury / Mariner / Yamaha 90 - 300 Hp 92-18;61,28
WSM;779-152;"WSM 779-152 Sensor, Throttle Position; Mercruiser / Volvo 5.7 / 6.2 Liter MPI";61,28
WSM;750-258;"WSM 750-258 Water Pump Kit Complete; Johnson / Evinrude 200-250 Hp 3.3 / 3.4 Liter";61,58
WSM;007-635;"WSM 007-635 Complete Gasket Kit; Polaris 650 92-95";61,63
WSM;007-636;"WSM 007-636 Complete Gasket Kit; Polaris 750 93-95";61,63
WSM;007-643;"WSM 007-643 Complete Gasket Kit; Polaris 900 SL 96-97";61,63
WSM;007-620;"WSM 007-620 Complete Gasket Kit; Sea-Doo 580 92-96";61,63
WSM;007-621;"WSM 007-621 Complete Gasket Kit; Sea-Doo 650 93-95";61,63
WSM;007-623;"WSM 007-623 Complete Gasket Kit; Sea-Doo 720 96-05";61,63
WSM;PH110-BB14;"WSM PH110-BB14 Starter; Can-Am 70 / 90 DS 4-Stroke 08-22";61,63
WSM;PH110-HN04;"WSM PH110-HN04 Starter; Honda 250 / 300 ATC / TRX 87-00";61,63
WSM;PH110-HN07;"WSM PH110-HN07 Starter; Honda 250 ATC-SX / TRX 85-86";61,63
WSM;PH110-HN03;"WSM PH110-HN03 Starter; Honda 250 TRX 97-14";61,63
WSM;PH110-HN11;"WSM PH110-HN11 Starter; Honda 350 TRX 00-06";61,63
WSM;PH110-HN18;"WSM PH110-HN18 Starter; Honda 420 / 500 / 520 Pioneer / TRX 07-26";61,63
WSM;PH110-PL01;"WSM PH110-PL01 Starter; Polaris 250 - 400 90-06";61,63
WSM;PH110-PL09;"WSM PH110-PL09 Starter; Polaris 600 - 800 02-14";61,63
WSM;PH110-PL13;"WSM PH110-PL13 Starter; Polaris 90 Outlaw / Sportsman 07-14";61,63
WSM;PH110-SZ04;"WSM PH110-SZ04 Starter; Suzuki 250 / 300 LT 85-89";61,63
WSM;PH110-YA04;"WSM PH110-YA04 Starter; Yamaha 125 Breeze / Grizzly 89-13";61,63
WSM;PH125-YA21;"WSM PH125-YA21 Starter; Yamaha 125 TT-R 04-07";61,63
WSM;PH110-YA07;"WSM PH110-YA07 Starter; Yamaha 350 / 400 95-12";61,63
WSM;600-095;"WSM 600-095 Fuel Pump; Evinrude / Mercury / Tohatsu 4 - 30 Hp 4-Stroke 04-18";61,68
WSM;RSH-011-41;"WSM RSH-011-41 Sprocket, Rear; Honda 185 - 250";61,68
WSM;RSH-011-42;"WSM RSH-011-42 Sprocket, Rear; Honda 185 - 250";61,68
WSM;RSH-011-43;"WSM RSH-011-43 Sprocket, Rear; Honda 185 - 250";61,68
WSM;RSH-009-47;"WSM RSH-009-47 Sprocket, Rear; Honda 200 ATC 1983";61,68
WSM;RSH-009-49;"WSM RSH-009-49 Sprocket, Rear; Honda 200 ATC 84-85";61,68
WSM;25-140;"WSM 25-140 Full Gasket Kit; Honda 400 TRX-EX 99-04";61,96
WSM;600-120-03;"WSM 600-120-03 Fuel Pump Seal; Mercury Verado 135 - 200 Hp 4 Cyl 4-Stroke";61,98
WSM;010-810-04K;"WSM 010-810-04K Piston Kit; Kawasaki 650 86-96 .25mm Over";61,99
WSM;010-810-05K;"WSM 010-810-05K Piston Kit; Kawasaki 650 86-96 .5mm Over";61,99
WSM;010-810-06K;"WSM 010-810-06K Piston Kit; Kawasaki 650 86-96 .75mm Over";61,99
WSM;010-810-07K;"WSM 010-810-07K Piston Kit; Kawasaki 650 86-96 1mm Over";61,99
WSM;010-810K;"WSM 010-810K Piston Kit; Kawasaki 650 86-96 Standard";61,99
WSM;28-103C;"WSM 28-103C Head Gasket; Can-Am 650 DS 00-07";62,03
WSM;600-109K;"WSM 600-109K VST Service Kit; Yamaha 150 - 300 Hp";62,06
WSM;100-110-04K;"WSM 100-110-04K Piston Kit; Johnson / Evinrude V4 - V6 Cross Flow 74-97 .010 Over";62,1
WSM;100-110-05K;"WSM 100-110-05K Piston Kit; Johnson / Evinrude V4 - V6 Cross Flow 74-97 .020 Over";62,1
WSM;100-110-06K;"WSM 100-110-06K Piston Kit; Johnson / Evinrude V4 - V6 Cross Flow 74-97 .030 Over";62,1
WSM;100-110-07K;"WSM 100-110-07K Piston Kit; Johnson / Evinrude V4 - V6 Cross Flow 74-97 .040 Over";62,1
WSM;100-110K;"WSM 100-110K Piston Kit; Johnson / Evinrude V4 - V6 Cross Flow 74-97 Standard";62,1
WSM;26-103C;"WSM 26-103C Top End Gasket Kit; Arctic Cat 700 08-17";62,18
WSM;007-602;"WSM 007-602 Complete Gasket Kit; Yamaha 650 LX / WR III 91-93";62,29
WSM;365-1963;"WSM 365-1963 Rectifier / Regulator; Yamaha 9.9 / 15 Hp 4-Stroke 90-07";62,33
WSM;010-410;"WSM 010-410 Crankshaft Web; Kawasaki 650 87-96";62,44
WSM;010-420;"WSM 010-420 Crankshaft Web; Kawasaki 750 93-95";62,44
WSM;010-425;"WSM 010-425 Crankshaft Web; Yamaha 650 - 760 / 1100 / 1200 90-09";62,44
WSM;004-119-02;"WSM 004-119-02 D.E.S.S. Post; Sea-Doo 580 - 720 95-00";62,44
WSM;004-119-01;"WSM 004-119-01 D.E.S.S. Post; Sea-Doo 720 - 1503 96-14";62,44
WSM;004-119;"WSM 004-119 D.E.S.S. Post; Sea-Doo 800 / 1503 05-11 4 Wire";62,44
WSM;600-102K;"WSM 600-102K Fuel Pump Kit; Mercury / Mariner / Yamaha 25 - 60 Hp 4-Stroke";62,44
WSM;600-102;"WSM 600-102 Fuel Pump; Mercury / Mariner / Yamaha 25 - 60 Hp 4-Stroke";62,44
WSM;011-119;"WSM 011-119 Motor Mount; Polaris 800 Octane 02-04";62,44
WSM;100-104-04K;"WSM 100-104-04K Piston Kit; Johnson / Evinrude 60 - 75 Hp Looper 76-88 .010 Over";62,44
WSM;100-104-05K;"WSM 100-104-05K Piston Kit; Johnson / Evinrude 60 - 75 Hp Looper 76-88 .020 Over";62,44
WSM;100-104-06K;"WSM 100-104-06K Piston Kit; Johnson / Evinrude 60 - 75 Hp Looper 76-88 .030 Over";62,44
WSM;100-104-07K;"WSM 100-104-07K Piston Kit; Johnson / Evinrude 60 - 75 Hp Looper 76-88 .040 Over";62,44
WSM;100-104K;"WSM 100-104K Piston Kit; Johnson / Evinrude 60 - 75 Hp Looper 76-88 Standard";62,44
WSM;010-802-04K;"WSM 010-802-04K Piston Kit; Yamaha 650 90-96 .25mm Over";62,44
WSM;010-802-05K;"WSM 010-802-05K Piston Kit; Yamaha 650 90-96 .5mm Over";62,44
WSM;010-802-06K;"WSM 010-802-06K Piston Kit; Yamaha 650 90-96 .75mm Over";62,44
WSM;010-802-07K;"WSM 010-802-07K Piston Kit; Yamaha 650 90-96 1mm Over";62,44
WSM;010-802K;"WSM 010-802K Piston Kit; Yamaha 650 90-96 Standard";62,44
WSM;750-255-01;"WSM 750-255-01 Water Pump Kit Complete; Johnson / Evinrude 40 - 50 Hp";62,44
WSM;005-140;"WSM 005-140 Service Kit; Yamaha 1000 / 1100 4-Stroke 02-12";62,45
WSM;010-455;"WSM 010-455 Rotary Shaft; Sea-Doo 580 - 720 94-05";62,46
WSM;010-457;"WSM 010-457 Rotary Shaft; Sea-Doo 800 98-05";62,46
WSM;002-042-01;WSM 002-042-01 Steering Cable: Kawasaki 750 / 900 STS / STX 95-98;62,46
WSM;25-502-OS;"WSM 25-502-OS Complete Gasket Kit; Yamaha 350 Banshee 87-06";62,51
WSM;25-138;"WSM 25-138 Full Gasket Kit; Honda 400 Rancher AT 04-07";62,51
WSM;25-760;"WSM 25-760 Full Gasket Kit; Kawasaki / Suzuki 250 KX-F / RMZ 04-08";62,51
WSM;25-870;"WSM 25-870 Full Gasket Kit; KTM 450 - 525 00-07";62,51
WSM;25-866;"WSM 25-866 Full Gasket Kit; KTM 450 SMR / SX-F / XC-F 07-14";62,51
WSM;010-405;"WSM 010-405 Crankshaft Web; Tiger Shark 640 / 770 94-99";62,58
WSM;50-252-04K;"WSM 50-252-04K Piston Kit; Kawasaki 250 Bayou 03-11 .25mm Over";62,69
WSM;50-252-05K;"WSM 50-252-05K Piston Kit; Kawasaki 250 Bayou 03-11 .5mm Over";62,69
WSM;50-252-06K;"WSM 50-252-06K Piston Kit; Kawasaki 250 Bayou 03-11 .75mm Over";62,69
WSM;50-252-09K;"WSM 50-252-09K Piston Kit; Kawasaki 250 Bayou 03-11 1.5mm Over";62,69
WSM;50-252-07K;"WSM 50-252-07K Piston Kit; Kawasaki 250 Bayou 03-11 1mm Over";62,69
WSM;50-252K;"WSM 50-252K Piston Kit; Kawasaki 250 Bayou 03-11 Standard";62,69
WSM;010-292;"WSM 010-292 Upper Main Bearing; Johnson / Evinrude 40 - 75 Hp";62,69
WSM;56-500;"WSM 56-500 Oil Radiator; Polaris 900 / 1000 Ranger / Razor PRO XD 15-26";62,74
WSM;343-530;"WSM 343-530 Relay Assembly, Main Power; Mercury / Yamaha 30 - 115 Hp 4-Stroke 05-21";62,74
WSM;54-245-10P;"WSM 54-245-10P Top End Rebuild Kit; Kawasaki / Suzuki 50 78-07 Standard Platinum";62,74
WSM;002-044-01;WSM 002-044-01 Steering Cable: Kawasaki 750 SS / XI Sport 92-99;62,9
WSM;600-099;"WSM 600-099 Fuel Pump; Yamaha 30 - 75 Hp 4-Stroke 05-22";62,92
WSM;983-246;"WSM 983-246 Bearing Carrier Handle Wrench; Mercruiser Bravo 3";62,94
WSM;950-162;"WSM 950-162 Bearing Pusher; Sea-Doo 580 - 720";62,94
WSM;983-143;"WSM 983-143 Drive Shaft Nut Wrench; Yamaha 150 - 250 Hp 4 Stroke 2.8L / 4.2 Liter";62,94
WSM;012-910;"WSM 012-910 Hood Shock; Sea-Doo 1503 / 1630; 2009-2017";62,94
WSM;004-403WSM;"WSM 004-403WSM Maintenance Free Battery; STX14-BS";62,94
WSM;65-753;"WSM 65-753 Voltage Regulator; Suzuki 250 / 400 Ozark / Quadsport 02-14";62,94
WSM;750-155;"WSM 750-155 Water Pump Kit Complete; Force / Mercury / Mariner / Mercruiser 30 - 300 Hp";62,94
WSM;755-120;"WSM 755-120 Water Pump Kit Complete; Mercruiser Bravo";62,94
WSM;600-345;"WSM 600-345 Throttle Position Indicator; Mercury / Mariner 40 - 150 Hp";62,96
WSM;004-172;"WSM 004-172 Coil, Ignition; Sea-Doo 951 99-03";63,04
WSM;365-1930;"WSM 365-1930 Rectifier; Mercury / Mariner / Yamaha 8 - 70 Hp";63,13
WSM;29-526;"WSM 29-526 Top End Gasket Kit; Yamaha 660 Grizzly / Raptor / Rhino 01-08";63,18
WSM;25-1028;"WSM 25-1028 Full Gasket Kit; Yamaha 250 WR-F 03-13";63,25
WSM;25-1056;"WSM 25-1056 Full Gasket Kit; Yamaha 450 YZ-F 06-09";63,25
WSM;25-1057;"WSM 25-1057 Full Gasket Kit; Yamaha 450 YZ-F 10-13";63,25
WSM;100-15-04K;"WSM 100-15-04K Piston Kit; Mercury / Mariner 50 - 150 Hp Cross Flow 73-90 .010 Over";63,36
WSM;100-15-05K;"WSM 100-15-05K Piston Kit; Mercury / Mariner 50 - 150 Hp Cross Flow 73-90 .020 Over";63,36
WSM;100-15-06K;"WSM 100-15-06K Piston Kit; Mercury / Mariner 50 - 150 Hp Cross Flow 73-90 .030 Over";63,36
WSM;100-15-07K;"WSM 100-15-07K Piston Kit; Mercury / Mariner 50 - 150 Hp Cross Flow 73-90 .040 Over";63,36
WSM;100-15K;"WSM 100-15K Piston Kit; Mercury / Mariner 50 - 150 Hp Cross Flow 73-90 Standard";63,36
WSM;003-613;"WSM 003-613 Jet Pump Repair Kit; Kawasaki 1200 Ultra 150 04-05";63,66
WSM;003-614-03;"WSM 003-614-03 Jet Pump Repair Kit; Kawasaki 1500 STX-15F / SX-R / 160 15-26";63,7
WSM;365-1935;"WSM 365-1935 Rectifier / Regulator; Yamaha 50 / 60 Hp 4 Stroke 01-04";63,76
WSM;365-1940;"WSM 365-1940 Rectifier / Regulator; Yamaha 75 - 225 Hp 2-Stroke";63,76
WSM;365-1965;"WSM 365-1965 Rectifier / Regulator; Yamaha 15 / 20 Hp 4-Stroke 06-17";63,85
WSM;365-1962;"WSM 365-1962 Rectifier / Regulator; Yamaha 8 - 9.9 Hp 4-Stroke 01-17";63,85
WSM;006-594;"WSM 006-594 Air Filter; Yamaha 1000 / 1100 02-10";63,95
WSM;007-648;"WSM 007-648 Complete Gasket Kit; Polaris 800 Octane / Virage 02-04";63,95
WSM;007-620-02;"WSM 007-620-02 Complete Gasket Kit; Sea-Doo 580 89-91";63,95
WSM;007-624;"WSM 007-624 Complete Gasket Kit; Sea-Doo 800 95-99";63,95
WSM;100-103-04K;"WSM 100-103-04K Piston Kit; Johnson / Evinrude 18 - 35 Hp Cross Flow 81-05 .010 Over";63,95
WSM;100-103-05K;"WSM 100-103-05K Piston Kit; Johnson / Evinrude 18 - 35 Hp Cross Flow 81-05 .020 Over";63,95
WSM;100-103-06K;"WSM 100-103-06K Piston Kit; Johnson / Evinrude 18 - 35 Hp Cross Flow 81-05 .030 Over";63,95
WSM;100-103-07K;"WSM 100-103-07K Piston Kit; Johnson / Evinrude 18 - 35 Hp Cross Flow 81-05 .040 Over";63,95
WSM;100-103K;"WSM 100-103K Piston Kit; Johnson / Evinrude 18 - 35 Hp Cross Flow 81-05 Standard";63,95
WSM;100-285-04PK;"WSM 100-285-04PK Piston Kit; Yamaha 200 - 250 Hp 76 Degree Port .010 Over";63,95
WSM;100-285-05PK;"WSM 100-285-05PK Piston Kit; Yamaha 200 - 250 Hp 76 Degree Port .020 Over";63,95
WSM;100-285-06PK;"WSM 100-285-06PK Piston Kit; Yamaha 200 - 250 Hp 76 Degree Port .030 Over";63,95
WSM;100-285-07PK;"WSM 100-285-07PK Piston Kit; Yamaha 200 - 250 Hp 76 Degree Port .040 Over";63,95
WSM;100-285PK;"WSM 100-285PK Piston Kit; Yamaha 200 - 250 Hp 76 Degree Port Standard";63,95
WSM;100-285-04SK;"WSM 100-285-04SK Piston Kit; Yamaha 200 - 250 Hp 76 Degree Starboard .010 Over";63,95
WSM;100-285-05SK;"WSM 100-285-05SK Piston Kit; Yamaha 200 - 250 Hp 76 Degree Starboard .020 Over";63,95
WSM;100-285-06SK;"WSM 100-285-06SK Piston Kit; Yamaha 200 - 250 Hp 76 Degree Starboard .030 Over";63,95
WSM;100-285-07SK;"WSM 100-285-07SK Piston Kit; Yamaha 200 - 250 Hp 76 Degree Starboard .040 Over";63,95
WSM;100-285SK;"WSM 100-285SK Piston Kit; Yamaha 200 - 250 Hp 76 Degree Starboard Standard";63,95
WSM;29-148;"WSM 29-148 Top End Gasket Kit; Honda 450 TRX-R 06-14";64,01
WSM;003-110-05K;"WSM 003-110-05K Carbon Ring Kit; Sea-Doo 1503 / 1630 4-Tec 20-24";64,1
WSM;003-110-04K;"WSM 003-110-04K Carbon Ring Kit; Sea-Doo 1630 4-Tec RXP-X 300 18-20";64,1
WSM;362-100;"WSM 362-100 Ignition Switch; Johnson / Evinrude 9.9 / 15 / 40 - 65 / 150 / 250 Hp 99-15";64,15
WSM;88-419;"WSM 88-419 Clutch Kit, Complete; Arctic Cat / Kawasaki / Suzuki 400 00-15";64,2
WSM;88-118;"WSM 88-118 Clutch Kit, Complete; Honda 250 / 500 CR 90-01";64,2
WSM;88-120;"WSM 88-120 Clutch Kit, Complete; Honda 250 CR 94-07";64,2
WSM;88-218;"WSM 88-218 Clutch Kit, Complete; Kawasaki 250 KDX / KX 91-94";64,2
WSM;88-230;"WSM 88-230 Clutch Kit, Complete; Kawasaki 450 KX-F 12-19";64,2
WSM;88-232;"WSM 88-232 Clutch Kit, Complete; Kawasaki 500 KX 87-04";64,2
WSM;88-410;"WSM 88-410 Clutch Kit, Complete; Suzuki 250 RM / RMX 94-00";64,2
WSM;88-416;"WSM 88-416 Clutch Kit, Complete; Suzuki 250 RMZ 07-09";64,2
WSM;88-530;"WSM 88-530 Clutch Kit, Complete; Yamaha 250 YZ-F 08-13";64,2
WSM;007-619;"WSM 007-619 Complete Gasket Kit; Kawasaki 550 SX 91-95";64,2
WSM;007-628;"WSM 007-628 Complete Gasket Kit; Kawasaki 750 STS / STX 95-98";64,2
WSM;007-633;"WSM 007-633 Complete Gasket Kit; Kawasaki 750 XIR 1994";64,2
WSM;007-629;"WSM 007-629 Complete Gasket Kit; Kawasaki 750 ZXI 95-97";64,2
WSM;007-647-06;"WSM 007-647-06 Complete Gasket Kit; Polaris 1200 00-02 Fuel Injected";64,2
WSM;007-624-02;"WSM 007-624-02 Complete Gasket Kit; Sea-Doo 800 RFI 98-05";64,2
WSM;007-661;"WSM 007-661 Complete Gasket Kit; Tiger Shark 640 93-99";64,2
WSM;800-104;"WSM 800-104 Connecting Rod; Johnson / Evinrude 50 - 70 Hp Looper 86-01";64,2
WSM;017-313;"WSM 017-313 Engine Valve Kit; Yamaha 660 Grizzly / Raptor 01-08";64,2
WSM;600-091;"WSM 600-091 Fuel Pump; Mercury 200 - 225 Hp DFI W/DTS";64,2
WSM;446-146;"WSM 446-146 Lower Unit Seal Kit; Yamaha 115 - 225 Hp 2 / 4 Strokes";64,2
WSM;010-842-04K;"WSM 010-842-04K Piston Kit; Kawasaki 1100 DI 00-04 .25mm Over";64,2
WSM;010-842-05K;"WSM 010-842-05K Piston Kit; Kawasaki 1100 DI 00-04 .5mm Over";64,2
WSM;010-842-06K;"WSM 010-842-06K Piston Kit; Kawasaki 1100 DI 00-04 .75mm Over";64,2
WSM;010-842-07K;"WSM 010-842-07K Piston Kit; Kawasaki 1100 DI 00-04 1mm Over";64,2
WSM;010-842K;"WSM 010-842K Piston Kit; Kawasaki 1100 DI 00-04 Standard";64,2
WSM;010-841-04K;"WSM 010-841-04K Piston Kit; Kawasaki 1200 STX-R / Ultra 150 99-05 .25mm Over";64,2
WSM;010-841-05K;"WSM 010-841-05K Piston Kit; Kawasaki 1200 STX-R / Ultra 150 99-05 .5mm Over";64,2
WSM;010-841-06K;"WSM 010-841-06K Piston Kit; Kawasaki 1200 STX-R / Ultra 150 99-05 .75mm Over";64,2
WSM;010-841-07K;"WSM 010-841-07K Piston Kit; Kawasaki 1200 STX-R / Ultra 150 99-05 1mm Over";64,2
WSM;010-841K;"WSM 010-841K Piston Kit; Kawasaki 1200 STX-R / Ultra 150 99-05 Standard";64,2
WSM;010-821-04K;"WSM 010-821-04K Piston Kit; Kawasaki 750 / 1100 95-03 .25mm Over";64,2
WSM;010-821-05K;"WSM 010-821-05K Piston Kit; Kawasaki 750 / 1100 95-03 .5mm Over";64,2
WSM;010-821-06K;"WSM 010-821-06K Piston Kit; Kawasaki 750 / 1100 95-03 .75mm Over";64,2
WSM;010-821-07K;"WSM 010-821-07K Piston Kit; Kawasaki 750 / 1100 95-03 1mm Over";64,2
WSM;010-821K;"WSM 010-821K Piston Kit; Kawasaki 750 / 1100 95-03 Standard";64,2
WSM;010-820-04K;"WSM 010-820-04K Piston Kit; Kawasaki 750 92-95 .25mm Over";64,2
WSM;010-820-05K;"WSM 010-820-05K Piston Kit; Kawasaki 750 92-95 .5mm Over";64,2
WSM;010-820-06K;"WSM 010-820-06K Piston Kit; Kawasaki 750 92-95 .75mm Over";64,2
WSM;010-820-07K;"WSM 010-820-07K Piston Kit; Kawasaki 750 92-95 1mm Over";64,2
WSM;010-820K;"WSM 010-820K Piston Kit; Kawasaki 750 92-95 Standard";64,2
WSM;010-843-04K;"WSM 010-843-04K Piston Kit; Kawasaki 800 SX-R 03-11 .25mm Over";64,2
WSM;010-843-05K;"WSM 010-843-05K Piston Kit; Kawasaki 800 SX-R 03-11 .5mm Over";64,2
WSM;010-843-06K;"WSM 010-843-06K Piston Kit; Kawasaki 800 SX-R 03-11 .75mm Over";64,2
WSM;010-843K;"WSM 010-843K Piston Kit; Kawasaki 800 SX-R 03-11 Standard";64,2
WSM;010-840-04PK;"WSM 010-840-04PK Piston Kit; Kawasaki 900 STS / STX / ZXi 95-06 .25mm Over Platinum";64,2
WSM;010-840-05PK;"WSM 010-840-05PK Piston Kit; Kawasaki 900 STS / STX / ZXi 95-06 .5mm Over Platinum";64,2
WSM;010-840-06PK;"WSM 010-840-06PK Piston Kit; Kawasaki 900 STS / STX / ZXi 95-06 .75mm Over Platinum";64,2
WSM;010-840-07PK;"WSM 010-840-07PK Piston Kit; Kawasaki 900 STS / STX / ZXi 95-06 1mm Over Platinum";64,2
WSM;010-840PK;"WSM 010-840PK Piston Kit; Kawasaki 900 STS / STX / ZXi 95-06 Standard Platinum";64,2
WSM;010-830-04K;"WSM 010-830-04K Piston Kit; Polaris 750 SL / SLT 93-95 .25mm Over";64,2
WSM;010-830-05K;"WSM 010-830-05K Piston Kit; Polaris 750 SL / SLT 93-95 .5mm Over";64,2
WSM;010-830-06K;"WSM 010-830-06K Piston Kit; Polaris 750 SL / SLT 93-95 .75mm Over";64,2
WSM;010-830-07K;"WSM 010-830-07K Piston Kit; Polaris 750 SL / SLT 93-95 1mm Over";64,2
WSM;010-830K;"WSM 010-830K Piston Kit; Polaris 750 SL / SLT 93-95 Standard";64,2
WSM;010-834-04K;"WSM 010-834-04K Piston Kit; Polaris 780 SL / SLT / SLX 95-97 .25mm Over";64,2
WSM;010-834-05K;"WSM 010-834-05K Piston Kit; Polaris 780 SL / SLT / SLX 95-97 .5mm Over";64,2
WSM;010-834-06K;"WSM 010-834-06K Piston Kit; Polaris 780 SL / SLT / SLX 95-97 .75mm Over";64,2
WSM;010-834-07K;"WSM 010-834-07K Piston Kit; Polaris 780 SL / SLT / SLX 95-97 1mm Over";64,2
WSM;010-834K;"WSM 010-834K Piston Kit; Polaris 780 SL / SLT / SLX 95-97 Standard";64,2
WSM;010-835-04K;"WSM 010-835-04K Piston Kit; Polaris 800 / 1200 00-04 .25mm Over";64,2
WSM;010-835-05K;"WSM 010-835-05K Piston Kit; Polaris 800 / 1200 00-04 .5mm Over";64,2
WSM;010-835-06K;"WSM 010-835-06K Piston Kit; Polaris 800 / 1200 00-04 .75mm Over";64,2
WSM;010-835-07K;"WSM 010-835-07K Piston Kit; Polaris 800 / 1200 00-04 1mm Over";64,2
WSM;010-835K;"WSM 010-835K Piston Kit; Polaris 800 / 1200 00-04 Standard";64,2
WSM;010-816-04PK;"WSM 010-816-04PK Piston Kit; Sea-Doo 650 93-96 .25mm Over Platinum";64,2
WSM;010-816-05PK;"WSM 010-816-05PK Piston Kit; Sea-Doo 650 93-96 .5mm Over Platinum";64,2
WSM;010-816-06PK;"WSM 010-816-06PK Piston Kit; Sea-Doo 650 93-96 .75mm Over Platinum";64,2
WSM;010-816-07PK;"WSM 010-816-07PK Piston Kit; Sea-Doo 650 93-96 1mm Over Platinum";64,2
WSM;010-816PK;"WSM 010-816PK Piston Kit; Sea-Doo 650 93-96 Standard Platinum";64,2
WSM;010-817-04K;"WSM 010-817-04K Piston Kit; Sea-Doo 720 95-03 .25mm Over";64,2
WSM;010-817-05K;"WSM 010-817-05K Piston Kit; Sea-Doo 720 95-03 .5mm Over";64,2
WSM;010-817-06K;"WSM 010-817-06K Piston Kit; Sea-Doo 720 95-03 .75mm Over";64,2
WSM;010-817-07K;"WSM 010-817-07K Piston Kit; Sea-Doo 720 95-03 1mm Over";64,2
WSM;010-817K;"WSM 010-817K Piston Kit; Sea-Doo 720 95-03 Standard";64,2
WSM;010-818-04K;"WSM 010-818-04K Piston Kit; Sea-Doo 800 95-03 .25mm Over";64,2
WSM;010-818-05K;"WSM 010-818-05K Piston Kit; Sea-Doo 800 95-03 .5mm Over";64,2
WSM;010-818-06K;"WSM 010-818-06K Piston Kit; Sea-Doo 800 95-03 .75mm Over";64,2
WSM;010-818-07K;"WSM 010-818-07K Piston Kit; Sea-Doo 800 95-03 1mm Over";64,2
WSM;010-818K;"WSM 010-818K Piston Kit; Sea-Doo 800 95-03 Standard";64,2
WSM;010-850-04K;"WSM 010-850-04K Piston Kit; Tiger Shark 640 94-99 .25mm Over";64,2
WSM;010-850-05K;"WSM 010-850-05K Piston Kit; Tiger Shark 640 94-99 .5mm Over";64,2
WSM;010-850-06K;"WSM 010-850-06K Piston Kit; Tiger Shark 640 94-99 .75mm Over";64,2
WSM;010-850-07K;"WSM 010-850-07K Piston Kit; Tiger Shark 640 94-99 1mm Over";64,2
WSM;010-850K;"WSM 010-850K Piston Kit; Tiger Shark 640 94-99 Standard";64,2
WSM;010-851-04K;"WSM 010-851-04K Piston Kit; Tiger Shark 770 96-99 .25mm Over";64,2
WSM;010-851-05K;"WSM 010-851-05K Piston Kit; Tiger Shark 770 96-99 .5mm Over";64,2
WSM;010-851-07K;"WSM 010-851-07K Piston Kit; Tiger Shark 770 96-99 1mm Over";64,2
WSM;010-851K;"WSM 010-851K Piston Kit; Tiger Shark 770 96-99 Standard";64,2
WSM;010-827-04PK;"WSM 010-827-04PK Piston Kit; Yamaha 700 / 1100 94-04 .25mm Over Platinum";64,2
WSM;010-827-05PK;"WSM 010-827-05PK Piston Kit; Yamaha 700 / 1100 94-04 .5mm Over Platinum";64,2
WSM;010-827-06PK;"WSM 010-827-06PK Piston Kit; Yamaha 700 / 1100 94-04 .75mm Over Platinum";64,2
WSM;010-827-07PK;"WSM 010-827-07PK Piston Kit; Yamaha 700 / 1100 94-04 1mm Over Platinum";64,2
WSM;010-827PK;"WSM 010-827PK Piston Kit; Yamaha 700 / 1100 94-04 Standard Platinum";64,2
WSM;010-825-04K;"WSM 010-825-04K Piston Kit; Yamaha 700 93-20 .25mm Over";64,2
WSM;010-825-05K;"WSM 010-825-05K Piston Kit; Yamaha 700 93-20 .5mm Over";64,2
WSM;010-825-06K;"WSM 010-825-06K Piston Kit; Yamaha 700 93-20 .75mm Over";64,2
WSM;010-825-07K;"WSM 010-825-07K Piston Kit; Yamaha 700 93-20 1mm Over";64,2
WSM;010-825K;"WSM 010-825K Piston Kit; Yamaha 700 93-20 Standard";64,2
WSM;010-826-04K;"WSM 010-826-04K Piston Kit; Yamaha 760 / 1200 96-05 .25mm Over";64,2
WSM;010-826-05K;"WSM 010-826-05K Piston Kit; Yamaha 760 / 1200 96-05 .5mm Over";64,2
WSM;010-826-06K;"WSM 010-826-06K Piston Kit; Yamaha 760 / 1200 96-05 .75mm Over";64,2
WSM;010-826-07K;"WSM 010-826-07K Piston Kit; Yamaha 760 / 1200 96-05 1mm Over";64,2
WSM;010-826K;"WSM 010-826K Piston Kit; Yamaha 760 / 1200 96-05 Standard";64,2
WSM;002-034-05;WSM 002-034-05 Throttle Cable: Kawasaki 1200 / 1500 03-22;64,2
WSM;002-055-10;WSM 002-055-10 Throttle Cable: Yamaha 1000 / 1100 FX 04-05;64,2
WSM;007-641-01;"WSM 007-641-01 Top End Gasket Kit; Kawasaki 1100 96-04";64,2
WSM;007-649-01;"WSM 007-649-01 Top End Gasket Kit; Polaris 1200 MSX 140 03-04";64,2
WSM;007-624-06;"WSM 007-624-06 Top End Gasket Kit; Sea-Doo 951 97-02";64,2
WSM;007-625-01;"WSM 007-625-01 Top End Gasket Kit; Sea-Doo 951 DI 00-03";64,2
WSM;54-205-11;"WSM 54-205-11 Top End Rebuild Kit; Honda 250 TRX-R 1986 .25mm Over";64,2
WSM;54-205-13;"WSM 54-205-13 Top End Rebuild Kit; Honda 250 TRX-R 1986 .75mm Over";64,2
WSM;725-312;"WSM 725-312 Water Pump Service Kit; Johnson / Evinrude 2.7 & 3.4 Liter G2";64,2
WSM;725-436;"WSM 725-436 Water Pump Service Kit; Yamaha 200 - 300 Hp HPDI";64,21
WSM;PH375-0048;"WSM PH375-0048 Starter Solenoid; Johnson / Nissan / Tohatsu / Yamaha /Suzuki 9.9 - 225 Hp 91-22";64,22
WSM;PH375-0047;"WSM PH375-0047 Trim Solenoid; J / E/Mercury/Suzuki/Nissan/Tohatsu/Yamaha 15-225 HP 85-18
Yamaha 15 - 225 Hp 85-18";64,22
WSM;004-201-01;"WSM 004-201-01 Armature / Stator Coil; Sea-Doo 951 DI 00-03";64,25
WSM;88-122;"WSM 88-122 Clutch Kit, Complete; Honda 250 CRF-R / X 04-17";64,25
WSM;88-126;"WSM 88-126 Clutch Kit, Complete; Honda 250 CRF-R 04-07";64,25
WSM;88-306;"WSM 88-306 Clutch Kit, Complete; KTM 125 98-15";64,25
WSM;88-310;"WSM 88-310 Clutch Kit, Complete; KTM 150 / 200 09-21";64,25
WSM;88-406;"WSM 88-406 Clutch Kit, Complete; Suzuki 125 RM 93-98";64,25
WSM;87-704;"WSM 87-704 Clutch Kit, Complete; Yamaha 350 Banshee 87-06";64,25
WSM;017-403;"WSM 017-403 Engine Valve Kit; Polaris 450 / 570 / 850 11-25";64,25
WSM;50-222-06K;"WSM 50-222-06K Piston Kit; Honda 200 ATC-X / TRX 83-96 .75mm Over";64,61
WSM;004-260;"WSM 004-260 Thermostat; Yamaha 1050 / 1100 / 1800 / 1900 06-26";64,66
WSM;50-530-04PK;"WSM 50-530-04PK Piston Kit; Yamaha 200 Blaster 88-06 .25mm Over Platinum";64,72
WSM;50-530-05PK;"WSM 50-530-05PK Piston Kit; Yamaha 200 Blaster 88-06 .5mm Over Platinum";64,72
WSM;50-530-06PK;"WSM 50-530-06PK Piston Kit; Yamaha 200 Blaster 88-06 .75mm Over Platinum";64,72
WSM;50-530-07PK;"WSM 50-530-07PK Piston Kit; Yamaha 200 Blaster 88-06 1mm Over Platinum";64,72
WSM;50-530PK;"WSM 50-530PK Piston Kit; Yamaha 200 Blaster 88-06 Standard Platinum";64,72
WSM;26-194C;"WSM 26-194C Top End Gasket Kit; Honda 680 / 700 TRX / Big Red / Pioneer 06-20";64,8
WSM;25-140-OS;"WSM 25-140-OS Complete Gasket Kit; Honda 400 TRX-EX 99-04";64,96
WSM;002-097-02;WSM 002-097-02 Throttle Cable: Kawasaki 1100 Ultra 130 01-02;64,97
WSM;1000-BP2000;"WSM 1000-BP2000 Bilge Pump; 2000 GPH";65,42
WSM;003-239;"WSM 003-239 Coupler; Sea-Doo 720 / 800 95-97";65,42
WSM;500-103;"WSM 500-103 Gasket Kit, Powerhead; Chrysler / Force 40 / 50 Hp";65,42
WSM;376-0615;"WSM 376-0615 Ignition Coil; Mercury 75 - 350 Hp Verado";65,42
WSM;005-155;"WSM 005-155 Service Kit; Yamaha 1800 SVHO 4-Stroke 14-19";65,44
WSM;57-215AK;"WSM 57-215AK Piston Kit; KTM / Husqvarna / Gas Gas 125 SX / TC / MC 07-26";65,46
WSM;57-215BK;"WSM 57-215BK Piston Kit; KTM / Husqvarna / Gas Gas 125 SX / TC / MC 07-26";65,46
WSM;PH100-KW01-R;"WSM PH100-KW01-R Starter; Kawasaki 650 - 1100 86-11";65,48
WSM;PH100-PL01-R;"WSM PH100-PL01-R Starter; Polaris 650 - 785 92-98";65,48
WSM;PH100-PL02-R;"WSM PH100-PL02-R Starter; Polaris 700 - 1200 96-04";65,48
WSM;PH100-SD05-R;"WSM PH100-SD05-R Starter; Sea-Doo 951 98-07";65,48
WSM;PH100-YA02-R;"WSM PH100-YA02-R Starter; Yamaha 800 - 1300 95-14";65,48
WSM;100-120-05K;"WSM 100-120-05K Piston Kit; Johnson / Evinrude 50 - 70 Hp Looper 86-01 .020 Over";65,51
WSM;100-120-04K;"WSM 100-120-04K Piston Kit; Johnson / Evinrude 50 - 70 Hp Looper 87-01 .010 Over";65,51
WSM;100-120-06K;"WSM 100-120-06K Piston Kit; Johnson / Evinrude 50 - 70 Hp Looper 87-01 .030 Over";65,51
WSM;100-120-07K;"WSM 100-120-07K Piston Kit; Johnson / Evinrude 50 - 70 Hp Looper 87-01 .040 Over";65,51
WSM;100-120K;"WSM 100-120K Piston Kit; Johnson / Evinrude 50 - 70 Hp Looper 87-01 Standard";65,51
WSM;100-270-04PPK;"WSM 100-270-04PPK Piston Kit; Yamaha 115 - 225 Hp 84-92 Port .010 Over Platinum";65,54
WSM;100-270-05PPK;"WSM 100-270-05PPK Piston Kit; Yamaha 115 - 225 Hp 84-92 Port .020 Over Platinum";65,54
WSM;100-270-06PPK;"WSM 100-270-06PPK Piston Kit; Yamaha 115 - 225 Hp 84-92 Port .030 Over Platinum";65,54
WSM;100-270-07PPK;"WSM 100-270-07PPK Piston Kit; Yamaha 115 - 225 Hp 84-92 Port .040 Over Platinum";65,54
WSM;100-270PPK;"WSM 100-270PPK Piston Kit; Yamaha 115 - 225 Hp 84-92 Port Standard Platinum";65,54
WSM;100-270-04SPK;"WSM 100-270-04SPK Piston Kit; Yamaha 115 - 225 Hp 84-92 Starboard .010 Over Platinum";65,54
WSM;100-270-05SPK;"WSM 100-270-05SPK Piston Kit; Yamaha 115 - 225 Hp 84-92 Starboard .020 Over Platinum";65,54
WSM;100-270-06SPK;"WSM 100-270-06SPK Piston Kit; Yamaha 115 - 225 Hp 84-92 Starboard .030 Over Platinum";65,54
WSM;100-270-07SPK;"WSM 100-270-07SPK Piston Kit; Yamaha 115 - 225 Hp 84-92 Starboard .040 Over Platinum";65,54
WSM;100-270SPK;"WSM 100-270SPK Piston Kit; Yamaha 115 - 225 Hp 84-92 Starboard Standard Platinum";65,54
WSM;010-1332-01;"WSM 010-1332-01 Cylinder Sleeve; Polaris 1050 96-02";65,57
WSM;010-1331;"WSM 010-1331 Cylinder Sleeve; Polaris 650 SL 92-95";65,57
WSM;010-1330;"WSM 010-1330 Cylinder Sleeve; Polaris 750 SL / SLT 93-95";65,57
WSM;010-1334;"WSM 010-1334 Cylinder Sleeve; Polaris 780 95-97";65,57
WSM;010-1333;"WSM 010-1333 Cylinder Sleeve; Polaris 900 SL 96-97";65,57
WSM;010-1315;"WSM 010-1315 Cylinder Sleeve; Sea-Doo 580 89-96";65,57
WSM;010-1317;"WSM 010-1317 Cylinder Sleeve; Sea-Doo 720 95-03";65,57
WSM;010-1318-02;"WSM 010-1318-02 Cylinder Sleeve; Sea-Doo 800 RFI 04-05";65,57
WSM;50-300-04PK;"WSM 50-300-04PK Piston Kit; Polaris 250 86-06 .25mm Over Platinum";65,57
WSM;50-300-05PK;"WSM 50-300-05PK Piston Kit; Polaris 250 86-06 .5mm Over Platinum";65,57
WSM;50-300-06PK;"WSM 50-300-06PK Piston Kit; Polaris 250 86-06 .75mm Over Platinum";65,57
WSM;50-300-07PK;"WSM 50-300-07PK Piston Kit; Polaris 250 86-06 1mm Over";65,57
WSM;50-300PK;"WSM 50-300PK Piston Kit; Polaris 250 86-06 Standard Platinum";65,57
WSM;003-625-01;"WSM 003-625-01 Bearing Housing Repair Kit; Yamaha 1800 / 1900 08-26";65,6
WSM;007-593-12;"WSM 007-593-12 Head Gasket; Yamaha 1050 16-26";65,6
WSM;002-214;"WSM 002-214 Throttle Cable; Yamaha 1800 / 1900 190 / 195 FSH 16-26";65,6
WSM;725-434;"WSM 725-434 Water Pump Service Kit; Yamaha 115 Hp 4-Stroke 02-25";65,6
WSM;502-120;"WSM 502-120 Gasket Set, Lower Conversion; 5.0 / 5.7L 305 / 350 CI.";65,66
WSM;PH500-M073;"WSM PH500-M073 Fuel Pump; Mercury / Mariner / Yamaha 25 - 60 Hp 4-Stroke";65,68
WSM;003-110-02K;"WSM 003-110-02K Carbon Ring Kit; Sea-Doo 1503 / 1630 4-Tec 04-17";65,94
WSM;003-110-07K;"WSM 003-110-07K Carbon Ring Kit; Sea-Doo 900 Spark 21-26";65,94
WSM;011-101;"WSM 011-101 Motor Mount; Honda 1500 Aquatrax 08-09";65,94
WSM;778-105;"WSM 778-105 Sensor,Temperature; Mercury / Mariner 65 / 225 Hp";66,05
WSM;010-266;"WSM 010-266 Center Main Bearing; Mercury / Mariner 15 - 25 Hp";66,23
WSM;500-135;"WSM 500-135 Gasket Kit, Powerhead; Johnson / Evinrude 60 - 75 Hp 3 Cyl";66,24
WSM;26-382C;"WSM 26-382C Top End Gasket Kit; Yamaha 660 Raptor / Rhino 01-07";66,24
WSM;446-125;"WSM 446-125 Lower Unit Seal Kit; Mercury / Mariner 35 - 70 Hp Cross Flow 78-97";66,52
WSM;88-520;"WSM 88-520 Clutch Kit, Complete; Yamaha 250 WR / YZ 93-99";66,77
WSM;88-526;"WSM 88-526 Clutch Kit, Complete; Yamaha 250 YZ 00-01";66,77
WSM;87-804;"WSM 87-804 Clutch Kit, Complete; Yamaha 450 / 700 04-07";66,77
WSM;007-634;"WSM 007-634 Complete Gasket Kit; Kawasaki 750 92-99";66,77
WSM;007-632;"WSM 007-632 Complete Gasket Kit; Kawasaki 750 STS 1995";66,77
WSM;007-631;"WSM 007-631 Complete Gasket Kit; Kawasaki 750 SX / SXI 92-02";66,77
WSM;007-630;"WSM 007-630 Complete Gasket Kit; Kawasaki 750 SX 92-95";66,77
WSM;007-644;"WSM 007-644 Complete Gasket Kit; Polaris 1050 97-99";66,77
WSM;007-647;"WSM 007-647 Complete Gasket Kit; Polaris 1200 99-00 Carb";66,77
WSM;006-592;"WSM 006-592 Air Filter; Yamaha 1100 V1 / VX 05-15";66,92
WSM;100-100-04K;"WSM 100-100-04K Piston Kit; Johnson / Evinrude 28 - 60 Hp 2 Cylinder 80-05 .010 Over";66,92
WSM;100-100-05K;"WSM 100-100-05K Piston Kit; Johnson / Evinrude 28 - 60 Hp 2 Cylinder 80-05 .020 Over";66,92
WSM;100-100-06K;"WSM 100-100-06K Piston Kit; Johnson / Evinrude 28 - 60 Hp 2 Cylinder 80-05 .030 Over";66,92
WSM;100-100-07K;"WSM 100-100-07K Piston Kit; Johnson / Evinrude 28 - 60 Hp 2 Cylinder 80-05 .040 Over";66,92
WSM;100-100K;"WSM 100-100K Piston Kit; Johnson / Evinrude 28 - 60 Hp 2 Cylinder 80-05 Standard";66,92
WSM;010-801-04K;"WSM 010-801-04K Piston Kit; Yamaha 500 89-93 .25mm Over";66,92
WSM;010-801-05K;"WSM 010-801-05K Piston Kit; Yamaha 500 89-93 .5mm Over";66,92
WSM;010-801-06K;"WSM 010-801-06K Piston Kit; Yamaha 500 89-93 .75mm Over";66,92
WSM;010-801-07K;"WSM 010-801-07K Piston Kit; Yamaha 500 89-93 1mm Over";66,92
WSM;010-801K;"WSM 010-801K Piston Kit; Yamaha 500 89-93 Standard";66,92
WSM;005-132;"WSM 005-132 Service Kit; Sea-Doo 1630 300 Hp 19-26";66,92
WSM;005-150;"WSM 005-150 Service Kit; Yamaha 1800 4-Stroke 08-23";66,92
WSM;005-160;"WSM 005-160 Service Kit; Yamaha 1900 4-Stroke Jet Boat 24-26";66,92
WSM;983-403-01;"WSM 983-403-01 Tilt / Trim Wrench; Johnson / Evinrude";66,92
WSM;983-401;"WSM 983-401 Tilt / Trim Wrench; Mercruiser";66,92
WSM;983-404;"WSM 983-404 Tilt / Trim Wrench; Mercury";66,92
WSM;983-405;"WSM 983-405 Tilt / Trim Wrench; Mercury";66,92
WSM;983-403;"WSM 983-403 Tilt / Trim Wrench; OMC / Yamaha";66,92
WSM;983-407;"WSM 983-407 Tilt / Trim Wrench; Yamaha";66,92
WSM;983-406;"WSM 983-406 Tilt / Trim Wrench; Yamaha 200 - 300 Hp";66,92
WSM;25-207-01;"WSM 25-207-01 Full Gasket Kit; Kawasaki 300 Bayou 4x4 99-02";66,97
WSM;502-110;"WSM 502-110 Gasket Set, Lower Conversion; 4.3L 262 CI.";66,97
WSM;990-250;"WSM 990-250 Heavy Duty Chain Breaker Kit; 10 Piece";66,97
WSM;50-312-04K;"WSM 50-312-04K Piston Kit; Polaris 450 - 570 Ranger / RZR / Sportsman / Pro XD 12-26 .25mm";66,97
WSM;50-312-05K;"WSM 50-312-05K Piston Kit; Polaris 450 - 570 Ranger / RZR / Sportsman / Pro XD 12-26 .5mm Over";66,97
WSM;50-312-07K;"WSM 50-312-07K Piston Kit; Polaris 450 - 570 Ranger / RZR / Sportsman / Pro XD 12-26 1mm Over";66,97
WSM;50-312K;"WSM 50-312K Piston Kit; Polaris 450 - 570 Ranger / RZR / Sportsman / Pro XD 12-26 Standard";66,97
WSM;100-255-04K;"WSM 100-255-04K Piston Kit; Yamaha 60 / 70 Hp 3 Cylinder 84-17 .010 Over";66,98
WSM;100-255-05K;"WSM 100-255-05K Piston Kit; Yamaha 60 / 70 Hp 3 Cylinder 84-17 .020 Over";66,98
WSM;100-255-06K;"WSM 100-255-06K Piston Kit; Yamaha 60 / 70 Hp 3 Cylinder 84-17 .030 Over";66,98
WSM;100-255-07K;"WSM 100-255-07K Piston Kit; Yamaha 60 / 70 Hp 3 Cylinder 84-17 .040 Over";66,98
WSM;100-255K;"WSM 100-255K Piston Kit; Yamaha 60 / 70 Hp 3 Cylinder 84-17 Standard";66,98
WSM;PH125-UN12;"WSM PH125-UN12 Starter; Yamaha 50 Zuma 97-01";67,07
WSM;002-211;"WSM 002-211 Throttle Cable; Yamaha 1000 / 1100 04-09";67,07
WSM;002-213;"WSM 002-213 Throttle Cable; Yamaha 1050 / 1100 / 1800 / 1900 07-26";67,07
WSM;29-427;"WSM 29-427 Top End Gasket Kit; Suzuki 500 King Quad 08-14";67,09
WSM;29-222;"WSM 29-222 Top End Gasket Kit; Kawasaki 800 Teryx 14-25";67,12
WSM;54-222-11;"WSM 54-222-11 Top End Rebuild Kit; Honda 200 ATC-X / TRX 83-95 .25mm Over";67,12
WSM;54-222-12;"WSM 54-222-12 Top End Rebuild Kit; Honda 200 ATC-X / TRX 83-95 .5mm Over";67,12
WSM;54-222-13;"WSM 54-222-13 Top End Rebuild Kit; Honda 200 ATC-X / TRX 83-95 .75mm Over";67,12
WSM;54-222-14;"WSM 54-222-14 Top End Rebuild Kit; Honda 200 ATC-X / TRX 83-95 1mm Over";67,12
WSM;54-222-10;"WSM 54-222-10 Top End Rebuild Kit; Honda 200 ATC-X / TRX 83-95 Standard";67,12
WSM;54-249-11P;"WSM 54-249-11P Top End Rebuild Kit; Kawasaki / Suzuki 80 KFX / LT 87-06 .25mm Over Platinum";67,12
WSM;54-249-12P;"WSM 54-249-12P Top End Rebuild Kit; Kawasaki / Suzuki 80 KFX / LT 87-06 .5mm Over Platinum";67,12
WSM;54-249-13P;"WSM 54-249-13P Top End Rebuild Kit; Kawasaki / Suzuki 80 KFX / LT 87-06 .75mm Over Platinum";67,12
WSM;54-249-14P;"WSM 54-249-14P Top End Rebuild Kit; Kawasaki / Suzuki 80 KFX / LT 87-06 1mm Over Platinum";67,12
WSM;54-249-10P;"WSM 54-249-10P Top End Rebuild Kit; Kawasaki / Suzuki 80 KFX / LT 87-06 Standard Platinum";67,12
WSM;003-129;"WSM 003-129 PTO End; Sea-Doo 951 98-06";67,13
WSM;25-310;"WSM 25-310 Full Gasket Kit; Polaris 500 96-14";67,16
WSM;900-100;"WSM 900-100 Cable,Top Latch Cowling; Mercury / Mariner Verado 200 - 400 Hp";67,21
WSM;55-520;"WSM 55-520 Crankshaft Web; Yamaha 350 Banshee 87-06";67,39
WSM;50-520-04PK;"WSM 50-520-04PK Piston Kit; Yamaha 350 Banshee 87-06 .25mm Over Platinum";67,42
WSM;50-520-05PK;"WSM 50-520-05PK Piston Kit; Yamaha 350 Banshee 87-06 .5mm Over Platinum";67,42
WSM;50-520-06PK;"WSM 50-520-06PK Piston Kit; Yamaha 350 Banshee 87-06 .75mm Over Platinum";67,42
WSM;50-520-07PK;"WSM 50-520-07PK Piston Kit; Yamaha 350 Banshee 87-06 1mm Over Platinum";67,42
WSM;50-520PK;"WSM 50-520PK Piston Kit; Yamaha 350 Banshee 87-06 Standard Platinum";67,42
WSM;002-034-08;WSM 002-034-08 Throttle Cable: Kawasaki 1500 SXR 17-24;67,42
WSM;002-260;"WSM 002-260 Throttle Cable; Sea-Doo 2500 / 3000 00-05";67,42
WSM;65-857;"WSM 65-857 Voltage Regulator; Arctic Cat / Honda / Kawasaki / Polaris / Yamaha 150 - 1000 07-26";67,42
WSM;65-699;"WSM 65-699 Voltage Regulator; Honda 125 TRX 85-88";67,42
WSM;65-702;"WSM 65-702 Voltage Regulator; Honda 200 TRX-SX 86-88";67,42
WSM;65-705;"WSM 65-705 Voltage Regulator; Honda 300 TRX-EX 93-04";67,42
WSM;65-745;"WSM 65-745 Voltage Regulator; Kawasaki / Suzuki 500 - 750 Brute Force / LT 00-08";67,42
WSM;65-727;"WSM 65-727 Voltage Regulator; Polaris 400 / 500 03-04";67,42
WSM;65-750;"WSM 65-750 Voltage Regulator; Suzuki 400 / 450 LT 06-14";67,42
WSM;65-870;"WSM 65-870 Voltage Regulator; Yamaha 350 Warrior / Wolverine 02-05";67,42
WSM;65-872;"WSM 65-872 Voltage Regulator; Yamaha 450 YFZ 04-09";67,42
WSM;PH105-D001;"WSM PH105-D001 Starter Drive; Kawasaki / Polaris / Sea-Doo / Yamaha 650 - 1300 87-20";67,48
WSM;PH105-D007;"WSM PH105-D007 Starter Drive; Sea-Doo 1503 / 1630 02-26";67,48
WSM;779-154;"WSM 779-154 Sensor, Throttle Position; OMC / Volvo 5.0 / 5.8L With EFI";67,85
WSM;004-157;"WSM 004-157 Coil, Ignition; Yamaha 650 / 700 90-20";67,96
WSM;370-270;"WSM 370-270 Ignition Module; Crusader / Mercruiser / OMC / Volvo 4 - 8 Cylinder";67,96
WSM;004-109;"WSM 004-109 Neutral Safety Switch; Yamaha 1000 - 1200 96-05";67,97
WSM;582-306K;"WSM 582-306K Gasket Set, Intake; Mercruiser / OMC / Volvo 4.3L V6 262 CI.";67,98
WSM;59-210-10A;"WSM 59-210-10A Top End Rebuild Kit; KTM 85 03-17 A Piston";67,98
WSM;59-210-10B;"WSM 59-210-10B Top End Rebuild Kit; KTM 85 03-17 B Piston";67,98
WSM;100-265-04K;"WSM 100-265-04K Piston Kit; Yamaha 48 - 90 Hp 84-09 .010 Over";68
WSM;100-265-05K;"WSM 100-265-05K Piston Kit; Yamaha 48 - 90 Hp 84-09 .020 Over";68
WSM;100-265-06K;"WSM 100-265-06K Piston Kit; Yamaha 48 - 90 Hp 84-09 .030 Over";68
WSM;100-265-07K;"WSM 100-265-07K Piston Kit; Yamaha 48 - 90 Hp 84-09 .040 Over";68
WSM;100-265K;"WSM 100-265K Piston Kit; Yamaha 48 - 90 Hp 84-09 Standard";68
WSM;778-250;"WSM 778-250 Sensor, Cam Position; Crusader / Mercuriser 8.1 Liter";68,03
WSM;600-285;"WSM 600-285 Fuel Filter; Yamaha 150 - 300 Hp HPDI 00-14";68,04
WSM;88-128;"WSM 88-128 Clutch Kit, Complete; Honda 250 CRF-R 10-17";68,05
WSM;88-136;"WSM 88-136 Clutch Kit, Complete; Honda 450 CRF-R / X 04-17";68,05
WSM;88-138;"WSM 88-138 Clutch Kit, Complete; Honda 450 CRF-R 02-03";68,05
WSM;88-140;"WSM 88-140 Clutch Kit, Complete; Honda 450 CRF-R 09-10";68,05
WSM;88-142;"WSM 88-142 Clutch Kit, Complete; Honda 450 CRF-R 11-13";68,05
WSM;88-144;"WSM 88-144 Clutch Kit, Complete; Honda 450 CRF-R 13-16";68,05
WSM;88-146;"WSM 88-146 Clutch Kit, Complete; Honda 450 CRF-R 14-15";68,05
WSM;88-308;"WSM 88-308 Clutch Kit, Complete; KTM 125 EXC / SX 08-15";68,05
WSM;88-314;"WSM 88-314 Clutch Kit, Complete; KTM 250 EXC-F / SX-F / XC-F 05-15";68,05
WSM;88-408;"WSM 88-408 Clutch Kit, Complete; Suzuki 125 RM 99-01";68,05
WSM;88-528;"WSM 88-528 Clutch Kit, Complete; Yamaha 250 YZ 02-21";68,05
WSM;750-436;"WSM 750-436 Water Pump Kit Complete; Yamaha 200 - 300 Hp HPDI";68,15
WSM;003-120;"WSM 003-120 Seal Carrier Repair Kit; Sea-Doo 720 - 951 95-07";68,27
WSM;500-415;"WSM 500-415 Gasket Kit, Powerhead; Nissan / Tohatsu 25 / 30 Hp 2 Cyl 96-05";68,28
WSM;010-539;"WSM 010-539 Connecting Rod Kit; Polaris 800 Octane / Virage 00-04";68,39
WSM;25-204;"WSM 25-204 Full Gasket Kit; Kawasaki 300 Prairie 99-02";68,39
WSM;500-100;"WSM 500-100 Gasket Kit, Powerhead; Chrysler / Force 45 - 55 Hp";68,39
WSM;100-205-04K;"WSM 100-205-04K Piston Kit; Chrysler / Force 40 - 150 Hp 77-95 .010 Over";68,39
WSM;100-205-05K;"WSM 100-205-05K Piston Kit; Chrysler / Force 40 - 150 Hp 77-95 .020 Over";68,39
WSM;100-205-06K;"WSM 100-205-06K Piston Kit; Chrysler / Force 40 - 150 Hp 77-95 .030 Over";68,39
WSM;100-205-07K;"WSM 100-205-07K Piston Kit; Chrysler / Force 40 - 150 Hp 77-95 .040 Over";68,39
WSM;100-205K;"WSM 100-205K Piston Kit; Chrysler / Force 40 - 150 Hp 77-95 Standard";68,39
WSM;007-663-01;"WSM 007-663-01 Top End Gasket Kit; Tiger Shark 770 96-99";68,39
WSM;446-150;"WSM 446-150 Lower Unit Seal Kit; Yamaha 200 - 250 Hp 76 Degree V6 97-05";68,4
WSM;25-114;"WSM 25-114 Full Gasket Kit; Honda 350 ATC-X 85-86";68,48
WSM;25-512;"WSM 25-512 Full Gasket Kit; Yamaha 350 Big Bear / Warrior / YFM 87-92";68,48
WSM;25-522;"WSM 25-522 Full Gasket Kit; Yamaha 450 YFZ 04-13";68,48
WSM;29-530;"WSM 29-530 Top End Gasket Kit; Yamaha 700 06-17";68,48
WSM;369-540;"WSM 369-540 Wires, Ignition Set; Mercruiser 5 - 5.7L 8 Cyl Vortec";68,5
WSM;778-228;"WSM 778-228 Sensor, Cam Position; Johnson / Suzuki DF40 - DF115Hp 4-Stroke";68,51
WSM;506-36;"WSM 506-36 Gasket, Head; Mercury / Mariner / Yamaha 75 - 115 Hp 4-Stroke 99-21";68,53
WSM;50-305-04PK;"WSM 50-305-04PK Piston Kit; Polaris 400 94-96 .25mm Over Platinum";68,53
WSM;50-305-05PK;"WSM 50-305-05PK Piston Kit; Polaris 400 94-96 .5mm Over Platinum";68,53
WSM;50-305-06PK;"WSM 50-305-06PK Piston Kit; Polaris 400 94-96 .75mm Over Platinum";68,53
WSM;50-305-07PK;"WSM 50-305-07PK Piston Kit; Polaris 400 94-96 1mm Over Platinum";68,53
WSM;50-305PK;"WSM 50-305PK Piston Kit; Polaris 400 94-96 Standard Platinum";68,53
WSM;50-306-05PK;"WSM 50-306-05PK Piston Kit; Polaris 400 97-02 .5mm Over Platinum";68,53
WSM;50-306-07PK;"WSM 50-306-07PK Piston Kit; Polaris 400 97-02 1mm Over";68,53
WSM;50-306PK;"WSM 50-306PK Piston Kit; Polaris 400 97-02 Standard Platinum";68,53
WSM;25-150;"WSM 25-150 Full Gasket Kit; Honda 450 TRX 98-04";68,58
WSM;335-260;"WSM 335-260 Trim Seal Kit; Mercury / Mariner 75 - 300 Hp";68,65
WSM;778-230;"WSM 778-230 Sensor, Cam Position; Suzuki 40 - 175 Hp 4-Stroke";69,13
WSM;PH110-AC03;"WSM PH110-AC03 Starter; Arctic Cat 250 / 300 98-05";69,34
WSM;PH110-AC01;"WSM PH110-AC01 Starter; Arctic Cat 400 DVX 04-08";69,34
WSM;PH110-AC10;"WSM PH110-AC10 Starter; Arctic Cat 50 / 90 02-05";69,34
WSM;PH110-BM03;"WSM PH110-BM03 Starter; BMS 400 Motor Sports ATV";69,34
WSM;PH110-BB01;"WSM PH110-BB01 Starter; Can-Am 175 Rally 03-04";69,34
WSM;PH110-BB03;"WSM PH110-BB03 Starter; Can-Am 500 Traxter 99-05";69,34
WSM;PH125-HN32;"WSM PH125-HN32 Starter; Honda 230 CRF-F 03-07";69,34
WSM;PH110-HN01;"WSM PH110-HN01 Starter; Honda 300 TRX-EX 93-09";69,34
WSM;PH110-HN19;"WSM PH110-HN19 Starter; Honda 450 TRX-ER 06-13";69,34
WSM;PH110-HN20;"WSM PH110-HN20 Starter; Honda 90 TRX 06-25";69,34
WSM;PH100-KW04-R;"WSM PH100-KW04-R Starter; Kawasaki 1200 / 1500 03-26";69,34
WSM;PH100-KW03-R;"WSM PH100-KW03-R Starter; Kawasaki 1200 STX-R / Ultra 150 99-05";69,34
WSM;PH110-KW13;"WSM PH110-KW13 Starter; Kawasaki 220 / 250 Bayou 88-11";69,34
WSM;PH110-KW09;"WSM PH110-KW09 Starter; Kawasaki 250 KLT 82-85";69,34
WSM;PH110-KW15;"WSM PH110-KW15 Starter; Kawasaki 400 KFX 03-06";69,34
WSM;PH125-KW13;"WSM PH125-KW13 Starter; Kawasaki 400 KLX 03-04";69,34
WSM;PH110-KY02;"WSM PH110-KY02 Starter; Kymco 375 / 450 Maxxer / MXU 09-15 / 23-24";69,34
WSM;PH100-SD02-R;"WSM PH100-SD02-R Starter; Sea-Doo 580 - 720 95-05";69,34
WSM;PH100-SD04-R;"WSM PH100-SD04-R Starter; Sea-Doo 800 95-96";69,34
WSM;PH100-SD03-R;"WSM PH100-SD03-R Starter; Sea-Doo 800 97-05";69,34
WSM;PH110-SZ07;"WSM PH110-SZ07 Starter; Suzuki 160 - 250 LT / Ozark 85-14";69,34
WSM;PH110-SZ06;"WSM PH110-SZ06 Starter; Suzuki 250 / 300 LT-F 87-02";69,34
WSM;PH110-SZ08;"WSM PH110-SZ08 Starter; Suzuki 400 Eiger / King Quad 02-09";69,34
WSM;PH110-SZ02;"WSM PH110-SZ02 Starter; Suzuki 400 LT-Z 03-09";69,34
WSM;PH110-SZ13;"WSM PH110-SZ13 Starter; Suzuki 450 LT-R 06-09";69,34
WSM;PH110-YA03;"WSM PH110-YA03 Starter; Yamaha 200 - 250 83-04";69,34
WSM;PH110-YA02;"WSM PH110-YA02 Starter; Yamaha 225 / 250 86-09";69,34
WSM;PH110-YA05;"WSM PH110-YA05 Starter; Yamaha 350 / 400 87-13";69,34
WSM;PH110-YA06;"WSM PH110-YA06 Starter; Yamaha 350 Bruin / Grizzly / Wolverine 04-14";69,34
WSM;PH110-YA08;"WSM PH110-YA08 Starter; Yamaha 400 / 450 / 600 / 660 98-26";69,34
WSM;PH110-YA11;"WSM PH110-YA11 Starter; Yamaha 450 YFZ 04-13";69,34
WSM;PH100-YA01-R;"WSM PH100-YA01-R Starter; Yamaha 650 / 700 90-09";69,34
WSM;PH110-YA09;"WSM PH110-YA09 Starter; Yamaha 660 Raptor 01-05";69,34
WSM;007-640-01;"WSM 007-640-01 Top End Gasket Kit; Kawasaki 900 95-06";69,34
WSM;007-640-02;"WSM 007-640-02 Top End Gasket Kit; Kawasaki 900 STX 97-98";69,34
WSM;779-172;"WSM 779-172 Valve, IAC; Crusader / Mercruiser V6 / V8 EFI, MPI, TBI";69,36
WSM;370-225;"WSM 370-225 Ignition Coil; Crusader / Mercruiser / OMC / Volvo";69,37
WSM;650-170;"WSM 650-170 Trailer Dolley;";69,53
WSM;010-282;"WSM 010-282 Center Main Bearing; Johnson / Evinrude / Mercury / Mariner 40 - 300 Hp";69,74
WSM;25-210;"WSM 25-210 Full Gasket Kit; Kawasaki / Suzuki 400 KFX / LT-Z 03-14";69,74
WSM;720-155;"WSM 720-155 Water Pump Base Kit; Mercury 30 - 125 Hp";69,74
WSM;003-239-02;"WSM 003-239-02 Coupler; Sea-Doo 951 XP LTD 1998";69,9
WSM;500-310;"WSM 500-310 Gasket Kit, Powerhead; Yamaha 9.9 Hp 4-Stroke 90-05";69,9
WSM;750-431;"WSM 750-431 Water Pump Kit Complete; Yamaha 115 / 130 Hp 93-09";69,9
WSM;500-102;"WSM 500-102 Gasket Kit, Powerhead; Chrysler / Force 40 - 50 Hp";69,97
WSM;511-27;"WSM 511-27 Gasket, Base; Yamaha 200 - 300 Hp 4.2L SHO V6 4-Stroke 09-22";69,98
WSM;380-5108;"WSM 380-5108 Ignition Coil; Mercury / Mariner / Yamaha 25 - 60 Hp 4-Stroke 98-07";69,98
WSM;50-310-04PK;"WSM 50-310-04PK Piston Kit; Polaris 300 94-00 .25mm Over Platinum";69,98
WSM;50-310-05PK;"WSM 50-310-05PK Piston Kit; Polaris 300 94-00 .5mm Over Platinum";69,98
WSM;50-310-06PK;"WSM 50-310-06PK Piston Kit; Polaris 300 94-00 .75mm Over Platinum";69,98
WSM;50-310-07PK;"WSM 50-310-07PK Piston Kit; Polaris 300 94-00 1mm Over Platinum";69,98
WSM;50-310PK;"WSM 50-310PK Piston Kit; Polaris 300 94-00 Standard Platinum";69,98
WSM;100-285-04PPK;"WSM 100-285-04PPK Piston Kit; Yamaha 200 - 250 Hp 76 Degree Port .010 Over Platinum";69,98
WSM;100-285-05PPK;"WSM 100-285-05PPK Piston Kit; Yamaha 200 - 250 Hp 76 Degree Port .020 Over Platinum";69,98
WSM;100-285-06PPK;"WSM 100-285-06PPK Piston Kit; Yamaha 200 - 250 Hp 76 Degree Port .030 Over Platinum";69,98
WSM;100-285-07PPK;"WSM 100-285-07PPK Piston Kit; Yamaha 200 - 250 Hp 76 Degree Port .040 Over Platinum";69,98
WSM;100-285PPK;"WSM 100-285PPK Piston Kit; Yamaha 200 - 250 Hp 76 Degree Port Standard Platinum";69,98
WSM;100-285-04SPK;"WSM 100-285-04SPK Piston Kit; Yamaha 200 - 250 Hp 76 Degree Starboard .010 Over Platinum";69,98
WSM;100-285-05SPK;"WSM 100-285-05SPK Piston Kit; Yamaha 200 - 250 Hp 76 Degree Starboard .020 Over Platinum";69,98
WSM;100-285-06SPK;"WSM 100-285-06SPK Piston Kit; Yamaha 200 - 250 Hp 76 Degree Starboard .030 Over Platinum";69,98
WSM;100-285-07SPK;"WSM 100-285-07SPK Piston Kit; Yamaha 200 - 250 Hp 76 Degree Starboard .040 Over Platinum";69,98
WSM;100-285SPK;"WSM 100-285SPK Piston Kit; Yamaha 200 - 250 Hp 76 Degree Starboard Standard Platinum";69,98
WSM;500-105;"WSM 500-105 Gasket Kit, Powerhead; Chrysler / Force 70 - 90 Hp 3 Cyl";70,34
WSM;003-112-01;"WSM 003-112-01 Impeller Shaft; Tiger Shark 640 - 1100 96-99";70,34
WSM;600-68;"WSM 600-68 Carburetor Kit; Yamaha 75 - 100 Hp 4-Stroke 03-04";70,42
WSM;343-545;"WSM 343-545 Trim Assembly Solenoid; Suzuki 9.9 - 30 Hp 4 Stroke";70,42
WSM;006-640;"WSM 006-640 Fuel Injector; Yamaha 1050 3 Cyl 18-26";70,55
WSM;446-139;"WSM 446-139 Lower Unit Seal Kit; Mariner / Yamaha 40 Hp";70,55
WSM;778-125;"WSM 778-125 Sensor, Map; Honda 135 - 225Hp 2002-Up";70,55
WSM;88-538;"WSM 88-538 Clutch Kit, Complete; Yamaha 450 WR-F 05-15";70,62
WSM;88-540;"WSM 88-540 Clutch Kit, Complete; Yamaha 450 WR-F 16-21";70,62
WSM;88-542;"WSM 88-542 Clutch Kit, Complete; Yamaha 450 YZ-F 03-04";70,62
WSM;88-544;"WSM 88-544 Clutch Kit, Complete; Yamaha 450 YZ-F 05-06";70,62
WSM;88-546;"WSM 88-546 Clutch Kit, Complete; Yamaha 450 YZ-F 07-13";70,62
WSM;88-548;"WSM 88-548 Clutch Kit, Complete; Yamaha 450 YZ-F 14-21";70,62
WSM;007-647-05;"WSM 007-647-05 Complete Gasket Kit; Polaris 1200 00-02 Carb";70,62
WSM;007-603;"WSM 007-603 Complete Gasket Kit; Yamaha 650 SJ / VXR / WR III 90-96";70,62
WSM;800-202;"WSM 800-202 Connecting Rod; Mercury / Mariner 70 - 115 Hp";70,62
WSM;010-560;"WSM 010-560 Connecting Rod; Yamaha 1050 16-18";70,62
WSM;010-561;"WSM 010-561 Connecting Rod; Yamaha 1050 18-26";70,62
WSM;010-842-04PK;"WSM 010-842-04PK Piston Kit; Kawasaki 1100 DI 00-04 .25mm Over Platinum";70,62
WSM;010-842-05PK;"WSM 010-842-05PK Piston Kit; Kawasaki 1100 DI 00-04 .5mm Over Platinum";70,62
WSM;010-842-06PK;"WSM 010-842-06PK Piston Kit; Kawasaki 1100 DI 00-04 .75mm Over Platinum";70,62
WSM;010-842-07PK;"WSM 010-842-07PK Piston Kit; Kawasaki 1100 DI 00-04 1mm Over Platinum";70,62
WSM;010-842PK;"WSM 010-842PK Piston Kit; Kawasaki 1100 DI 00-04 Standard Platinum";70,62
WSM;010-844-04K;"WSM 010-844-04K Piston Kit; Kawasaki 1200 STX-12F 03-07 .25mm Over";70,62
WSM;010-844-05K;"WSM 010-844-05K Piston Kit; Kawasaki 1200 STX-12F 03-07 .5mm Over";70,62
WSM;010-844K;"WSM 010-844K Piston Kit; Kawasaki 1200 STX-12F 03-07 Standard";70,62
WSM;010-841-04PK;"WSM 010-841-04PK Piston Kit; Kawasaki 1200 STX-R / Ultra 150 99-05 .25mm Over Platinum";70,62
WSM;010-841-05PK;"WSM 010-841-05PK Piston Kit; Kawasaki 1200 STX-R / Ultra 150 99-05 .5mm Over Platinum";70,62
WSM;010-841-06PK;"WSM 010-841-06PK Piston Kit; Kawasaki 1200 STX-R / Ultra 150 99-05 .75mm Over Platinum";70,62
WSM;010-841-07PK;"WSM 010-841-07PK Piston Kit; Kawasaki 1200 STX-R / Ultra 150 99-05 1mm Over Platinum";70,62
WSM;010-841PK;"WSM 010-841PK Piston Kit; Kawasaki 1200 STX-R / Ultra 150 99-05 Standard Platinum";70,62
WSM;010-845-04K;"WSM 010-845-04K Piston Kit; Kawasaki 1500 STX / SX-R / Ultra LX 04-26 .25mm Over";70,62
WSM;010-845-05K;"WSM 010-845-05K Piston Kit; Kawasaki 1500 STX / SX-R / Ultra LX 04-26 .5mm Over";70,62
WSM;010-845K;"WSM 010-845K Piston Kit; Kawasaki 1500 STX / SX-R / Ultra LX 04-26 Standard";70,62
WSM;010-821-04PK;"WSM 010-821-04PK Piston Kit; Kawasaki 750 / 1100 95-03 .25mm Over Platinum";70,62
WSM;010-821-05PK;"WSM 010-821-05PK Piston Kit; Kawasaki 750 / 1100 95-03 .5mm Over Platinum";70,62
WSM;010-821-06PK;"WSM 010-821-06PK Piston Kit; Kawasaki 750 / 1100 95-03 .75mm Over Platinum";70,62
WSM;010-821-07PK;"WSM 010-821-07PK Piston Kit; Kawasaki 750 / 1100 95-03 1mm Over Platinum";70,62
WSM;010-821PK;"WSM 010-821PK Piston Kit; Kawasaki 750 / 1100 95-03 Standard Platinum";70,62
WSM;010-820-04PK;"WSM 010-820-04PK Piston Kit; Kawasaki 750 92-95 .25mm Over Platinum";70,62
WSM;010-820-05PK;"WSM 010-820-05PK Piston Kit; Kawasaki 750 92-95 .5mm Over Platinum";70,62
WSM;010-820-06PK;"WSM 010-820-06PK Piston Kit; Kawasaki 750 92-95 .75mm Over Platinum";70,62
WSM;010-820-07PK;"WSM 010-820-07PK Piston Kit; Kawasaki 750 92-95 1mm Over Platinum";70,62
WSM;010-820PK;"WSM 010-820PK Piston Kit; Kawasaki 750 92-95 Standard Platinum";70,62
WSM;010-843-04PK;"WSM 010-843-04PK Piston Kit; Kawasaki 800 SX-R 03-11 .25mm Over Platinum";70,62
WSM;010-843-05PK;"WSM 010-843-05PK Piston Kit; Kawasaki 800 SX-R 03-11 .5mm Over Platinum";70,62
WSM;010-843-06PK;"WSM 010-843-06PK Piston Kit; Kawasaki 800 SX-R 03-11 .75mm Over Platinum";70,62
WSM;010-843-07K;"WSM 010-843-07K Piston Kit; Kawasaki 800 SX-R 03-11 1mm Over";70,62
WSM;010-843-07PK;"WSM 010-843-07PK Piston Kit; Kawasaki 800 SX-R 03-11 1mm Over Platinum";70,62
WSM;010-843PK;"WSM 010-843PK Piston Kit; Kawasaki 800 SX-R 03-11 Standard Platinum";70,62
WSM;010-832-04K;"WSM 010-832-04K Piston Kit; Polaris 700 00-04 .25mm Over";70,62
WSM;010-832-05K;"WSM 010-832-05K Piston Kit; Polaris 700 00-04 .5mm Over";70,62
WSM;010-832-06K;"WSM 010-832-06K Piston Kit; Polaris 700 00-04 .75mm Over";70,62
WSM;010-832-07K;"WSM 010-832-07K Piston Kit; Polaris 700 00-04 1mm Over";70,62
WSM;010-832K;"WSM 010-832K Piston Kit; Polaris 700 00-04 Standard";70,62
WSM;010-835-04PK;"WSM 010-835-04PK Piston Kit; Polaris 800 / 1200 00-04 .25mm Over Platinum";70,62
WSM;010-835-05PK;"WSM 010-835-05PK Piston Kit; Polaris 800 / 1200 00-04 .5mm Over Platinum";70,62
WSM;010-835-06PK;"WSM 010-835-06PK Piston Kit; Polaris 800 / 1200 00-04 .75mm Over Platinum";70,62
WSM;010-835-07PK;"WSM 010-835-07PK Piston Kit; Polaris 800 / 1200 00-04 1mm Over Platinum";70,62
WSM;010-835PK;"WSM 010-835PK Piston Kit; Polaris 800 / 1200 00-04 Standard Platinum";70,62
WSM;010-817-04PK;"WSM 010-817-04PK Piston Kit; Sea-Doo 720 95-03 .25mm Over Platinum";70,62
WSM;010-817-05PK;"WSM 010-817-05PK Piston Kit; Sea-Doo 720 95-03 .5mm Over Platinum";70,62
WSM;010-817-06PK;"WSM 010-817-06PK Piston Kit; Sea-Doo 720 95-03 .75mm Over Platinum";70,62
WSM;010-817-07PK;"WSM 010-817-07PK Piston Kit; Sea-Doo 720 95-03 1mm Over Platinum";70,62
WSM;010-817PK;"WSM 010-817PK Piston Kit; Sea-Doo 720 95-03 Standard Platinum";70,62
WSM;010-818-04PK;"WSM 010-818-04PK Piston Kit; Sea-Doo 800 95-03 .25mm Over Platinum";70,62
WSM;010-818-05PK;"WSM 010-818-05PK Piston Kit; Sea-Doo 800 95-03 .5mm Over Platinum";70,62
WSM;010-818-06PK;"WSM 010-818-06PK Piston Kit; Sea-Doo 800 95-03 .75mm Over Platinum";70,62
WSM;010-818-07PK;"WSM 010-818-07PK Piston Kit; Sea-Doo 800 95-03 1mm Over Platinum";70,62
WSM;010-818PK;"WSM 010-818PK Piston Kit; Sea-Doo 800 95-03 Standard Platinum";70,62
WSM;010-819-04K;"WSM 010-819-04K Piston Kit; Sea-Doo 951 98-03 .25mm Over";70,62
WSM;010-819-05K;"WSM 010-819-05K Piston Kit; Sea-Doo 951 98-03 .5mm Over";70,62
WSM;010-819-06K;"WSM 010-819-06K Piston Kit; Sea-Doo 951 98-03 .75mm Over";70,62
WSM;010-819-07K;"WSM 010-819-07K Piston Kit; Sea-Doo 951 98-03 1mm Over";70,62
WSM;010-819K;"WSM 010-819K Piston Kit; Sea-Doo 951 98-03 Standard";70,62
WSM;010-825-04PK;"WSM 010-825-04PK Piston Kit; Yamaha 700 93-20 .25mm Over Platinum";70,62
WSM;010-825-05PK;"WSM 010-825-05PK Piston Kit; Yamaha 700 93-20 .5mm Over Platinum";70,62
WSM;010-825-06PK;"WSM 010-825-06PK Piston Kit; Yamaha 700 93-20 .75mm Over Platinum";70,62
WSM;010-825-07PK;"WSM 010-825-07PK Piston Kit; Yamaha 700 93-20 1mm Over Platinum";70,62
WSM;010-825PK;"WSM 010-825PK Piston Kit; Yamaha 700 93-20 Standard Platinum";70,62
WSM;010-826-04PK;"WSM 010-826-04PK Piston Kit; Yamaha 760 / 1200 96-05 .25mm Over Platinum";70,62
WSM;010-826-05PK;"WSM 010-826-05PK Piston Kit; Yamaha 760 / 1200 96-05 .5mm Over Platinum";70,62
WSM;010-826-06PK;"WSM 010-826-06PK Piston Kit; Yamaha 760 / 1200 96-05 .75mm Over Platinum";70,62
WSM;010-826-07PK;"WSM 010-826-07PK Piston Kit; Yamaha 760 / 1200 96-05 1mm Over Platinum";70,62
WSM;010-826PK;"WSM 010-826PK Piston Kit; Yamaha 760 / 1200 96-05 Standard Platinum";70,62
WSM;010-829-04PK;"WSM 010-829-04PK Piston Kit; Yamaha 800 / 1200 98-05 .25mm Over Platinum";70,62
WSM;010-829-05PK;"WSM 010-829-05PK Piston Kit; Yamaha 800 / 1200 98-05 .5mm Over Platinum";70,62
WSM;010-829-06PK;"WSM 010-829-06PK Piston Kit; Yamaha 800 / 1200 98-05 .75mm Over Platinum";70,62
WSM;010-829-07PK;"WSM 010-829-07PK Piston Kit; Yamaha 800 / 1200 98-05 1mm Over Platinum";70,62
WSM;010-829PK;"WSM 010-829PK Piston Kit; Yamaha 800 / 1200 98-05 Standard Platinum";70,62
WSM;002-042-04;WSM 002-042-04 Steering Cable: Kawasaki 1100 / 1200 Ultra 130 / 150;70,62
WSM;002-040-01;WSM 002-040-01 Steering Cable: Kawasaki 1100 ZXI 96-03;70,62
WSM;002-042-03;WSM 002-042-03 Steering Cable: Kawasaki 900 - 1200 STS / STX 97-03;70,62
WSM;002-040-02;WSM 002-040-02 Steering Cable: Kawasaki 900 - 1200 STX 03-19;70,62
WSM;012-050BLK;"WSM 012-050BLK Traction Mat; Sheet Diamond Cut 62 X 40";70,62
WSM;012-075BLK;"WSM 012-075BLK Traction Mat; Sheet Square Cut 49 X 40";70,62
WSM;778-255;"WSM 778-255 Sensor, Cam Position; Volvo 8.1 Liter";70,67
WSM;45-700;"WSM 45-700 Connecting Rod; KTM 50 SX 09-26";70,78
WSM;010-1320-01;"WSM 010-1320-01 Cylinder Sleeve; Kawasaki 750 93-95";70,78
WSM;010-1321;"WSM 010-1321 Cylinder Sleeve; Kawasaki 750 95-02";70,78
WSM;010-1340;"WSM 010-1340 Cylinder Sleeve; Kawasaki 900 95-06";70,78
WSM;010-1316;"WSM 010-1316 Cylinder Sleeve; Sea-Doo 650 93-95";70,78
WSM;010-1318;"WSM 010-1318 Cylinder Sleeve; Sea-Doo 800 95-03";70,78
WSM;010-1318-01;"WSM 010-1318-01 Cylinder Sleeve; Sea-Doo 800 RFI 98-03";70,78
WSM;010-1325-02;"WSM 010-1325-02 Cylinder Sleeve; Yamaha 1100 Wave Raider / Wave Venture 95-97";70,78
WSM;010-1326-01;"WSM 010-1326-01 Cylinder Sleeve; Yamaha 1200 GP / XL 97-04";70,78
WSM;010-1325;"WSM 010-1325 Cylinder Sleeve; Yamaha 700 93-20";70,78
WSM;010-1325-01;"WSM 010-1325-01 Cylinder Sleeve; Yamaha 700 Wave Raider 94-97";70,78
WSM;010-1326;"WSM 010-1326 Cylinder Sleeve; Yamaha 760 96-98";70,78
WSM;600-161;"WSM 600-161 Fuel Pump; Chrysler I/O";70,78
WSM;25-670;"WSM 25-670 Full Gasket Kit; Honda 450 CRF-R 02-06";70,78
WSM;25-671;"WSM 25-671 Full Gasket Kit; Honda 450 CRF-R 07-08";70,78
WSM;362-510;"WSM 362-510 Harness Extension; Yamaha 10 Pin 10 FT";70,78
WSM;100-251-04K;"WSM 100-251-04K Piston Kit; Yamaha 25 / 30 Hp 3 Cylinder .010 Over";70,78
WSM;100-251-05K;"WSM 100-251-05K Piston Kit; Yamaha 25 / 30 Hp 3 Cylinder .020 Over";70,78
WSM;100-251K;"WSM 100-251K Piston Kit; Yamaha 25 / 30 Hp 3 Cylinder .Standard";70,78
WSM;002-045-01;WSM 002-045-01 Steering Cable: Sea-Doo 580 / 650 1994;70,78
WSM;505-41;"WSM 505-41 Gasket, Head; Mercury / Mariner 135 / 150 Hp 2.5L Optimax 98-99";70,8
WSM;950-102;"WSM 950-102 Drive Shaft Floating Ring Tool; Sea-Doo 1503 4-Tec 03-09";71,09
WSM;003-113-02;"WSM 003-113-02 Impeller Shaft; Sea-Doo 900 / 1503 / 1630 09-26";71,1
WSM;010-522;"WSM 010-522 Connecting Rod Kit; Kawasaki 1100 96-04";71,29
WSM;010-521;"WSM 010-521 Connecting Rod Kit; Kawasaki 750 / 800 95-05";71,29
WSM;010-520;"WSM 010-520 Connecting Rod Kit; Kawasaki 750 / 900 92-04";71,29
WSM;010-530-51;"WSM 010-530-51 Connecting Rod Kit; Polaris 650 - 780 SL 92-97";71,29
WSM;010-530-54;"WSM 010-530-54 Connecting Rod Kit; Polaris 650 - 780 SL 92-97";71,29
WSM;010-535;"WSM 010-535 Connecting Rod Kit; Polaris 700 / 900 / 1050 96-97";71,29
WSM;010-515;"WSM 010-515 Connecting Rod Kit; Sea-Doo 580 89-96";71,29
WSM;010-516;"WSM 010-516 Connecting Rod Kit; Sea-Doo 650 93-96";71,29
WSM;010-517-53;"WSM 010-517-53 Connecting Rod Kit; Sea-Doo 720 96-05";71,29
WSM;010-517-55;"WSM 010-517-55 Connecting Rod Kit; Sea-Doo 720 96-05";71,29
WSM;010-518;"WSM 010-518 Connecting Rod Kit; Sea-Doo 800 95-05";71,29
WSM;010-519;"WSM 010-519 Connecting Rod Kit; Sea-Doo 951 97-02";71,29
WSM;010-525;"WSM 010-525 Connecting Rod Kit; Yamaha 650-760 / 1100 / 1200 90-20";71,29
WSM;778-052;"WSM 778-052 Sender,Trim; Mercury";71,3
WSM;363-4512;"WSM 363-4512 Trigger, CDM Short Arm; Mercury / Mariner 40 - 90 Hp 94-10";71,35
WSM;007-315;"WSM 007-315 Head Gasket; Kawasaki 1200 / 1500 03-26";71,39
WSM;003-113;"WSM 003-113 Impeller Shaft; Sea-Doo 1503 4-Tec 02-04";71,39
WSM;003-113-01;"WSM 003-113-01 Impeller Shaft; Sea-Doo 1503 4-Tec 04-08";71,39
WSM;003-106;"WSM 003-106 Impeller Shaft; Sea-Doo 580 - 800 89-02";71,39
WSM;003-111;"WSM 003-111 Impeller Shaft; Sea-Doo 720 - 951 99-07";71,39
WSM;003-108;"WSM 003-108 Impeller Shaft; Sea-Doo 951 LTD 1998";71,39
WSM;010-293;"WSM 010-293 Upper Main Bearing; Johnson / Evinrude 85 - 300 Hp";71,39
WSM;010-148;"WSM 010-148 Center Main Bearing; Mercury / Mariner 45 - 60 Hp";71,42
WSM;25-518;"WSM 25-518 Full Gasket Kit; Yamaha 400 / 450 00-14";71,45
WSM;29-218;"WSM 29-218 Top End Gasket Kit; Kawasaki 650 / 700 KFX / Prairie 02-09";71,45
WSM;29-216;"WSM 29-216 Top End Gasket Kit; Kawasaki 650 Brute Force 05-13";71,45
WSM;29-220;"WSM 29-220 Top End Gasket Kit; Kawasaki 750 Brute Force / Teryx 05-20";71,45
WSM;87-400;"WSM 87-400 Clutch Kit, Complete; Arctic Cat / Kawasaki / Suzuki 400 05-08";71,46
WSM;PH500-M057;"WSM PH500-M057 Fuel Pump; Volvo";71,51
WSM;511-25;"WSM 511-25 Gasket, Base; Yamaha 150 - 200 Hp 4-Stroke 04-22";71,51
WSM;750-160;"WSM 750-160 Water Pump Kit; Honda 5 Hp BF 98-13";71,65
WSM;500-420;"WSM 500-420 Gasket Kit, Powerhead; Nissan / Tohatsu NS9.9 / 18 Hp 2 Cyl";71,72
WSM;500-510;"WSM 500-510 Gasket Kit, Powerhead; Suzuki 9.9 / 15 Hp 2 Cyl";71,76
WSM;751-200;"WSM 751-200 Water Pump Kit Complete; Mercury 30 - 70 Hp";71,76
WSM;002-055-06;WSM 002-055-06 Throttle Cable: Yamaha 700 Super Jet 96-20;71,84
WSM;002-058-05;WSM 002-058-05 Reverse Cable: Yamaha 650 / 700 Wave Runner III 90-95;71,9
WSM;003-110-08K;"WSM 003-110-08K Carbon Ring Kit; Sea-Doo 1630 RXP 4-Tec 21-23";71,94
WSM;003-109-03;"WSM 003-109-03 Impeller Shaft; Kawasaki 1500 160 / 300 / 310 11-26";71,94
WSM;003-125-02;"WSM 003-125-02 PTO End; Sea-Doo 720 98-02";71,94
WSM;361-1889-51;"WSM 361-1889-51 RPM Limiter; Mercury / Mariner 50 - 125 Hp 94-10";72,07
WSM;100-210-04K;"WSM 100-210-04K Piston Kit; Chrysler / Force 40 - 120 Hp 96-99 .010 Over";72,25
WSM;100-210-05K;"WSM 100-210-05K Piston Kit; Chrysler / Force 40 - 120 Hp 96-99 .020 Over";72,25
WSM;100-210-06K;"WSM 100-210-06K Piston Kit; Chrysler / Force 40 - 120 Hp 96-99 .030 Over";72,25
WSM;100-210-07K;"WSM 100-210-07K Piston Kit; Chrysler / Force 40 - 120 Hp 96-99 .040 Over";72,25
WSM;100-210K;"WSM 100-210K Piston Kit; Chrysler / Force 40 - 120 Hp 96-99 Standard";72,25
WSM;007-5026-01;"WSM 007-5026-01 Gasket Kit, Engine Install; Yamaha 1200 GP / SUV / XL 97-04";72,3
WSM;007-5029;"WSM 007-5029 Gasket Kit, Engine Install; Yamaha 1200 GP-R 00-02";72,3
WSM;800-204;"WSM 800-204 Connecting Rod; Mercury / Mariner 65 - 125 Hp L3 / L4";72,32
WSM;360-2285;"WSM 360-2285 Power Pack; Johnson / Evinrude 4 - 50 Hp 86-05";72,35
WSM;725-450;"WSM 725-450 Water Pump Service Kit; Yamaha 300 / 350 Hp 4-Stroke";72,82
WSM;011-600;"WSM 011-600 Catalytic Removal Plate; Yamaha 1200 / 1300 99-08";72,86
WSM;003-136;"WSM 003-136 Jet Pump Collar; Sea-Doo 1503 4-Tec 02-04";72,86
WSM;002-058-07;WSM 002-058-07 Reverse Cable: Yamaha 1100 Wave Venture 96-97;72,86
WSM;010-1019G;"WSM 010-1019G Crankshaft Center Gear; Sea-Doo 951 00-03";72,89
WSM;100-115-04PK;"WSM 100-115-04PK Piston Kit; Johnson / Evinrude 120 - 300 Hp Looper 85-87 Port .010 Over";72,89
WSM;100-115-05PK;"WSM 100-115-05PK Piston Kit; Johnson / Evinrude 120 - 300 Hp Looper 85-87 Port .020 Over";72,89
WSM;100-115-06PK;"WSM 100-115-06PK Piston Kit; Johnson / Evinrude 120 - 300 Hp Looper 85-87 Port .030 Over";72,89
WSM;100-115-07PK;"WSM 100-115-07PK Piston Kit; Johnson / Evinrude 120 - 300 Hp Looper 85-87 Port .040 Over";72,89
WSM;100-115PK;"WSM 100-115PK Piston Kit; Johnson / Evinrude 120 - 300 Hp Looper 85-87 Port Standard";72,89
WSM;100-115-04SK;"WSM 100-115-04SK Piston Kit; Johnson / Evinrude 120 - 300 Hp Looper 85-87 Starboard .010 Over";72,89
WSM;100-115-06SK;"WSM 100-115-06SK Piston Kit; Johnson / Evinrude 120 - 300 Hp Looper 85-87 Starboard .030 Over";72,89
WSM;100-115-07SK;"WSM 100-115-07SK Piston Kit; Johnson / Evinrude 120 - 300 Hp Looper 85-87 Starboard .040 Over";72,89
WSM;100-115SK;"WSM 100-115SK Piston Kit; Johnson / Evinrude 120 - 300 Hp Looper 85-87 Starboard Standard";72,89
WSM;100-140-05K;"WSM 100-140-05K Piston Kit; Johnson / Evinrude 175 / 235 Hp Cross Flow 80-91 .020 Over";72,89
WSM;100-140-06K;"WSM 100-140-06K Piston Kit; Johnson / Evinrude 175 / 235 Hp Cross Flow 80-91 .030 Over";72,89
WSM;100-140-07K;"WSM 100-140-07K Piston Kit; Johnson / Evinrude 175 / 235 Hp Cross Flow 80-91 .040 Over";72,89
WSM;50-541-04K;"WSM 50-541-04K Piston Kit; Yamaha 400 Big Bear / Kodiak 93-12 .25mm Over";72,89
WSM;50-541-05K;"WSM 50-541-05K Piston Kit; Yamaha 400 Big Bear / Kodiak 93-12 .5mm Over";72,89
WSM;50-541-06K;"WSM 50-541-06K Piston Kit; Yamaha 400 Big Bear / Kodiak 93-12 .75mm Over";72,89
WSM;50-541-09K;"WSM 50-541-09K Piston Kit; Yamaha 400 Big Bear / Kodiak 93-12 1.5mm Over";72,89
WSM;50-541-07K;"WSM 50-541-07K Piston Kit; Yamaha 400 Big Bear / Kodiak 93-12 1mm Over";72,89
WSM;50-541K;"WSM 50-541K Piston Kit; Yamaha 400 Big Bear / Kodiak 93-12 Standard";72,89
WSM;750-434;"WSM 750-434 Water Pump Kit Complete; Yamaha 90 / 115 Hp 4-Stroke 02-22";72,89
WSM;368-400-25;"WSM 368-400-25 Wires, Ignition; 8mm 25 Ft Roll";72,89
WSM;010-204-01;"WSM 010-204-01 Crankshaft Bearing; Yamaha 1200 97-14";72,94
WSM;010-295-10;"WSM 010-295-10 Upper Main Bearing; Yamaha 115 - 225 Hp";72,94
WSM;45-600;"WSM 45-600 Connecting Rod; Honda 125 CR 88-07";72,96
WSM;45-640;"WSM 45-640 Connecting Rod; Suzuki 125 RM 88-96";72,96
WSM;45-685;"WSM 45-685 Connecting Rod; Yamaha 80 / 85 YZ 93-18";72,96
WSM;004-523;"WSM 004-523 MAP Sensor; Sea-Doo 800 - 1503 00-11";72,96
WSM;29-320;"WSM 29-320 Top End Gasket Kit; Polaris 850 Scrambler / Sportsman 09-22";72,96
WSM;750-407;"WSM 750-407 Water Pump Kit Complete; Mercury / Yamaha 9.9 / 15 Hp";72,96
WSM;502-116;"WSM 502-116 Gasket Set, Lower Conversion; 4.3L 262 CI.";72,97
WSM;PH350-0004;"WSM PH350-0004 Rectifier; Mercury";72,98
WSM;004-353;"WSM 004-353 Starter Drive; Kawasaki / Polaris / Sea-Doo / Yamaha 650 - 1300 87-20";72,98
WSM;010-053-24;"WSM 010-053-24 Valve Stem Seal; Merc / Mar / Suz / Yam 2.5 - 350 Hp / 350 / 450 /1000-1200 / 1800 / 1900 Pack of 24";73,15
WSM;007-645-01;"WSM 007-645-01 Top End Gasket Kit; Kawasaki 1200 STX-R / Ultra 150 99-05";73,19
WSM;500-215;"WSM 500-215 Gasket Kit, Powerhead; Mercury 90 - 140 Hp Inline 6 Cyl 73-88";73,33
WSM;100-05-05K;"WSM 100-05-05K Piston Kit; Mercury / Mariner 20 - 50 Hp Cross Flow 72-97 .020 Over";73,67
WSM;29-311;"WSM 29-311 Top End Gasket Kit; Polaris 570 Sportsman 14-17";73,92
WSM;600-238;"WSM 600-238 Carburetor Kit; Mercruiser Weber 4 BBL";73,97
WSM;29-155;"WSM 29-155 Top End Gasket Kit; Honda 650 Rincon 03-05";74,02
WSM;830-300;"WSM 830-300 Belt, Serpentine; Mercruiser";74,05
WSM;444-320;"WSM 444-320 Clutch Dog; Johnson / Evinrude 100 - 300 Hp";74,12
WSM;750-415-02;"WSM 750-415-02 Water Pump Kit Complete; Yamaha 25 - 40 Hp 4-Stroke";74,12
WSM;45-530;"WSM 45-530 Connecting Rod; Yamaha 200 Blaster 88-06";74,15
WSM;65-880;"WSM 65-880 Voltage Regulator; Suzuki / Yamaha 400 - 700 02-26";74,15
WSM;725-430-01;"WSM 725-430-01 Water Pump Service Kit; Yamaha 200 - 250 Hp 3.3L 4-Stroke";74,17
WSM;100-275-04PK;"WSM 100-275-04PK Piston Kit; Yamaha 115 - 225 Hp 92-09 Port .010 Over";74,23
WSM;100-275-06PK;"WSM 100-275-06PK Piston Kit; Yamaha 115 - 225 Hp 92-09 Port .030 Over";74,23
WSM;100-275-07PK;"WSM 100-275-07PK Piston Kit; Yamaha 115 - 225 Hp 92-09 Port .040 Over";74,23
WSM;100-275PK;"WSM 100-275PK Piston Kit; Yamaha 115 - 225 Hp 92-09 Port Standard";74,23
WSM;100-275-04SK;"WSM 100-275-04SK Piston Kit; Yamaha 115 - 225 Hp 92-09 Starboard .010 Over";74,23
WSM;100-275-05SK;"WSM 100-275-05SK Piston Kit; Yamaha 115 - 225 Hp 92-09 Starboard .020 Over";74,23
WSM;100-275-06SK;"WSM 100-275-06SK Piston Kit; Yamaha 115 - 225 Hp 92-09 Starboard .030 Over";74,23
WSM;100-275-07SK;"WSM 100-275-07SK Piston Kit; Yamaha 115 - 225 Hp 92-09 Starboard .040 Over";74,23
WSM;100-275SK;"WSM 100-275SK Piston Kit; Yamaha 115 - 225 Hp 92-09 Starboard Standard";74,23
WSM;500-198;"WSM 500-198 Gasket Kit, Powerhead; Mercury / Mariner 18 - 25 Hp";74,28
WSM;59-105-10A;"WSM 59-105-10A Top End Rebuild Kit; Yamaha 125 YZ 05-22 A Piston";74,28
WSM;59-105-10B;"WSM 59-105-10B Top End Rebuild Kit; Yamaha 125 YZ 05-22 A Piston";74,28
WSM;59-100-10A;"WSM 59-100-10A Top End Rebuild Kit; Yamaha 85 YZ 02-18 A Piston";74,28
WSM;59-100-10B;"WSM 59-100-10B Top End Rebuild Kit; Yamaha 85 YZ 02-18 B Piston";74,28
WSM;778-162;"WSM 778-162 Sensor, Map; Mercruiser / Volvo V6 - V8";74,34
WSM;003-406;"WSM 003-406 Bearing Housing; Yamaha 1800 / 1900 08-26";74,36
WSM;600-243;"WSM 600-243 Carburetor Kit; Crusader / OMC Holley 4 BBL";74,36
WSM;010-144-02;"WSM 010-144-02 Center Main Bearing; Mercury 225 / 250 Hp 3L";74,36
WSM;004-174;"WSM 004-174 Coil, Ignition; Sea-Doo 1503 4-Tec 02-17";74,36
WSM;800-100;"WSM 800-100 Connecting Rod; Johnson / Evinrude 35 - 60 Hp Looper";74,36
WSM;800-306;"WSM 800-306 Connecting Rod; Yamaha 115 - 225 Hp";74,36
WSM;800-308;"WSM 800-308 Connecting Rod; Yamaha 115 - 225 Hp";74,36
WSM;003-310;"WSM 003-310 Coupler Puller; Kawasaki 1200 / 1500 STX-12F / 15F / Ultra 150 / 260";74,36
WSM;003-240-03;"WSM 003-240-03 Coupler; Sea-Doo 800 / 951 99-07";74,36
WSM;010-208-02;"WSM 010-208-02 Crankshaft Bearing; Tiger Shark 900 / 1000 95-99";74,36
WSM;010-1019-01G;"WSM 010-1019-01G Crankshaft Center Gear; Sea-Doo 951 DI 00-06";74,36
WSM;010-212;"WSM 010-212 Crankshaft Upper Main Bearing; Yamaha 20 - 30 Hp";74,36
WSM;500-134;"WSM 500-134 Gasket Kit, Powerhead; Johnson / Evinrude 90 / 115 Hp V4 FICHT";74,36
WSM;007-315-06;"WSM 007-315-06 Head Gasket; Kawasaki 1500 Ultra 250 / 260 07-10";74,36
WSM;362-300;"WSM 362-300 Ignition Switch; Yamaha 15 - 300 Hp 00-06";74,36
WSM;008-685;"WSM 008-685 Intake Manifold O-Ring; Yamaha 1800 08-10";74,36
WSM;003-644;"WSM 003-644 Jet Pump Repair Kit; Sea-Doo 1503 4-Tec 02-03";74,36
WSM;003-645;"WSM 003-645 Jet Pump Repair Kit; Sea-Doo 900 - 1630 04-17";74,36
WSM;003-646;"WSM 003-646 Jet Pump Repair Kit; Sea-Doo 900 Spark 14-26";74,36
WSM;003-646-01;"WSM 003-646-01 Jet Pump Repair Kit; Sea-Doo 900 Spark 14-26";74,36
WSM;010-258;"WSM 010-258 Lower Main Bearing; Chrysler / Force 70 - 150 Hp";74,36
WSM;004-110;"WSM 004-110 Neutral Safety Switch; Sea-Doo 720 - 3000 96-11";74,36
WSM;100-135-04PK;"WSM 100-135-04PK Piston Kit; Johnson / Evinrude 120 - 300 Hp 88-04 Looper Port .010 Over";74,36
WSM;100-135-05PK;"WSM 100-135-05PK Piston Kit; Johnson / Evinrude 120 - 300 Hp 88-04 Looper Port .020 Over";74,36
WSM;100-135-06PK;"WSM 100-135-06PK Piston Kit; Johnson / Evinrude 120 - 300 Hp 88-04 Looper Port .030 Over";74,36
WSM;100-135-07PK;"WSM 100-135-07PK Piston Kit; Johnson / Evinrude 120 - 300 Hp 88-04 Looper Port .040 Over";74,36
WSM;100-135PK;"WSM 100-135PK Piston Kit; Johnson / Evinrude 120 - 300 Hp 88-04 Looper Port Standard";74,36
WSM;100-135-04SK;"WSM 100-135-04SK Piston Kit; Johnson / Evinrude 120 - 300 Hp 88-04 Looper Starboard .010 Over";74,36
WSM;100-135-05SK;"WSM 100-135-05SK Piston Kit; Johnson / Evinrude 120 - 300 Hp 88-04 Looper Starboard .020 Over";74,36
WSM;100-135-06SK;"WSM 100-135-06SK Piston Kit; Johnson / Evinrude 120 - 300 Hp 88-04 Looper Starboard .030 Over";74,36
WSM;100-135-07SK;"WSM 100-135-07SK Piston Kit; Johnson / Evinrude 120 - 300 Hp 88-04 Looper Starboard .040 Over";74,36
WSM;100-135SK;"WSM 100-135SK Piston Kit; Johnson / Evinrude 120 - 300 Hp 88-04 Looper Starboard Standard";74,36
WSM;100-140-04K;"WSM 100-140-04K Piston Kit; Johnson / Evinrude 175 / 235 Hp Cross Flow 80-91 .010 Over";74,36
WSM;100-140K;"WSM 100-140K Piston Kit; Johnson / Evinrude 175 / 235 Hp Cross Flow 80-91 Standard";74,36
WSM;100-126-05K;"WSM 100-126-05K Piston Kit; Johnson / Evinrude 40 - 90Hp E-Tec 04-17 .020 Over";74,36
WSM;100-126-06K;"WSM 100-126-06K Piston Kit; Johnson / Evinrude 40 - 90Hp E-Tec 04-17 .030 Over";74,36
WSM;100-126-07K;"WSM 100-126-07K Piston Kit; Johnson / Evinrude 40 - 90Hp E-Tec 04-17 .040 Over";74,36
WSM;100-126K;"WSM 100-126K Piston Kit; Johnson / Evinrude 40 - 90Hp E-Tec 04-17 Standard";74,36
WSM;100-05-04K;"WSM 100-05-04K Piston Kit; Mercury / Mariner 20 - 50 Hp Cross Flow 72-97 .010 Over";74,36
WSM;100-05-045K;"WSM 100-05-045K Piston Kit; Mercury / Mariner 20 - 50 Hp Cross Flow 72-97 .015 Over";74,36
WSM;100-05-06K;"WSM 100-05-06K Piston Kit; Mercury / Mariner 20 - 50 Hp Cross Flow 72-97 .030 Over";74,36
WSM;100-05-07K;"WSM 100-05-07K Piston Kit; Mercury / Mariner 20 - 50 Hp Cross Flow 72-97 .040 Over";74,36
WSM;100-05K;"WSM 100-05K Piston Kit; Mercury / Mariner 20 - 50 Hp Cross Flow 72-97 Standard";74,36
WSM;100-15-045K;"WSM 100-15-045K Piston Kit; Mercury / Mariner 50 - 150 Hp Cross Flow 73-90 .015 Over";74,36
WSM;002-041-02;WSM 002-041-02 Reverse Cable: Kawasaki 900 - 1200 STX 99-03;74,36
WSM;004-526;"WSM 004-526 Throttle Sensor Left; Sea-Doo 900 - 1630 09-26";74,36
WSM;004-525;"WSM 004-525 Throttle Sensor Right; Sea-Doo 900 - 1630 09-26";74,36
WSM;980-105L;WSM 980-105L Vertical To Horizontal Engine Stand Adaptor;74,36
WSM;004-178;"WSM 004-178 Coil, Ignition; Sea-Doo 580 - 720 92-02";74,42
WSM;25-123-01;"WSM 25-123-01 Full Gasket Kit; Honda 250 TRX 02-20";74,42
WSM;25-128;"WSM 25-128 Full Gasket Kit; Honda 250 TRX-X 87-92";74,42
WSM;25-130;"WSM 25-130 Full Gasket Kit; Honda 300 TRX 88-98";74,42
WSM;25-131;"WSM 25-131 Full Gasket Kit; Honda 300 TRX 99-00";74,42
WSM;25-135;"WSM 25-135 Full Gasket Kit; Honda 300 TRX-EX 93-09";74,42
WSM;25-134;"WSM 25-134 Full Gasket Kit; Honda 350 TRX 86-89";74,42
WSM;25-142;"WSM 25-142 Full Gasket Kit; Honda 420 TRX 07-08";74,42
WSM;25-144;"WSM 25-144 Full Gasket Kit; Honda 420 TRX 09-15";74,42
WSM;25-143;"WSM 25-143 Full Gasket Kit; Honda 420 TRX FA 09-14";74,42
WSM;25-761;"WSM 25-761 Full Gasket Kit; Kawasaki 250 KX-F 09-16";74,42
WSM;25-207-02;"WSM 25-207-02 Full Gasket Kit; Kawasaki 300 Brute Force 12-20";74,42
WSM;77-520-01K;"WSM 77-520-01K Intake Flange Kit; Yamaha 350 Banshee 87-06";74,42
WSM;50-229-04K;"WSM 50-229-04K Piston Kit; Honda 250 TRX 01-26 .25mm Over";74,42
WSM;50-229-05K;"WSM 50-229-05K Piston Kit; Honda 250 TRX 01-26 .5mm Over";74,42
WSM;50-229-06K;"WSM 50-229-06K Piston Kit; Honda 250 TRX 01-26 .75mm Over";74,42
WSM;50-229-09K;"WSM 50-229-09K Piston Kit; Honda 250 TRX 01-26 1.5mm Over";74,42
WSM;50-229-07K;"WSM 50-229-07K Piston Kit; Honda 250 TRX 01-26 1mm Over";74,42
WSM;50-229K;"WSM 50-229K Piston Kit; Honda 250 TRX 01-26 Standard";74,42
WSM;50-223-04K;"WSM 50-223-04K Piston Kit; Honda 300 TRX / TRX-FW 88-00 .25mm Over";74,42
WSM;50-223-05K;"WSM 50-223-05K Piston Kit; Honda 300 TRX / TRX-FW 88-00 .5mm Over";74,42
WSM;50-223-06K;"WSM 50-223-06K Piston Kit; Honda 300 TRX / TRX-FW 88-00 .75mm Over";74,42
WSM;50-223-09K;"WSM 50-223-09K Piston Kit; Honda 300 TRX / TRX-FW 88-00 1.5mm Over";74,42
WSM;50-223-07K;"WSM 50-223-07K Piston Kit; Honda 300 TRX / TRX-FW 88-00 1mm Over";74,42
WSM;50-223K;"WSM 50-223K Piston Kit; Honda 300 TRX / TRX-FW 88-00 Standard";74,42
WSM;50-219-05K;"WSM 50-219-05K Piston Kit; Honda 300 TRX-EX 93-09 .5mm Over";74,42
WSM;50-219-09K;"WSM 50-219-09K Piston Kit; Honda 300 TRX-EX 93-09 1.5mm Over";74,42
WSM;50-219-07K;"WSM 50-219-07K Piston Kit; Honda 300 TRX-EX 93-09 1mm Over";74,42
WSM;50-219K;"WSM 50-219K Piston Kit; Honda 300 TRX-EX 93-09 Standard";74,42
WSM;50-250-04K;"WSM 50-250-04K Piston Kit; Kawasaki 220 Bayou 88-02 .25mm Over";74,42
WSM;50-250-05K;"WSM 50-250-05K Piston Kit; Kawasaki 220 Bayou 88-02 .5mm Over";74,42
WSM;50-250-06K;"WSM 50-250-06K Piston Kit; Kawasaki 220 Bayou 88-02 .75mm Over";74,42
WSM;50-250-09K;"WSM 50-250-09K Piston Kit; Kawasaki 220 Bayou 88-02 1.5mm Over";74,42
WSM;50-250-07K;"WSM 50-250-07K Piston Kit; Kawasaki 220 Bayou 88-02 1mm Over";74,42
WSM;50-250K;"WSM 50-250K Piston Kit; Kawasaki 220 Bayou 88-02 Standard";74,42
WSM;50-257-04K;"WSM 50-257-04K Piston Kit; Kawasaki 250 Mojave / KLR 85-04 .25mm Over";74,42
WSM;50-257-05K;"WSM 50-257-05K Piston Kit; Kawasaki 250 Mojave / KLR 85-04 .5mm Over";74,42
WSM;50-257-06K;"WSM 50-257-06K Piston Kit; Kawasaki 250 Mojave / KLR 85-04 .75mm Over";74,42
WSM;50-257-09K;"WSM 50-257-09K Piston Kit; Kawasaki 250 Mojave / KLR 85-04 1.5mm Over";74,42
WSM;50-257-07K;"WSM 50-257-07K Piston Kit; Kawasaki 250 Mojave / KLR 85-04 1mm Over";74,42
WSM;50-257K;"WSM 50-257K Piston Kit; Kawasaki 250 Mojave / KLR 85-04 Standard";74,42
WSM;50-255-04K;"WSM 50-255-04K Piston Kit; Kawasaki 300 88-04 .25mm Over";74,42
WSM;50-255-05K;"WSM 50-255-05K Piston Kit; Kawasaki 300 88-04 .5mm Over";74,42
WSM;50-255-06K;"WSM 50-255-06K Piston Kit; Kawasaki 300 88-04 .75mm Over";74,42
WSM;50-255-09K;"WSM 50-255-09K Piston Kit; Kawasaki 300 88-04 1.5mm Over";74,42
WSM;50-255-07K;"WSM 50-255-07K Piston Kit; Kawasaki 300 88-04 1mm Over";74,42
WSM;50-255K;"WSM 50-255K Piston Kit; Kawasaki 300 88-04 Standard";74,42
WSM;50-540-04K;"WSM 50-540-04K Piston Kit; Yamaha 350 87-14 .25mm Over";74,42
WSM;50-540-05K;"WSM 50-540-05K Piston Kit; Yamaha 350 87-14 .5mm Over";74,42
WSM;50-540-06K;"WSM 50-540-06K Piston Kit; Yamaha 350 87-14 .75mm Over";74,42
WSM;50-540-09K;"WSM 50-540-09K Piston Kit; Yamaha 350 87-14 1.5mm Over";74,42
WSM;50-540-07K;"WSM 50-540-07K Piston Kit; Yamaha 350 87-14 1mm Over";74,42
WSM;50-540K;"WSM 50-540K Piston Kit; Yamaha 350 87-14 Standard";74,42
WSM;50-521-04PK;"WSM 50-521-04PK Piston Kit; Yamaha 350 Banshee 87-06 .25mm Over";74,42
WSM;50-521-05PK;"WSM 50-521-05PK Piston Kit; Yamaha 350 Banshee 87-06 .5mm Over";74,42
WSM;50-521-06PK;"WSM 50-521-06PK Piston Kit; Yamaha 350 Banshee 87-06 .75mm Over";74,42
WSM;50-521-07PK;"WSM 50-521-07PK Piston Kit; Yamaha 350 Banshee 87-06 1mm Over";74,42
WSM;50-521PK;"WSM 50-521PK Piston Kit; Yamaha 350 Banshee 87-06 Standard";74,42
WSM;800-400;"WSM 800-400 Connecting Rod Kit; Nissan / Tohatsu 40 / 50 Hp 3 Cyl";74,44
WSM;800-312;"WSM 800-312 Connecting Rod Kit; Yamaha 25 / 30 Hp 3 Cyl 87-02";74,44
WSM;800-302;"WSM 800-302 Connecting Rod Kit; Yamaha 40 / 50 Hp 3 Cyl";74,44
WSM;800-304;"WSM 800-304 Connecting Rod Kit; Yamaha 60 / 70 Hp 3 Cyl";74,44
WSM;100-07-04K;"WSM 100-07-04K Piston Kit; Mercury / Mariner 45 - 60 Hp 91-97 .010 Over";74,44
WSM;100-07-045K;"WSM 100-07-045K Piston Kit; Mercury / Mariner 45 - 60 Hp 91-97 .015 Over";74,44
WSM;100-07-05K;"WSM 100-07-05K Piston Kit; Mercury / Mariner 45 - 60 Hp 91-97 .020 Over";74,44
WSM;100-07-06K;"WSM 100-07-06K Piston Kit; Mercury / Mariner 45 - 60 Hp 91-97 .030 Over";74,44
WSM;100-07-07K;"WSM 100-07-07K Piston Kit; Mercury / Mariner 45 - 60 Hp 91-97 .040 Over";74,44
WSM;100-07K;"WSM 100-07K Piston Kit; Mercury / Mariner 45 - 60 Hp 91-97 Standard";74,44
WSM;010-809-04K;"WSM 010-809-04K Piston Kit; Sea-Doo 951 DI 00-06 .25mm Over";74,48
WSM;010-809-05K;"WSM 010-809-05K Piston Kit; Sea-Doo 951 DI 00-06 .5mm Over";74,48
WSM;010-809-06K;"WSM 010-809-06K Piston Kit; Sea-Doo 951 DI 00-06 .75mm Over";74,48
WSM;010-809-07K;"WSM 010-809-07K Piston Kit; Sea-Doo 951 DI 00-06 1mm Over";74,48
WSM;010-809K;"WSM 010-809K Piston Kit; Sea-Doo 951 DI 00-06 Standard";74,48
WSM;002-058-06;WSM 002-058-06 Reverse Cable: Yamaha 800 / 1200 99-05;74,48
WSM;725-437;"WSM 725-437 Water Pump Service Kit; Yamaha 225 - 300 Hp";74,74
WSM;50-542-04K;"WSM 50-542-04K Piston Kit; Yamaha 600 Grizzly 98-01 .25mm Over";74,8
WSM;50-542-05K;"WSM 50-542-05K Piston Kit; Yamaha 600 Grizzly 98-01 .5mm Over";74,8
WSM;50-542-06K;"WSM 50-542-06K Piston Kit; Yamaha 600 Grizzly 98-01 .75mm Over";74,8
WSM;50-542-07K;"WSM 50-542-07K Piston Kit; Yamaha 600 Grizzly 98-01 1mm Over";74,8
WSM;50-542K;"WSM 50-542K Piston Kit; Yamaha 600 Grizzly 98-01 Standard";74,8
WSM;363-8141;"WSM 363-8141 Sensor, Camshaft Position; Mercruiser / Volvo V6 - V8";74,83
WSM;778-235;"WSM 778-235 Sensor, Cam Position; Yamaha 150 - 300 Hp 4 Stroke 2005-24";74,92
WSM;010-1341;"WSM 010-1341 Cylinder Sleeve; Kawasaki 1100 96-04";75,04
WSM;010-1329;"WSM 010-1329 Cylinder Sleeve; Yamaha 1200 99-05";75,04
WSM;010-876-05PK;"WSM 010-876-05PK Piston Kit; Yamaha 1050 16-26 .5mm Over Platinum";75,04
WSM;010-876-07PK;"WSM 010-876-07PK Piston Kit; Yamaha 1050 16-26 1mm Over Platinum";75,04
WSM;010-876PK;"WSM 010-876PK Piston Kit; Yamaha 1050 16-26 Standard Platinum";75,04
WSM;500-312;"WSM 500-312 Gasket Kit, Powerhead; Mariner / Yamaha 40 Hp 2 Cyl 82-97";75,18
WSM;446-147;"WSM 446-147 Lower Unit Seal Kit; Yamaha 225 / 250 4-Stroke 3.3L 06-16";75,2
WSM;600-084;"WSM 600-084 Fuel Pump; Johnson / Evinrude / Suzuki 60 - 70 Hp 4-Stroke 98-00";75,34
WSM;506-46;"WSM 506-46 Gasket, Head; Yamaha 115 Hp L4 1.8L 4-Stroke";75,34
WSM;365-5112;"WSM 365-5112 Rectifier / Regulator; Mercury 65 - 90 Hp";75,36
WSM;003-503S;"WSM 003-503S Jet Pump Wear Ring; Sea-Doo 720 - 1503 98-07";75,54
WSM;50-402-04K;"WSM 50-402-04K Piston Kit; Suzuki 400 Eiger / King Quad 02-24 .25mm Over";75,54
WSM;50-402-05K;"WSM 50-402-05K Piston Kit; Suzuki 400 Eiger / King Quad 02-24 .5mm Over";75,54
WSM;50-402-06K;"WSM 50-402-06K Piston Kit; Suzuki 400 Eiger / King Quad 02-24 .75mm Over";75,54
WSM;50-402-07K;"WSM 50-402-07K Piston Kit; Suzuki 400 Eiger / King Quad 02-24 1mm Over";75,54
WSM;50-402K;"WSM 50-402K Piston Kit; Suzuki 400 Eiger / King Quad 02-24 Standard";75,54
WSM;983-190;WSM 983-190 Prop & Carrier Puller: Universal;75,54
WSM;810-176;"WSM 810-176 Stud Kit, Power Head; Mercury 2.0 /2.5 Liter 1996-Up";75,54
WSM;810-175;"WSM 810-175 Stud Kit, Power Head; Mercury 2.0 /2.5 Liter Up-1995";75,54
WSM;983-415;"WSM 983-415 Tilt / Trim Cylinder End Cap Remover; Universal";75,54
WSM;500-425;"WSM 500-425 Gasket Kit, Powerhead; Nissan / Tohatsu MF9.9 / 18 Hp 2 Cyl";75,56
WSM;446-144;"WSM 446-144 Lower Unit Seal Kit; Yamaha 115 Hp 4-Stroke 00-14";75,56
WSM;54-536-11;"WSM 54-536-11 Top End Rebuild Kit; Yamaha 80 Grizzly / Raptor / YFM 86-08 .25mm Over";75,56
WSM;54-536-12;"WSM 54-536-12 Top End Rebuild Kit; Yamaha 80 Grizzly / Raptor / YFM 86-08 .5mm Over";75,56
WSM;54-536-13;"WSM 54-536-13 Top End Rebuild Kit; Yamaha 80 Grizzly / Raptor / YFM 86-08 .75mm Over";75,56
WSM;54-536-14;"WSM 54-536-14 Top End Rebuild Kit; Yamaha 80 Grizzly / Raptor / YFM 86-08 1mm Over";75,56
WSM;54-536-10;"WSM 54-536-10 Top End Rebuild Kit; Yamaha 80 Grizzly / Raptor / YFM 86-08 Standard";75,56
WSM;750-445;"WSM 750-445 Water Pump Kit Complete; Yamaha 75 - 100 Hp 4-Stroke 99-17";75,61
WSM;010-831-04K;"WSM 010-831-04K Piston Kit; Polaris 650 SL 92-95 .25mm Over";75,62
WSM;010-831-05K;"WSM 010-831-05K Piston Kit; Polaris 650 SL 92-95 .5mm Over";75,62
WSM;010-831-06K;"WSM 010-831-06K Piston Kit; Polaris 650 SL 92-95 .75mm Over";75,62
WSM;010-831-07K;"WSM 010-831-07K Piston Kit; Polaris 650 SL 92-95 1mm Over";75,62
WSM;010-831K;"WSM 010-831K Piston Kit; Polaris 650 SL 92-95 Standard";75,62
WSM;007-606;"WSM 007-606 Complete Gasket Kit; Yamaha 700 94-04";75,77
WSM;010-828-07PK;"WSM 010-828-07PK Piston Kit; Yamaha 800 98-05 1mm Over Platinum";75,83
WSM;006-110;"WSM 006-110 Throttle Body Damper Assembly; Yamaha 1800 08-10";75,83
WSM;500-316;"WSM 500-316 Gasket Kit, Powerhead; Yamaha 40 / 50 Hp 3 Cylinder 95-05";75,85
WSM;1000-BP3000;"WSM 1000-BP3000 Bilge Pump; 3000 GPH";75,86
WSM;500-313;"WSM 500-313 Gasket Kit, Powerhead; Yamaha 40 / 50 Hp 3 Cylinder 89-94";75,9
WSM;500-335;"WSM 500-335 Gasket Kit, Powerhead; Yamaha 75 - 90 Hp 3 Cylinder 84-09";75,9
WSM;006-715-100;"WSM 006-715-100 Hose, Polyeurethane; 5/16'' x 100'";75,91
WSM;986-105;"WSM 986-105 Tilt Tube, Stainless Steel; Johnson / Evinrude / Chrysler / Force 15 - 75 Hp";76,31
WSM;004-204;"WSM 004-204 Coil, Lighting; Sea-Doo 580 - 720 92-05";76,38
WSM;010-204-02;"WSM 010-204-02 Aft Bearing; Yamaha 800 98-05";76,58
WSM;010-204;"WSM 010-204 Crankshaft Bearing; Yamaha 650 - 760 / 1100 90-20";76,58
WSM;010-428;"WSM 010-428 Crankshaft Web; Yamaha 800 / 1200 / 1300 97-08";76,58
WSM;778-050;"WSM 778-050 Sender,Trim Limit Kit; Mercruiser Alpha";76,7
WSM;24-057-01;"WSM 24-057-01 Water Pump; Suzuki 400 05-13";76,7
WSM;27-125C;"WSM 27-125C Top End Gasket Kit; Honda 400 TRX / XR-R 96-14";76,75
WSM;010-295-15;"WSM 010-295-15 Center Main Bearing; Yamaha 115 - 225 Hp 84-14";76,81
WSM;600-090-05;"WSM 600-090-05 Fuel Pump; Mercury / Mariner 30 - 300 Hp 83-04";76,97
WSM;365-1950;"WSM 365-1950 Rectifier / Regulator; Yamaha 75 - 115 Hp 2-Stroke";76,97
WSM;950-140;"WSM 950-140 Alignment Tool; Sea-Doo 1503 4-Tec 02-09";77,05
WSM;004-201;"WSM 004-201 Armature / Stator Coil; Sea-Doo 800 RFI 98-05";77,05
WSM;600-80K;"WSM 600-80K Carburetor Kit; Yamaha 150 - 220 Hp With Single Float";77,05
WSM;88-420;"WSM 88-420 Clutch Kit, Complete; Suzuki 450 RMZ 05-07";77,05
WSM;88-422;"WSM 88-422 Clutch Kit, Complete; Suzuki 450 RMZ 08-26";77,05
WSM;88-536;"WSM 88-536 Clutch Kit, Complete; Yamaha 426 / 450 WR-F 01-03";77,05
WSM;007-604;"WSM 007-604 Complete Gasket Kit; Yamaha 700 93-20";77,05
WSM;010-529;"WSM 010-529 Connecting Rod; Yamaha 1000 / 1100 FX 03-08";77,05
WSM;600-075;"WSM 600-075 Fuel Pump; Suzuki 25 / 30 Hp 4-Stroke 15-24 Low Pressure";77,05
WSM;600-080;"WSM 600-080 Fuel Pump; Suzuki 40 - 60 Hp 4-Stroke 10-18";77,05
WSM;600-087;"WSM 600-087 Fuel Pump; Yamaha 20 / 40 Hp 4-Stroke EFI 06-24";77,05
WSM;004-405WSM;"WSM 004-405WSM Maintenance Free Battery; STX20L-BS";77,05
WSM;100-200-05K;"WSM 100-200-05K Piston Kit; Chrysler / Force 50 - 150 Hp 77-92 .020 Over";77,05
WSM;100-200-06K;"WSM 100-200-06K Piston Kit; Chrysler / Force 50 - 150 Hp 77-92 .030 Over";77,05
WSM;100-200-07K;"WSM 100-200-07K Piston Kit; Chrysler / Force 50 - 150 Hp 77-92 .040 Over";77,05
WSM;100-200K;"WSM 100-200K Piston Kit; Chrysler / Force 50 - 150 Hp 77-92 Std";77,05
WSM;010-832-04PK;"WSM 010-832-04PK Piston Kit; Polaris 700 00-04 .25mm Over Platinum";77,05
WSM;010-832-05PK;"WSM 010-832-05PK Piston Kit; Polaris 700 00-04 .5mm Over Platinum";77,05
WSM;010-832-06PK;"WSM 010-832-06PK Piston Kit; Polaris 700 00-04 .75mm Over Platinum";77,05
WSM;010-832-07PK;"WSM 010-832-07PK Piston Kit; Polaris 700 00-04 1mm Over Platinum";77,05
WSM;010-832PK;"WSM 010-832PK Piston Kit; Polaris 700 00-04 Standard Platinum";77,05
WSM;010-819-04PK;"WSM 010-819-04PK Piston Kit; Sea-Doo 951 98-03 .25mm Over Platinum";77,05
WSM;010-819-05PK;"WSM 010-819-05PK Piston Kit; Sea-Doo 951 98-03 .5mm Over Platinum";77,05
WSM;010-819-06PK;"WSM 010-819-06PK Piston Kit; Sea-Doo 951 98-03 .75mm Over Platinum";77,05
WSM;010-819-07PK;"WSM 010-819-07PK Piston Kit; Sea-Doo 951 98-03 1mm Over Platinum";77,05
WSM;010-819PK;"WSM 010-819PK Piston Kit; Sea-Doo 951 98-03 Standard Platinum";77,05
WSM;PH115-APL02-G;"WSM PH115-APL02-G Starter Drive; Polaris 600 - 800 Sportsman 02-08 Heavy Duty";77,05
WSM;PH110-AC12;"WSM PH110-AC12 Starter; Arctic Cat 250 / 300 06-13";77,05
WSM;PH110-AC05;"WSM PH110-AC05 Starter; Arctic Cat 375 / 400 02-08";77,05
WSM;PH110-AC02;"WSM PH110-AC02 Starter; Arctic Cat 400 / 500 / 650 98-09";77,05
WSM;PH110-AC16;"WSM PH110-AC16 Starter; Arctic Cat 500 4x4 Manual 08-09";77,05
WSM;PH110-AC06;"WSM PH110-AC06 Starter; Arctic Cat 650 V2 04-06";77,05
WSM;PH110-BB09;"WSM PH110-BB09 Starter; Can-Am 250 DS 06-25";77,05
WSM;PH110-BB08;"WSM PH110-BB08 Starter; Can-Am 450 - 1000 06-26";77,05
WSM;PH110-BB02;"WSM PH110-BB02 Starter; Can-Am 500 / 650 Traxter / Quest 02-05";77,05
WSM;PH100-HN01-R;"WSM PH100-HN01-R Starter; Honda 1200 Aquatrax 02-07";77,05
WSM;PH110-HN02;"WSM PH110-HN02 Starter; Honda 350 TRX 1986";77,05
WSM;PH110-HN06;"WSM PH110-HN06 Starter; Honda 350 TRX 87-89";77,05
WSM;PH110-HN14;"WSM PH110-HN14 Starter; Honda 400 - 500 TRX 95-11";77,05
WSM;PH110-HN05;"WSM PH110-HN05 Starter; Honda 400 Pilot 89-90";77,05
WSM;PH110-HN16;"WSM PH110-HN16 Starter; Honda 400 TRX Rancher 04-07";77,05
WSM;PH110-HN17;"WSM PH110-HN17 Starter; Honda 400 TRX-EX 05-14";77,05
WSM;PH110-HN12;"WSM PH110-HN12 Starter; Honda 400 TRX-EX 99-04";77,05
WSM;PH110-HN13;"WSM PH110-HN13 Starter; Honda 500 TRX Rubicon 4x4 01-14";77,05
WSM;PH110-HN23;"WSM PH110-HN23 Starter; Honda 700 Big Red 09-13";77,05
WSM;PH125-KT02;"WSM PH125-KT02 Starter; KTM 250 / 400 - 540 00-11";77,05
WSM;PH110-KT02;"WSM PH110-KT02 Starter; KTM 450 / 525 XC 08-09";77,05
WSM;PH110-PL12;"WSM PH110-PL12 Starter; Polaris 450 / 525 Outlaw 07-11";77,05
WSM;PH110-PL08;"WSM PH110-PL08 Starter; Polaris 500 Outlaw / Predator 03-07";77,05
WSM;PH100-SD01-R;"WSM PH100-SD01-R Starter; Sea-Doo 580 / 650 89-94";77,05
WSM;PH110-SZ12;"WSM PH110-SZ12 Starter; Suzuki 450 / 500 King Quad 07-25";77,05
WSM;PH110-SZ05;"WSM PH110-SZ05 Starter; Suzuki 500 LT-F / Vinson 98-07";77,05
WSM;PH100-TS01-R;"WSM PH100-TS01-R Starter; Tiger Shark 640 - 1100 93-99";77,05
WSM;PH100-YA03-R;"WSM PH100-YA03-R Starter; Yamaha 1000 / 1100 02-10";77,05
WSM;PH100-YA06-R;"WSM PH100-YA06-R Starter; Yamaha 1100 4 Cyl 05-15";77,05
WSM;PH110-YA10;"WSM PH110-YA10 Starter; Yamaha 250 Raptor 08-13";77,05
WSM;PH125-YA19;"WSM PH125-YA19 Starter; Yamaha 250 WR-F 03-13";77,05
WSM;PH100-YA04-R;"WSM PH100-YA04-R Starter; Yamaha 760 96-00";77,05
WSM;002-073;WSM 002-073 Steering Cable: Kawasaki 650 X2 88 / 90;77,05
WSM;002-049;WSM 002-049 Steering Cable: Yamaha 650 / 700 Wave Runner III 90-97;77,05
WSM;54-210-11;"WSM 54-210-11 Top End Rebuild Kit; Honda 250 TRX-R 87-89 .25mm Over";77,05
WSM;54-210-12;"WSM 54-210-12 Top End Rebuild Kit; Honda 250 TRX-R 87-89 .5mm Over";77,05
WSM;54-210-13;"WSM 54-210-13 Top End Rebuild Kit; Honda 250 TRX-R 87-89 .75mm Over";77,05
WSM;003-509;"WSM 003-509 Transom Plate; Yamaha 1100 / 1200 96-14";77,05
WSM;002-052-04;WSM 002-052-04 Trim Cable: Yamaha 1000 / 1100 FX 02-07;77,05
WSM;600-090;"WSM 600-090 Fuel Pump; Mercury 75 - 300 Hp DFI";77,1
WSM;60-520-01;"WSM 60-520-01 Cylinder Sleeve; Yamaha 350 Banshee 87-06";77,34
WSM;007-399-05;"WSM 007-399-05 Head Gasket; Sea-Doo 1503 / 1630 4-Tec 02-26";77,34
WSM;003-113-03;"WSM 003-113-03 Impeller Shaft; Sea Doo 900 Spark 14-26";77,34
WSM;010-871K;"WSM 010-871K Piston Kit; Yamaha 1100 HO 04-10 Standard";77,34
WSM;002-058-08;WSM 002-058-08 Reverse Cable: Yamaha 760 / 1200 97-99;77,34
WSM;004-181;"WSM 004-181 Coil, Ignition; Kawasaki 440 JS 77-80";77,35
WSM;PH500-M075;"WSM PH500-M075 Fuel Pump; Yamaha";77,35
WSM;PH500-M072;"WSM PH500-M072 Fuel Pump; Yamaha 30 - 75 Hp 4-Stroke 05-21";77,35
WSM;500-317;"WSM 500-317 Gasket Kit, Powerhead; Mariner / Yamaha 9.9 / 15 Hp 94-95";77,39
WSM;50-215-04K;"WSM 50-215-04K Piston Kit; Honda 500 TRX / Pioneer 12-23 .25mm Over";77,8
WSM;50-215-05K;"WSM 50-215-05K Piston Kit; Honda 500 TRX / Pioneer 12-23 .5mm Over";77,8
WSM;50-215-06K;"WSM 50-215-06K Piston Kit; Honda 500 TRX / Pioneer 12-23 .75mm Over";77,8
WSM;50-215-07K;"WSM 50-215-07K Piston Kit; Honda 500 TRX / Pioneer 12-23 1mm Over";77,8
WSM;50-215K;"WSM 50-215K Piston Kit; Honda 500 TRX / Pioneer 12-23 Standard";77,8
WSM;25-524;"WSM 25-524 Full Gasket Kit; Yamaha 600 Grizzly 98-01";77,83
WSM;010-421;"WSM 010-421 Crankshaft Web; Kawasaki 750 / 800 96-09";77,87
WSM;010-440;"WSM 010-440 Crankshaft Web; Kawasaki 900 / 1100 95-06";77,87
WSM;003-645-01;"WSM 003-645-01 Jet Pump Repair Kit; Sea-Doo 1630 17-24";77,87
WSM;778-127;"WSM 778-127 Sensor, Water; Volvo";77,87
WSM;003-135;"WSM 003-135 Jet Pump Collar; Sea-Doo 1503 4-Tec 04-09";77,98
WSM;375-7275;"WSM 375-7275 Ignition Coil; Johnson / Evinrude 15 - 300 Hp E-Tec / G2 08-17";78
WSM;002-051;"WSM 002-051 Steering Cable; Yamaha 500 / 650 Wave Runner / LX 89-93";78,34
WSM;25-961;"WSM 25-961 Full Gasket Kit; Suzuki 250 RMZ 07-09";78,48
WSM;004-185;"WSM 004-185 Coil, Ignition; Kawasaki 1200 / 1500 03-26";78,6
WSM;750-420-03;"WSM 750-420-03 Water Pump Kit Complete; Yamaha 70 Hp 4-Stroke 11-21";78,65
WSM;725-455;"WSM 725-455 Water Pump Service Kit; Yamaha 200 - 300 Hp 4.2L 4-Stroke";78,65
WSM;003-404;"WSM 003-404 Bearing Housing; Yamaha 1100 VX 05-09";78,83
WSM;010-1372;"WSM 010-1372 Cylinder Sleeve; Yamaha 1000 / 1100 02-09";78,83
WSM;010-1370;"WSM 010-1370 Cylinder Sleeve; Yamaha 1000 FX 140 02-04";78,83
WSM;500-150;"WSM 500-150 Gasket Kit, Powerhead; Johnson / Evinrude 135 - 175 Hp FICHT 60 Degree";78,83
WSM;002-042-02;WSM 002-042-02 Steering Cable: Kawasaki 750 / 900 ZXI 95-97;78,83
WSM;360-2125;"WSM 360-2125 Power Pack; Johnson / Evinrude 85 - 140 Hp 4 Cylinder Cross Flow 78-84";79,04
WSM;500-330;"WSM 500-330 Gasket Kit, Powerhead; Yamaha 60 / 70 Hp 3 Cylinder 84-17";79,09
WSM;363-8590;"WSM 363-8590 Sensor, Trim; Mercury 200 - 300 Hp Verado 6 Cyl";79,12
WSM;778-153;"WSM 778-153 Sensor, Camshaft Position; Volvo";79,19
WSM;010-1342;"WSM 010-1342 Cylinder Sleeve; Kawasaki 1200 STX-R / Ultra 150 99-05";79,28
WSM;600-092;"WSM 600-092 Fuel Pump; Mercury / Mariner 30 - 60 Hp 4-Stroke 02-21";79,36
WSM;779-174;"WSM 779-174 Valve, IAC; Crusader / Mercruiser 5.7 - 7.4 Liter V8 MPI";79,55
WSM;010-514;"WSM 010-514 Connecting Rod; Sea-Doo 1503 4-Tec 03-19";79,62
WSM;006-618;"WSM 006-618 Fuel Injector; Sea-Doo 900 Spark 16-18";79,62
WSM;002-208;"WSM 002-208 Shift Cable; Yamaha 1200 / 1800 00-05";79,62
WSM;100-275-04PPK;"WSM 100-275-04PPK Piston Kit; Yamaha 115 - 225 Hp 92-09 Port .010 Over Platinum";79,64
WSM;100-275-05PPK;"WSM 100-275-05PPK Piston Kit; Yamaha 115 - 225 Hp 92-09 Port .020 Over Platinum";79,64
WSM;100-275-06PPK;"WSM 100-275-06PPK Piston Kit; Yamaha 115 - 225 Hp 92-09 Port .030 Over Platinum";79,64
WSM;100-275-07PPK;"WSM 100-275-07PPK Piston Kit; Yamaha 115 - 225 Hp 92-09 Port .040 Over Platinum";79,64
WSM;100-275PPK;"WSM 100-275PPK Piston Kit; Yamaha 115 - 225 Hp 92-09 Port Standard Platinum";79,64
WSM;100-275-04SPK;"WSM 100-275-04SPK Piston Kit; Yamaha 115 - 225 Hp 92-09 Starboard .010 Over Platinum";79,64
WSM;100-275-05SPK;"WSM 100-275-05SPK Piston Kit; Yamaha 115 - 225 Hp 92-09 Starboard .020 Over Platinum";79,64
WSM;100-275-06SPK;"WSM 100-275-06SPK Piston Kit; Yamaha 115 - 225 Hp 92-09 Starboard .030 Over Platinum";79,64
WSM;100-275-07SPK;"WSM 100-275-07SPK Piston Kit; Yamaha 115 - 225 Hp 92-09 Starboard .040 Over Platinum";79,64
WSM;100-275SPK;"WSM 100-275SPK Piston Kit; Yamaha 115 - 225 Hp 92-09 Starboard Standard Platinum";79,64
WSM;003-127-01;"WSM 003-127-01 PTO End; Sea-Doo 800 96-03";79,8
WSM;50-231-04K;"WSM 50-231-04K Piston Kit; Honda 420 TRX 07-26 .25mm Over";79,84
WSM;50-231-05K;"WSM 50-231-05K Piston Kit; Honda 420 TRX 07-26 .5mm Over";79,84
WSM;50-231-06K;"WSM 50-231-06K Piston Kit; Honda 420 TRX 07-26 .75mm Over";79,84
WSM;50-231-09K;"WSM 50-231-09K Piston Kit; Honda 420 TRX 07-26 1.5mm Over";79,84
WSM;50-231-07K;"WSM 50-231-07K Piston Kit; Honda 420 TRX 07-26 1mm Over";79,84
WSM;50-231K;"WSM 50-231K Piston Kit; Honda 420 TRX 07-26 Standard";79,84
WSM;010-813-05K;"WSM 010-813-05K Piston Kit; Kawasaki 550 SX 91-95 .5mm";80,2
WSM;010-813-07K;"WSM 010-813-07K Piston Kit; Kawasaki 550 SX 91-95 1mm";80,2
WSM;010-813K;"WSM 010-813K Piston Kit; Kawasaki 550 SX 91-95 Standard";80,2
WSM;362-500;"WSM 362-500 Harness; Yamaha 115 - 250 Hp 84-04";80,22
WSM;45-605;"WSM 45-605 Connecting Rod; Honda 250 CR 87-01";80,24
WSM;45-625;"WSM 45-625 Connecting Rod; Kawasaki 250 KDX / KX 78-07";80,24
WSM;502-125;WSM 502-125 Lower Conversion Gasket Set: 5.0 / 5.7L 305 / 350 CI.;80,24
WSM;010-870-04K;"WSM 010-870-04K Piston Kit; Yamaha 1000 FX / AR / SR 02-08 .25mm Over";80,32
WSM;010-870-05K;"WSM 010-870-05K Piston Kit; Yamaha 1000 FX / AR / SR 02-08 .5mm Over";80,32
WSM;010-870K;"WSM 010-870K Piston Kit; Yamaha 1000 FX / AR / SR 02-08 Standard";80,32
WSM;360-4783;"WSM 360-4783 Power Pack; Johnson / Evinrude 9.9 / 15 Hp 2 Cylinder Cross Flow 93-07";80,39
WSM;1000-BP3500;"WSM 1000-BP3500 Bilge Pump; 3500 GPH";80,63
WSM;610-305;"WSM 610-305 Fuel Injector; Yamaha 50 - 70 Hp 4-Stroke 05-18";80,66
WSM;010-1324;"WSM 010-1324 Cylinder Sleeve; Yamaha 1300 GP-R 03-08";80,7
WSM;010-1328;"WSM 010-1328 Cylinder Sleeve; Yamaha 800 98-05";80,7
WSM;26-291C;"WSM 26-291C Top End Gasket Kit; Polaris 900 RZR 11-14";80,8
WSM;380-5112;"WSM 380-5112 Ignition Coil; Mercury / Mariner / Yamaha 8 - 25 / 40 / 48 Hp 80-97";80,86
WSM;60-144;"WSM 60-144 Axle Carrier; Polaris 250 - 500 99-08";80,9
WSM;100-60-04K;"WSM 100-60-04K Piston Kit; Mercury / Mariner / Yamaha 25 - 60 Hp 4-Stroke .010 Over";80,9
WSM;100-60-05K;"WSM 100-60-05K Piston Kit; Mercury / Mariner / Yamaha 25 - 60 Hp 4-Stroke .020 Over";80,9
WSM;100-60-06K;"WSM 100-60-06K Piston Kit; Mercury / Mariner / Yamaha 25 - 60 Hp 4-Stroke .030 Over";80,9
WSM;100-60K;"WSM 100-60K Piston Kit; Mercury / Mariner / Yamaha 25 - 60 Hp 4-Stroke Standard";80,9
WSM;010-809-04PK;"WSM 010-809-04PK Piston Kit; Sea-Doo 951 DI 00-06 .25mm Over Platinum";80,9
WSM;010-809-05PK;"WSM 010-809-05PK Piston Kit; Sea-Doo 951 DI 00-06 .5mm Over Platinum";80,9
WSM;010-809-06PK;"WSM 010-809-06PK Piston Kit; Sea-Doo 951 DI 00-06 .75mm Over Platinum";80,9
WSM;010-809-07PK;"WSM 010-809-07PK Piston Kit; Sea-Doo 951 DI 00-06 1mm Over Platinum";80,9
WSM;010-809PK;"WSM 010-809PK Piston Kit; Sea-Doo 951 DI 00-06 Standard Platinum";80,9
WSM;011-811K;WSM 011-811K Seal Kit Hull: Sea-Doo 900 Spark 14-26;80,9
WSM;007-611-01;"WSM 007-611-01 Top End Gasket Kit; Yamaha 1200 Non Power Valve 97-04";80,9
WSM;65-720;"WSM 65-720 Voltage Regulator; Arctic Cat 250 / 300 99-00";80,9
WSM;986-160;"WSM 986-160 Tilt Tube, Stainless Steel; Johnson / Evinrude 85 - 300 Hp";80,93
WSM;778-115;"WSM 778-115 Sensor,Camshaft; Mercury / Mercuriser 200 / 1350 Hp";80,98
WSM;985-135K;"WSM 985-135K Engine Lifting Kit; Heavy Duty";81,16
WSM;100-30-04PK;"WSM 100-30-04PK Piston Kit; Mercury / Mariner 135 - 200 Hp 00-05 Port .010 Over";81,25
WSM;100-30-045PK;"WSM 100-30-045PK Piston Kit; Mercury / Mariner 135 - 200 Hp 00-05 Port .015 Over";81,25
WSM;100-30-05PK;"WSM 100-30-05PK Piston Kit; Mercury / Mariner 135 - 200 Hp 00-05 Port .020 Over";81,25
WSM;100-30-06PK;"WSM 100-30-06PK Piston Kit; Mercury / Mariner 135 - 200 Hp 00-05 Port .030 Over";81,25
WSM;100-30-07PK;"WSM 100-30-07PK Piston Kit; Mercury / Mariner 135 - 200 Hp 00-05 Port .040 Over";81,25
WSM;100-30PK;"WSM 100-30PK Piston Kit; Mercury / Mariner 135 - 200 Hp 00-05 Port Standard";81,25
WSM;100-30-04SK;"WSM 100-30-04SK Piston Kit; Mercury / Mariner 135 - 200 Hp 00-05 Starboard .010 Over";81,25
WSM;100-30-045SK;"WSM 100-30-045SK Piston Kit; Mercury / Mariner 135 - 200 Hp 00-05 Starboard .015 Over";81,25
WSM;100-30-05SK;"WSM 100-30-05SK Piston Kit; Mercury / Mariner 135 - 200 Hp 00-05 Starboard .020 Over";81,25
WSM;100-30-06SK;"WSM 100-30-06SK Piston Kit; Mercury / Mariner 135 - 200 Hp 00-05 Starboard .030 Over";81,25
WSM;100-30-07SK;"WSM 100-30-07SK Piston Kit; Mercury / Mariner 135 - 200 Hp 00-05 Starboard .040 Over";81,25
WSM;100-30SK;"WSM 100-30SK Piston Kit; Mercury / Mariner 135 - 200 Hp 00-05 Starboard Standard";81,25
WSM;50-315K;"WSM 50-315K Piston Kit; Polaris 800 05-16 Standard";81,35
WSM;830-310;"WSM 830-310 Belt, Serpentine; Mercruiser V6 - V8";81,42
WSM;100-40-04K;"WSM 100-40-04K Piston Kit; Mercury / Mariner 65 - 125 Hp Looper 94-06 .010 Over";81,5
WSM;100-40-05K;"WSM 100-40-05K Piston Kit; Mercury / Mariner 65 - 125 Hp Looper 94-06 .020 Over";81,5
WSM;100-40-06K;"WSM 100-40-06K Piston Kit; Mercury / Mariner 65 - 125 Hp Looper 94-06 .030 Over";81,5
WSM;100-40-07K;"WSM 100-40-07K Piston Kit; Mercury / Mariner 65 - 125 Hp Looper 94-06 .040 Over";81,5
WSM;100-40K;"WSM 100-40K Piston Kit; Mercury / Mariner 65 - 125 Hp Looper 94-08 Standard";81,5
WSM;010-1319;"WSM 010-1319 Cylinder Sleeve; Sea-Doo 951 97-02";81,59
WSM;778-157;"WSM 778-157 Sensor, Map; Mercruiser / OMC 8.1 Liter V8";81,6
WSM;600-367;"WSM 600-367 Sensor, Throttle Position; Mercury / Yamaha 150 - 225 Hp 4 Stroke";81,64
WSM;PH500-M082;"WSM PH500-M082 Fuel Pump; Evinrude / Mercury / Mariner / Tohatsu 4 - 30 Hp 4-Stroke 04-18";81,72
WSM;50-256-04K;"WSM 50-256-04K Piston Kit; Kawasaki 650 Brute Force / Prairie 02-13 .25mm Over";81,8
WSM;50-256-05K;"WSM 50-256-05K Piston Kit; Kawasaki 650 Brute Force / Prairie 02-13 .5mm Over";81,8
WSM;50-256-06K;"WSM 50-256-06K Piston Kit; Kawasaki 650 Brute Force / Prairie 02-13 .75mm Over";81,8
WSM;50-256-09K;"WSM 50-256-09K Piston Kit; Kawasaki 650 Brute Force / Prairie 02-13 1.5mm Over";81,8
WSM;50-256-07K;"WSM 50-256-07K Piston Kit; Kawasaki 650 Brute Force / Prairie 02-13 1mm Over";81,8
WSM;50-256K;"WSM 50-256K Piston Kit; Kawasaki 650 Brute Force / Prairie 02-13 Standard";81,8
WSM;010-497-01;"WSM 010-497-01 Power Valve Link; Yamaha 800 - 1200 95-05";81,8
WSM;005-100;"WSM 005-100 Service Kit; Kawasaki 1200 / 1500 03-19";81,8
WSM;007-664-01;"WSM 007-664-01 Top End Gasket Kit; Tiger Shark 900 - 1100 95-99";81,8
WSM;25-313;"WSM 25-313 Full Gasket Kit; Polaris 500 Outlaw / Predator 05-07";81,85
WSM;25-312;"WSM 25-312 Full Gasket Kit; Polaris 500 Predator 03-04";81,85
WSM;25-416;"WSM 25-416 Full Gasket Kit; Suzuki 400 Eiger / King Quad 02-12";81,85
WSM;25-427;"WSM 25-427 Full Gasket Kit; Suzuki 500 King Quad 08-14";81,85
WSM;50-226-04K;"WSM 50-226-04K Piston Kit; Honda 350 TRX 00-06 .25mm Over";81,85
WSM;50-226-05K;"WSM 50-226-05K Piston Kit; Honda 350 TRX 00-06 .5mm Over";81,85
WSM;50-226-06K;"WSM 50-226-06K Piston Kit; Honda 350 TRX 00-06 .75mm Over";81,85
WSM;50-226-09K;"WSM 50-226-09K Piston Kit; Honda 350 TRX 00-06 1.5mm Over";81,85
WSM;50-226-07K;"WSM 50-226-07K Piston Kit; Honda 350 TRX 00-06 1mm Over";81,85
WSM;50-226K;"WSM 50-226K Piston Kit; Honda 350 TRX 00-06 Standard";81,85
WSM;50-220-04K;"WSM 50-220-04K Piston Kit; Honda 400 TRX-FW 95-03 .25mm Over";81,85
WSM;50-220-05K;"WSM 50-220-05K Piston Kit; Honda 400 TRX-FW 95-03 .5mm Over";81,85
WSM;50-220-06K;"WSM 50-220-06K Piston Kit; Honda 400 TRX-FW 95-03 .75mm Over";81,85
WSM;50-220-09K;"WSM 50-220-09K Piston Kit; Honda 400 TRX-FW 95-03 1.5mm Over";81,85
WSM;50-220-07K;"WSM 50-220-07K Piston Kit; Honda 400 TRX-FW 95-03 1mm Over";81,85
WSM;50-220K;"WSM 50-220K Piston Kit; Honda 400 TRX-FW 95-03 Standard";81,85
WSM;50-548-04K;"WSM 50-548-04K Piston Kit; Yamaha 450 03-26 .25mm Over";81,85
WSM;50-548-05K;"WSM 50-548-05K Piston Kit; Yamaha 450 03-26 .5mm Over";81,85
WSM;50-548-06K;"WSM 50-548-06K Piston Kit; Yamaha 450 03-26 .75mm Over";81,85
WSM;50-548-07K;"WSM 50-548-07K Piston Kit; Yamaha 450 03-26 1mm Over";81,85
WSM;50-548K;"WSM 50-548K Piston Kit; Yamaha 450 03-26 Standard";81,85
WSM;010-295-13;"WSM 010-295-13 Center Main Bearing; Yamaha 200 - 300 Hp; 90-10";81,86
WSM;100-06-04K;"WSM 100-06-04K Piston Kit; Mercury 30 - 60 Hp 94-07 .010 Over";81,86
WSM;100-06-045K;"WSM 100-06-045K Piston Kit; Mercury 30 - 60 Hp 94-07 .015 Over";81,86
WSM;100-06-05K;"WSM 100-06-05K Piston Kit; Mercury 30 - 60 Hp 94-07 .020 Over";81,86
WSM;100-06-06K;"WSM 100-06-06K Piston Kit; Mercury 30 - 60 Hp 94-07 .030 Over";81,86
WSM;100-06-07K;"WSM 100-06-07K Piston Kit; Mercury 30 - 60 Hp 94-07 .040 Over";81,86
WSM;100-06K;"WSM 100-06K Piston Kit; Mercury 30 - 60 Hp 94-07 Standard";81,86
WSM;365-1961;"WSM 365-1961 Rectifier / Regulator; Yamaha 75 - 90 Hp 4-Stroke";81,86
WSM;006-639;"WSM 006-639 Fuel Injector; Yamaha 1800 SVHO 14-26";82,88
WSM;500-108;"WSM 500-108 Gasket Kit, Powerhead;Chrysler / Force 90 Hp 3 Cyl";83
WSM;PH110-KW16;"WSM PH110-KW16 Starter; Kawasaki 650 - 800 02-26";83,1
WSM;PH110-PL19;"WSM PH110-PL19 Starter; Polaris 450 / 500 / 570 / 1100 12-26";83,1
WSM;778-149;"WSM 778-149 Sensor, Knock; Yamaha 200 - 350 Hp / 1800cc 2008 -12";83,12
WSM;778-148;"WSM 778-148 Sensor, Knock; Yamaha 70 - 200 Hp 2010-21";83,12
WSM;343-110;"WSM 343-110 Tilt / Trim, Relay Assembly; Honda / Tohatsu";83,14
WSM;778-154;"WSM 778-154 Sensor, Map; Mercruiser 575Sci";83,15
WSM;343-505;"WSM 343-505 Trim Relay; Yamaha 30 - 90 Hp 92-06";83,17
WSM;50-227-04K;"WSM 50-227-04K Piston Kit; Honda 450 TRX Foreman 4x4 98-04 .25mm Over";83,22
WSM;50-227-05K;"WSM 50-227-05K Piston Kit; Honda 450 TRX Foreman 4x4 98-04 .5mm Over";83,22
WSM;50-227-06K;"WSM 50-227-06K Piston Kit; Honda 450 TRX Foreman 4x4 98-04 .75mm Over";83,22
WSM;50-227-09K;"WSM 50-227-09K Piston Kit; Honda 450 TRX Foreman 4x4 98-04 1.5mm Over";83,22
WSM;50-227-07K;"WSM 50-227-07K Piston Kit; Honda 450 TRX Foreman 4x4 98-04 1mm Over";83,22
WSM;50-227K;"WSM 50-227K Piston Kit; Honda 450 TRX Foreman 4x4 98-04 Standard";83,22
WSM;778-156;"WSM 778-156 Sensor, Map; Mercruiser / Volvo Penta";83,27
WSM;500-131;"WSM 500-131 Gasket Kit, Powerhead; Johnson / Evinrude 120 / 140 Hp Looper";83,3
WSM;500-208;"WSM 500-208 Gasket Kit, Powerhead; Mercury 65 - 125 Hp L4";83,3
WSM;500-210;"WSM 500-210 Gasket Kit, Powerhead; Mercury 80 - 125 Hp 4 Cyl 85-99";83,3
WSM;010-871-04K;"WSM 010-871-04K Piston Kit; Yamaha 1100 HO 04-10 .25mm Over";83,3
WSM;010-871-05K;"WSM 010-871-05K Piston Kit; Yamaha 1100 HO 04-10 .5mm Over";83,3
WSM;005-130;"WSM 005-130 Service Kit; Sea-Doo 1630 4-Tec 16-26";83,3
WSM;983-105;"WSM 983-105 Thread Chaser / Nut Installer Tool; Mercury";83,3
WSM;983-110;"WSM 983-110 Thread Chaser / Nut Installer Tool; Mercury / Yamaha 150 - 250 Hp";83,3
WSM;983-115;"WSM 983-115 Thread Chaser / Nut Installer Tool; Yamaha 70 - 130 Hp";83,3
WSM;600-11;"WSM 600-11 Carburetor Kit; Yamaha 50 Hp 4-Stroke 01-04";83,33
WSM;986-150;"WSM 986-150 Tilt Tube, Stainless Steel; Suzuki / Yamaha 60 - 350 Hp";83,36
WSM;986-155;"WSM 986-155 Tilt Tube, Stainless Steel; Yamaha 115 - 300 Hp";83,36
WSM;004-813;"WSM 004-813 Fuel Pump; Kawasaki 900-1100 STX / ZXI 2000-06";83,46
WSM;007-627;"WSM 007-627 Complete Gasket Kit; Kawasaki 800 SX-R 03-11";83,47
WSM;800-106;"WSM 800-106 Connecting Rod; Johnson / Evinrude 40 - 235 Hp 2 Cyl / V6";83,47
WSM;800-210;"WSM 800-210 Connecting Rod; Mercury / Mariner 105 - 240 Hp V6";83,47
WSM;800-212;"WSM 800-212 Connecting Rod; Mercury / Mariner 200 - 300 Hp 3L";83,47
WSM;610-304;"WSM 610-304 Fuel Injector; Yamaha 30 / 40 Hp 4-Stroke 08-21";83,47
WSM;004-811;"WSM 004-811 Fuel Pump; Kawasaki 1200 Ultra / STX 1999-05";83,47
WSM;010-846PK;"WSM 010-846PK Piston Kit; Kawasaki 1500 Ultra 250X 07-08 Standard Platinum";83,47
WSM;010-847PK;"WSM 010-847PK Piston Kit; Kawasaki 1500 Ultra 260 09-10 Standard Platinum";83,47
WSM;010-824-04PK;"WSM 010-824-04PK Piston Kit; Yamaha 1300 GP-R 03-08 .25mm Over Platinum";83,47
WSM;010-824-05PK;"WSM 010-824-05PK Piston Kit; Yamaha 1300 GP-R 03-08 .5mm Over Platinum";83,47
WSM;010-824-06PK;"WSM 010-824-06PK Piston Kit; Yamaha 1300 GP-R 03-08 .75mm Over Platinum";83,47
WSM;010-824-07PK;"WSM 010-824-07PK Piston Kit; Yamaha 1300 GP-R 03-08 1mm Over Platinum";83,47
WSM;010-824PK;"WSM 010-824PK Piston Kit; Yamaha 1300 GP-R 03-08 Standard Platinum";83,47
WSM;002-046;WSM 002-046 Reverse Cable: Sea-Doo 580 / 720 89-98;83,47
WSM;002-058-19;WSM 002-058-19 Reverse Cable: Yamaha 1800 FX 12-14;83,47
WSM;002-041;WSM 002-041 Steering Cable: Kawasaki 750 SX / SXI 92-02;83,47
WSM;002-040-04;WSM 002-040-04 Steering Cable: Kawasaki 800 SX-R 03-11;83,47
WSM;750-312;"WSM 750-312 Water Pump Kit Complete; Evinrude 200 - 300 Hp E-TEC  2.7 & 3.4 Liter G2";83,47
WSM;506-41;"WSM 506-41 Gasket, Head; Yamaha 150 Hp 4-Stroke 04-22";83,51
WSM;600-289-04;"WSM 600-289-04 Fuel Filter Assembly; Mercury / Yamaha 30 - 115 Hp 4-Stroke";84,16
WSM;610-313;"WSM 610-313 Fuel Injector; Mercury / Yamaha 75 / 90 Hp 4-Stroke 05-17";84,19
WSM;003-408;"WSM 003-408 Oil Pump Bellow; Sea-Doo 1503 4-Tec 09-10";84,31
WSM;750-216;"WSM 750-216 Water Pump Kit Complete; Mercury 8 - 15 Hp";84,42
WSM;004-133-02;"WSM 004-133-02 Starter Solenoid; Kawasaki 1500 Ultra LX / 300 / 310 11-26";84,65
WSM;88-320;"WSM 88-320 Clutch Kit, Complete; KTM 450 / 505 07-14";84,76
WSM;88-412;"WSM 88-412 Clutch Kit, Complete; Suzuki 250 RM 03-05";84,76
WSM;002-058-18;WSM 002-058-18 Reverse Cable: Yamaha 1200 SUV 99-04;84,76
WSM;002-206;"WSM 002-206 Reverse Cable; Yamaha 1100 06-11";84,76
WSM;PH110-BB07;"WSM PH110-BB07 Starter; Can-Am 330 - 450 / 570 Outlander 03-25";84,76
WSM;PH110-HN15;"WSM PH110-HN15 Starter; Honda 650 - 700 Pioneer / TRX 03-26";84,76
WSM;PH110-KW14;"WSM PH110-KW14 Starter; Kawasaki 360 Prairie 03-08";84,76
WSM;PH100-KW02-R;"WSM PH100-KW02-R Starter; Kawasaki 400 - 550 76-95";84,76
WSM;PH110-KW12;"WSM PH110-KW12 Starter; Kawasaki 400 Bayou / Prairie 93-02";84,76
WSM;PH125-KW17;"WSM PH125-KW17 Starter; Kawasaki 600 / 650 KL / KLR / KLX-R 85-18";84,76
WSM;PH110-PL04;"WSM PH110-PL04 Starter; Polaris 325 / 425 Xpedition 00-02";84,76
WSM;PH110-PL10;"WSM PH110-PL10 Starter; Polaris 550 Sportsman 09-14";84,76
WSM;PH110-PL18;"WSM PH110-PL18 Starter; Polaris 900 - 1100 13-25";84,76
WSM;PH110-PL17;"WSM PH110-PL17 Starter; Polaris 900 RZR XP 11-12";84,76
WSM;PH100-SD07-R;"WSM PH100-SD07-R Starter; Sea-Doo 900 14-22";84,76
WSM;PH125-SZ21;"WSM PH125-SZ21 Starter; Suzuki 650 DR 92-26";84,76
WSM;PH110-SZ03;"WSM PH110-SZ03 Starter; Suzuki 700 Twin Peaks 04-05";84,76
WSM;PH125-YA12;"WSM PH125-YA12 Starter; Yamaha 450 WR-F 03-06";84,76
WSM;500-107;"WSM 500-107 Gasket Kit, Powerhead; Chrysler / Force 75 - 90 Hp 3 Cyl";84,77
WSM;500-311;"WSM 500-311 Gasket Kit, Powerhead; Yamaha 20 / 25 Hp 95-09";84,77
WSM;003-628;"WSM 003-628 Jet Pump Repair Kit; Yamaha 1800 08-26";84,77
WSM;010-542;"WSM 010-542 Connecting Rod Kit; Kawasaki 1200 STX-R / Ultra 150 99-05";84,8
WSM;010-512;"WSM 010-512 Connecting Rod Kit; Kawasaki 550";84,8
WSM;010-510;"WSM 010-510 Connecting Rod Kit; Kawasaki 650 86-96";84,8
WSM;010-538;"WSM 010-538 Connecting Rod Kit; Polaris 1200 99-04";84,8
WSM;010-501;"WSM 010-501 Connecting Rod Kit; Yamaha 500 87-93";84,8
WSM;010-528;"WSM 010-528 Connecting Rod Kit; Yamaha 800 / 1200 / 1300 99-08";84,8
WSM;010-872K;"WSM 010-872K Piston Kit; Yamaha 1100 VX 05-15 Standard";84,82
WSM;45-647;"WSM 45-647 Connecting Rod; Yamaha 65 YZ 18-26";84,95
WSM;45-650;"WSM 45-650 Connecting Rod; Yamaha 85 YZ 19-21";84,95
WSM;25-672;"WSM 25-672 Full Gasket Kit; Honda 450 CRF-R 09-18";84,95
WSM;25-680;"WSM 25-680 Full Gasket Kit; Honda 450 CRF-X 05-17";84,95
WSM;54-222-21;"WSM 54-222-21 Top End Rebuild Kit; Honda 200 TRX-SX 86-88 .25mm Over";84,95
WSM;54-222-22;"WSM 54-222-22 Top End Rebuild Kit; Honda 200 TRX-SX 86-88 .5mm Over";84,95
WSM;54-222-23;"WSM 54-222-23 Top End Rebuild Kit; Honda 200 TRX-SX 86-88 .75mm Over";84,95
WSM;54-222-24;"WSM 54-222-24 Top End Rebuild Kit; Honda 200 TRX-SX 86-88 1mm Over";84,95
WSM;54-222-20;"WSM 54-222-20 Top End Rebuild Kit; Honda 200 TRX-SX 86-88 Standard";84,95
WSM;335-505;"WSM 335-505 Trim Cylinder Cap; Johnson / Evinrude 70 - 300 Hp";84,95
WSM;45-215;"WSM 45-215 Connecting Rod; Honda 450 TRX-R 04-05";84,97
WSM;778-158;"WSM 778-158 Sensor, Map; Mercruiser 5.7L 350Mag 6.2LMPI";84,97
WSM;750-235-01;"WSM 750-235-01 Water Pump Kit Complete; Mercury / Mariner / Force 25 - 50 Hp 94-14";85
WSM;79-120;"WSM 79-120 Carburetor; Universal ATV";85,06
WSM;120-100-12;"WSM 120-100-12 Valve Stem Seal; Mercury / Yamaha 150 - 350 Hp 3.3 / 5.3L 4-Stroke 02-11 12 PK";85,14
WSM;45-645;"WSM 45-645 Connecting Rod; Suzuki 250 RM 89-95 / Quadracer 87-92";85,84
WSM;800-300;"WSM 800-300 Connecting Rod; Mariner / Yamaha 48 - 90 Hp";85,9
WSM;376-7807;"WSM 376-7807 Ignition Coil Kit; Mercury 30 - 60 EFI";85,97
WSM;446-148;"WSM 446-148 Lower Unit Seal Kit; Yamaha 225 / 300 4-Stroke 4.2L 14-24";86,04
WSM;446-149;"WSM 446-149 Lower Unit Seal Kit; Yamaha 300 / 350 Hp 5.3L";86,04
WSM;002-045-02;WSM 002-045-02 Steering Cable: Sea-Doo 580 - 951 90-01;86,04
WSM;002-048-01;"WSM 002-048-01 Steering Cable; Sea-Doo 580 - 800 94-99";86,04
WSM;750-450;"WSM 750-450 Water Pump Kit Complete; Yamaha 300 / 350 Hp 4-Stroke";86,04
WSM;370-210;"WSM 370-210 Ignition Coil; Mercruiser / OMC";86,06
WSM;778-237;"WSM 778-237 Sensor, Cam Position; Yamaha 200 - 250 Hp 4-Stroke 11-18";86,16
WSM;100-50-04SK;WSM 100-50-04SK Piston Kit: Mercury / Mariner 135 - 200 Hp Bottom Guided Starboard .010 Over;86,26
WSM;100-125-04PK;"WSM 100-125-04PK Piston Kit; Johnson / Evinrude 200 - 250 Hp 6 Cylinder 93-01 Port .010 Over";86,26
WSM;100-125-05PK;"WSM 100-125-05PK Piston Kit; Johnson / Evinrude 200 - 250 Hp 6 Cylinder 93-01 Port .020 Over";86,26
WSM;100-125-06PK;"WSM 100-125-06PK Piston Kit; Johnson / Evinrude 200 - 250 Hp 6 Cylinder 93-01 Port .030 Over";86,26
WSM;100-125-07PK;"WSM 100-125-07PK Piston Kit; Johnson / Evinrude 200 - 250 Hp 6 Cylinder 93-01 Port .040 Over";86,26
WSM;100-125PK;"WSM 100-125PK Piston Kit; Johnson / Evinrude 200 - 250 Hp 6 Cylinder 93-01 Port Standard";86,26
WSM;100-125-04SK;"WSM 100-125-04SK Piston Kit; Johnson / Evinrude 200 - 250 Hp 6 Cylinder 93-01 Starboard .010 Over";86,26
WSM;100-125-05SK;"WSM 100-125-05SK Piston Kit; Johnson / Evinrude 200 - 250 Hp 6 Cylinder 93-01 Starboard .020 Over";86,26
WSM;100-125-06SK;"WSM 100-125-06SK Piston Kit; Johnson / Evinrude 200 - 250 Hp 6 Cylinder 93-01 Starboard .030 Over";86,26
WSM;100-125-07SK;"WSM 100-125-07SK Piston Kit; Johnson / Evinrude 200 - 250 Hp 6 Cylinder 93-01 Starboard .040 Over";86,26
WSM;100-125SK;"WSM 100-125SK Piston Kit; Johnson / Evinrude 200 - 250 Hp 6 Cylinder 93-01 Starboard Standard";86,26
WSM;100-50-04PK;"WSM 100-50-04PK Piston Kit; Mercury / Mariner 135 - 200 Hp Bottom Guided Port .010 Over";86,26
WSM;100-50-045PK;"WSM 100-50-045PK Piston Kit; Mercury / Mariner 135 - 200 Hp Bottom Guided Port .015 Over";86,26
WSM;100-50-05PK;"WSM 100-50-05PK Piston Kit; Mercury / Mariner 135 - 200 Hp Bottom Guided Port .020 Over";86,26
WSM;100-50-06PK;"WSM 100-50-06PK Piston Kit; Mercury / Mariner 135 - 200 Hp Bottom Guided Port .030 Over";86,26
WSM;100-50-07PK;"WSM 100-50-07PK Piston Kit; Mercury / Mariner 135 - 200 Hp Bottom Guided Port .040 Over";86,26
WSM;100-50PK;"WSM 100-50PK Piston Kit; Mercury / Mariner 135 - 200 Hp Bottom Guided Port Standard";86,26
WSM;100-50-045SK;"WSM 100-50-045SK Piston Kit; Mercury / Mariner 135 - 200 Hp Bottom Guided Starboard .015 Over";86,26
WSM;100-50-05SK;"WSM 100-50-05SK Piston Kit; Mercury / Mariner 135 - 200 Hp Bottom Guided Starboard .020 Over";86,26
WSM;100-50-06SK;"WSM 100-50-06SK Piston Kit; Mercury / Mariner 135 - 200 Hp Bottom Guided Starboard .030 Over";86,26
WSM;100-50-07SK;"WSM 100-50-07SK Piston Kit; Mercury / Mariner 135 - 200 Hp Bottom Guided Starboard .040 Over";86,26
WSM;100-50SK;"WSM 100-50SK Piston Kit; Mercury / Mariner 135 - 200 Hp Bottom Guided Starboard Standard";86,26
WSM;005-125;"WSM 005-125 Service Kit; Sea-Doo 1503 4-Tec 02-18";86,26
WSM;50-544-04K;"WSM 50-544-04K Piston Kit; Yamaha 660 YFM 01-07 .25mm Over";86,29
WSM;50-544-05K;"WSM 50-544-05K Piston Kit; Yamaha 660 YFM 01-07 .5mm Over";86,29
WSM;50-544-06K;"WSM 50-544-06K Piston Kit; Yamaha 660 YFM 01-07 .75mm Over";86,29
WSM;50-544-09K;"WSM 50-544-09K Piston Kit; Yamaha 660 YFM 01-07 1.5mm Over";86,29
WSM;50-544-07K;"WSM 50-544-07K Piston Kit; Yamaha 660 YFM 01-07 1mm Over";86,29
WSM;50-544K;"WSM 50-544K Piston Kit; Yamaha 660 YFM 01-07 Standard";86,29
WSM;600-84K;"WSM 600-84K Carburetor Kits; Yamaha 60 / 70 Hp With Floats";86,63
WSM;585-952;"WSM 585-952 Gasket, Oil Pan; Mercuriser / OMC / Volvo 3.0L 4 Cyl 1990-Up";86,63
WSM;010-149;"WSM 010-149 Center Main Bearing; Mercury 75 - 115 Hp 1.5L Optimax 04-12";86,69
WSM;750-156;"WSM 750-156 Water Pump Kit Complete; Force / Mercury / Mariner 30 - 125 Hp";86,7
WSM;25-522-OS;"WSM 25-522-OS Complete Gasket Kit; Yamaha 450 YFZ 04-13";86,71
WSM;012-401BLK;"WSM 012-401BLK Traction Mat; Honda 1200 F-12 02-07";86,8
WSM;012-112BLK;"WSM 012-112BLK Traction Mat; Kawasaki 1500 Ultra 250 - 300 07-20";86,8
WSM;012-102BLK;"WSM 012-102BLK Traction Mat; Kawasaki 750 / 900 / 1100 ZXi 95-03";86,8
WSM;012-104BLK;"WSM 012-104BLK Traction Mat; Kawasaki 750 SS / XI 92-99";86,8
WSM;012-109BLK;"WSM 012-109BLK Traction Mat; Kawasaki 900 - 1500 00-12";86,8
WSM;012-111BLK;"WSM 012-111BLK Traction Mat; Kawasaki 900 - 1500 STX 00-12";86,8
WSM;012-105BLK;"WSM 012-105BLK Traction Mat; Kawasaki Ultra 130 / 150 99-05";86,8
WSM;012-450BLK;"WSM 012-450BLK Traction Mat; Polaris 650 - 1050 SL / SLX 92-00";86,8
WSM;012-453BLK;"WSM 012-453BLK Traction Mat; Polaris 700 - 1200 Virage / Freedom 00-04";86,8
WSM;012-452BLK;"WSM 012-452BLK Traction Mat; Polaris 700 - 780 / 1050 94-99";86,8
WSM;012-451BLK;"WSM 012-451BLK Traction Mat; Polaris 700 / 1200 PRO / SLH / SLX 00-01";86,8
WSM;012-317BLK;"WSM 012-317BLK Traction Mat; Sea-Doo 1503 GTI / Wake 11-19";86,8
WSM;012-322BLK;"WSM 012-322BLK Traction Mat; Sea-Doo 1503 RXP 04-05";86,8
WSM;012-309BLK;"WSM 012-309BLK Traction Mat; Sea-Doo 1503 RXP 06-11";86,8
WSM;012-336BLK;"WSM 012-336BLK Traction Mat; Sea-Doo 1630 RXT-X 300 2018";86,8
WSM;012-311BLK;"WSM 012-311BLK Traction Mat; Sea-Doo 580 - 720  GT / GTS / GTX 90-00";86,8
WSM;012-302BLK;"WSM 012-302BLK Traction Mat; Sea-Doo 580 - 800 SP / SPI / SPX 93-99";86,8
WSM;012-305BLK;"WSM 012-305BLK Traction Mat; Sea-Doo 720 - 951 96-02";86,8
WSM;012-304BLK;"WSM 012-304BLK Traction Mat; Sea-Doo 720 / 800 / 951 GS / GSI / GSX 96-01";86,8
WSM;012-306BLK;"WSM 012-306BLK Traction Mat; Sea-Doo 720 GTI / GTS 01-05";86,8
WSM;012-316BLK;"WSM 012-316BLK Traction Mat; Sea-Doo 720 HX 95-97";86,8
WSM;012-303BLK;"WSM 012-303BLK Traction Mat; Sea-Doo 800 / 951 SPX / XP 97-04";86,8
WSM;012-308BLK;"WSM 012-308BLK Traction Mat; Sea-Doo 951 / 1503 02-09";86,8
WSM;012-307BLK;"WSM 012-307BLK Traction Mat; Sea-Doo 951 RX 00-03";86,8
WSM;012-213BLK;"WSM 012-213BLK Traction Mat; Yamaha 1000 / 1100 FX 02-08";86,8
WSM;012-227BLK;"WSM 012-227BLK Traction Mat; Yamaha 1050 / 1100 / 1800 GP / VX 15-20";86,8
WSM;012-224BLK;"WSM 012-224BLK Traction Mat; Yamaha 1050 / 1100 / 1800 VX / VXR / VXS 10-16";86,8
WSM;012-226BLK;"WSM 012-226BLK Traction Mat; Yamaha 1050 EX 17-24";86,8
WSM;012-219BLK;"WSM 012-219BLK Traction Mat; Yamaha 1100 VX 1100 05-09";86,8
WSM;012-218BLK;"WSM 012-218BLK Traction Mat; Yamaha 1800 FX / FZR / FZS 08-16";86,8
WSM;012-223BLK;"WSM 012-223BLK Traction Mat; Yamaha 1800 FX HO / SHO 12-18";86,8
WSM;012-201BLK;"WSM 012-201BLK Traction Mat; Yamaha 650 / 700 Super Jet 90-95";86,8
WSM;012-221BLK;"WSM 012-221BLK Traction Mat; Yamaha 650 / 700 Wave Runner III 94-97";86,8
WSM;012-210BLK;"WSM 012-210BLK Traction Mat; Yamaha 700 / 760 / 1100 Wave Raider 95-97";86,8
WSM;012-203BLK;"WSM 012-203BLK Traction Mat; Yamaha 700 Wave Blaster 93-96";86,8
WSM;012-209BLK;"WSM 012-209BLK Traction Mat; Yamaha 760 / 800 / 1200 GP 97-00";86,8
WSM;380-5122;"WSM 380-5122 Ignition Coil; Mercury / Yamaha 115 / 225Hp 4-Stroke 00-15";86,88
WSM;004-283;"WSM 004-283 Voltage Regulator; Mercury / Yamaha 50 - 115 / 1000 - 1300 00-26";86,98
WSM;006-638;"WSM 006-638 Fuel Injector; Yamaha 1000 / 1100 04-12";87,01
WSM;006-636;"WSM 006-636 Fuel Injector; Yamaha 1100 12-15";87,01
WSM;006-635;"WSM 006-635 Fuel Injector; Yamaha 1800 / 1900 HO 12-26";87,01
WSM;006-637;"WSM 006-637 Fuel Injector; Yamaha 1800 SHO 08-12 / 16";87,01
WSM;1000-BP3700;"WSM 1000-BP3700 Bilge Pump; 3700 GPH";87,05
WSM;610-316;"WSM 610-316 Fuel Injector; Yamaha 150 Hp 4-Stroke 04-22";87,11
WSM;600-136-02;"WSM 600-136-02 Fuel Pump; Volvo High Pressure 8.1 Liter";87,3
WSM;88-318;"WSM 88-318 Clutch Kit, Complete; KTM 250 - 560 02-21";87,34
WSM;50-232K;"WSM 50-232K Piston Kit; Honda 500 Foreman / Rubicon / 01-14 Standard";87,47
WSM;50-232-04K;"WSM 50-232-04K Piston Kit; Honda 500 Foreman / Rubicon 01-14 .25mm Over";87,47
WSM;50-232-05K;"WSM 50-232-05K Piston Kit; Honda 500 Foreman / Rubicon 01-14 .5mm Over";87,47
WSM;50-232-06K;"WSM 50-232-06K Piston Kit; Honda 500 Foreman / Rubicon 01-14 .75mm Over";87,47
WSM;50-232-07K;"WSM 50-232-07K Piston Kit; Honda 500 Foreman / Rubicon 01-14 1mm Over";87,47
WSM;010-1313;"WSM 010-1313 Cylinder Sleeve; Sea-Doo 900 Spark 14-26";87,49
WSM;100-131-05PK;"WSM 100-131-05PK Piston Kit; Johnson / Evinruide 115 - 200 Hp V4 - V6 E-Tec Port .020 Over";87,49
WSM;100-131-06PK;"WSM 100-131-06PK Piston Kit; Johnson / Evinruide 115 - 200 Hp V4 - V6 E-Tec Port .030 Over";87,49
WSM;100-131-07PK;"WSM 100-131-07PK Piston Kit; Johnson / Evinruide 115 - 200 Hp V4 - V6 E-Tec Port .040 Over";87,49
WSM;100-131PK;"WSM 100-131PK Piston Kit; Johnson / Evinruide 115 - 200 Hp V4 - V6 E-Tec Port Standard";87,49
WSM;100-131-05SK;"WSM 100-131-05SK Piston Kit; Johnson / Evinruide 115 - 200 Hp V4 - V6 E-Tec Starboard .020 Over";87,49
WSM;100-131-06SK;"WSM 100-131-06SK Piston Kit; Johnson / Evinruide 115 - 200 Hp V4 - V6 E-Tec Starboard .030 Over";87,49
WSM;100-131-07SK;"WSM 100-131-07SK Piston Kit; Johnson / Evinruide 115 - 200 Hp V4 - V6 E-Tec Starboard .040 Over";87,49
WSM;100-131SK;"WSM 100-131SK Piston Kit; Johnson / Evinruide 115 - 200 Hp V4 - V6 E-Tec Starboard Standard";87,49
WSM;986-600;"WSM 986-600 Reamer, Tilt Tube; 3/8'' Shank";87,49
WSM;750-435;"WSM 750-435 Water Pump Kit Complete; Yamaha 115 / 150 Hp 97-05";87,5
WSM;45-660;"WSM 45-660 Connecting Rod; Yamaha 125 YZ 01-04";87,54
WSM;45-665;"WSM 45-665 Connecting Rod; Yamaha 125 YZ 86-96";87,54
WSM;45-670;"WSM 45-670 Connecting Rod; Yamaha 125 YZ 99-01";87,54
WSM;45-675;"WSM 45-675 Connecting Rod; Yamaha 250 WR / YZ 90-98";87,54
WSM;45-680;"WSM 45-680 Connecting Rod; Yamaha 250 YZ 99-26";87,54
WSM;010-1319-01;"WSM 010-1319-01 Cylinder Sleeve; Sea-Doo 951 DI 00-03";87,54
WSM;600-158-02;"WSM 600-158-02 Fuel Pump; Johnson / Evinrude 40 - 90 Hp E-Tec";87,54
WSM;50-218-04K;"WSM 50-218-04K Piston Kit; Honda 500 TRX Fourman 4x4 05-11 .25mm Over";87,54
WSM;50-218-05K;"WSM 50-218-05K Piston Kit; Honda 500 TRX Fourman 4x4 05-11 .5mm Over";87,54
WSM;50-218-06K;"WSM 50-218-06K Piston Kit; Honda 500 TRX Fourman 4x4 05-11 .75mm Over";87,54
WSM;50-218-09K;"WSM 50-218-09K Piston Kit; Honda 500 TRX Fourman 4x4 05-11 1.5mm Over";87,54
WSM;50-218-07K;"WSM 50-218-07K Piston Kit; Honda 500 TRX Fourman 4x4 05-11 1mm Over";87,54
WSM;50-218K;"WSM 50-218K Piston Kit; Honda 500 TRX Fourman 4x4 05-11 Standard";87,54
WSM;PH500-M036;"WSM PH500-M036 Fuel Pump; Johnson / Evinrude 25 / 35 / 105 / 115 Hp";87,55
WSM;502-140;WSM 502-140 Lower Conversion Gasket Set: Gen IV 7.4 / 8.2L 454 / 502 CI.;87,55
WSM;PH200-T065;"WSM PH200-T065 Mounting Bracket, Powder Coated Steel; Mercruiser";87,55
WSM;010-1345;"WSM 010-1345 Cylinder Sleeve; Kawasaki 1500 04-23";87,65
WSM;010-1349;"WSM 010-1349 Cylinder Sleeve; Kawasaki 1500 Ultra 250 - 310 07-26";87,65
WSM;65-729;"WSM 65-729 Voltage Regulator; Polaris 900 RZR 11-12";87,65
WSM;600-54;"WSM 600-54 Carburetor Kit; Mercury / Mariner / Tohatsu / Yamaha 35 - 55 Hp";87,66
WSM;500-109;"WSM 500-109 Gasket Kit, Powerhead; Chrysler / Force 90 - 95 Hp 3 Cyl Sport Jet";87,76
WSM;004-808;"WSM 004-808 Fuel Pump; Kawasaki 1100 STX DI 00-01";87,94
WSM;370-271;"WSM 370-271 Ignition Module; Mercruiser 4.3 - 5.0L";87,94
WSM;100-45-04PK;"WSM 100-45-04PK Piston Kit; Mercury / Mariner 200 - 300 Hp 3L 94-08 Port .010 Over";87,94
WSM;100-45-045PK;"WSM 100-45-045PK Piston Kit; Mercury / Mariner 200 - 300 Hp 3L 94-08 Port .015 Over";87,94
WSM;100-45-05PK;"WSM 100-45-05PK Piston Kit; Mercury / Mariner 200 - 300 Hp 3L 94-08 Port .020 Over";87,94
WSM;100-45-06PK;"WSM 100-45-06PK Piston Kit; Mercury / Mariner 200 - 300 Hp 3L 94-08 Port .030 Over";87,94
WSM;100-45-07PK;"WSM 100-45-07PK Piston Kit; Mercury / Mariner 200 - 300 Hp 3L 94-08 Port .040 Over";87,94
WSM;100-45PK;"WSM 100-45PK Piston Kit; Mercury / Mariner 200 - 300 Hp 3L 94-08 Port Standard";87,94
WSM;100-45-04SK;"WSM 100-45-04SK Piston Kit; Mercury / Mariner 200 - 300 Hp 3L 94-08 Starboard .010 Over";87,94
WSM;100-45-045SK;"WSM 100-45-045SK Piston Kit; Mercury / Mariner 200 - 300 Hp 3L 94-08 Starboard .015 Over";87,94
WSM;100-45-05SK;"WSM 100-45-05SK Piston Kit; Mercury / Mariner 200 - 300 Hp 3L 94-08 Starboard .020 Over";87,94
WSM;100-45-06SK;"WSM 100-45-06SK Piston Kit; Mercury / Mariner 200 - 300 Hp 3L 94-08 Starboard .030 Over";87,94
WSM;100-45-07SK;"WSM 100-45-07SK Piston Kit; Mercury / Mariner 200 - 300 Hp 3L 94-08 Starboard .040 Over";87,94
WSM;100-45SK;"WSM 100-45SK Piston Kit; Mercury / Mariner 200 - 300 Hp 3L 94-08 Starboard Standard";87,94
WSM;850-350NB;"WSM 850-350NB Crankshaft Balancer; Yamaha 200 - 300 Hp 76 Degree 90-10";88,14
WSM;600-095-01;"WSM 600-095-01 Fuel Pump; Mercury / Yamaha 9.9 Hp 4-Stroke Design 2";88,42
WSM;983-300-02K;"WSM 983-300-02K Gimbal Bearing Puller; Expander Kit";88,58
WSM;380-5130;"WSM 380-5130 Ignition Coil; Mercury / Yamaha 50 - 150 Hp 4-Stroke 04-22";88,62
WSM;365-1970;"WSM 365-1970 Rectifier / Regulator; Yamaha 50 - 75 / 115 Hp 4-Stroke";88,62
WSM;778-175;"WSM 778-175 Sensor, Crankshaft; OMC / Mercuriser V6 / V8";88,67
WSM;376-3778;"WSM 376-3778 Ignition Coil; Mercury / Mariner 135 - 250 Hp DFI 06-10";88,76
WSM;361-7509;"WSM 361-7509 CDM Module; Chrysler / Mercury / Mariner 30 - 250 Hp 93-10";88,97
WSM;003-159-02K;"WSM 003-159-02K Drive Shaft Upgrade Kit; Sea-Doo 900 Spark 14-21";89
WSM;002-069;WSM 002-069 Steering Cable: Kawasaki 300 - 550 76-95;89
WSM;120-101-08;"WSM 120-101-08 Valve Stem Seal; Mercury / Mariner 30 - 60 Hp 4-Stroke 01-08 8 Pk";89,2
WSM;003-401;"WSM 003-401 Bearing Housing; Honda 1200 / 1500 Aquatrax 02-09";89,24
WSM;010-1336;"WSM 010-1336 Cylinder Sleeve; Polaris 1200 MSX 140 03-04";89,24
WSM;012-750;"WSM 012-750 Exhaust Gasket; Sea-Doo 720 98-02";89,24
WSM;006-620;"WSM 006-620 Fuel Injector; Sea-Doo 1503 4-Tec 130 - 310 Hp 02-11";89,24
WSM;006-624;"WSM 006-624 Fuel Injector; Sea-Doo 1503 4-Tec 130 Hp 11-16";89,24
WSM;006-622;"WSM 006-622 Fuel Injector; Sea-Doo 1503 4-Tec 155 - 510 Hp 09-17";89,24
WSM;006-623;"WSM 006-623 Fuel Injector; Sea-Doo 1503 4-Tec 255 / 510 Hp 08-12";89,24
WSM;25-632;"WSM 25-632 Full Gasket Kit; Honda 150 CRF-F 03-05";89,24
WSM;25-208;"WSM 25-208 Full Gasket Kit; Kawasaki 400 Bayou 93-99";89,24
WSM;500-110;"WSM 500-110 Gasket Kit, Powerhead; Chysler / Force 100 - 120 Hp 4 Cyl";89,24
WSM;500-137-01;"WSM 500-137-01 Gasket Kit, Powerhead; Evinrude 75 / 90 Hp 3 Cylinder E-Tec 04-12";89,24
WSM;500-140;"WSM 500-140 Gasket Kit, Powerhead; Johnson / Evinrude 150 - 235 Hp V6 Cross Flow";89,24
WSM;500-126;"WSM 500-126 Gasket Kit, Powerhead; Johnson / Evinrude 40 - 60 Hp 2 Cylinder E-Tec";89,24
WSM;500-126-01;"WSM 500-126-01 Gasket Kit, Powerhead; Johnson / Evinrude 40 - 65 Hp 2 Cylinder E-Tec";89,24
WSM;500-137;"WSM 500-137 Gasket Kit, Powerhead; Johnson / Evinrude 75 / 90 Hp 3 Cylinder E-Tec 04-12";89,24
WSM;500-133;"WSM 500-133 Gasket Kit, Powerhead; Johnson / Evinrude 90 - 115 Hp 60 Degree";89,24
WSM;007-315-07;"WSM 007-315-07 Head Gasket; Kawasaki 1500 Ultra 300 11-13";89,24
WSM;007-593-11;"WSM 007-593-11 Head Gasket; Yamaha 1800 / 1900 09-26";89,24
WSM;007-593-07;"WSM 007-593-07 Head Gasket; Yamaha 1800 Supercharged 08-20";89,24
WSM;003-112;"WSM 003-112 Impeller Shaft; Polaris 650 - 1200 94-03";89,24
WSM;985-160;"WSM 985-160 Lifting Eye; Johnson / Evinrude 60 Degree Engines";89,24
WSM;100-134-05PK;"WSM 100-134-05PK Piston Kit; Johnson / Evinrude 200 - 250 Hp Ficht 00-05 Port .020 Over";89,24
WSM;100-134-06PK;"WSM 100-134-06PK Piston Kit; Johnson / Evinrude 200 - 250 Hp Ficht 00-05 Port .030 Over";89,24
WSM;100-134PK;"WSM 100-134PK Piston Kit; Johnson / Evinrude 200 - 250 Hp Ficht 00-05 Port Standard";89,24
WSM;100-134-05SK;"WSM 100-134-05SK Piston Kit; Johnson / Evinrude 200 - 250 Hp Ficht 00-05 Starboard .020 Over";89,24
WSM;100-134-06SK;"WSM 100-134-06SK Piston Kit; Johnson / Evinrude 200 - 250 Hp Ficht 00-05 Starboard .030 Over";89,24
WSM;100-134SK;"WSM 100-134SK Piston Kit; Johnson / Evinrude 200 - 250 Hp Ficht 00-05 Starboard Standard";89,24
WSM;100-130-04PK;"WSM 100-130-04PK Piston Kit; Johnson / Evinrude 90 - 175 Hp 60 Deg 91-99 Port .010 Over";89,24
WSM;100-130-05PK;"WSM 100-130-05PK Piston Kit; Johnson / Evinrude 90 - 175 Hp 60 Deg 91-99 Port .020 Over";89,24
WSM;100-130-06PK;"WSM 100-130-06PK Piston Kit; Johnson / Evinrude 90 - 175 Hp 60 Deg 91-99 Port .030 Over";89,24
WSM;100-130-07PK;"WSM 100-130-07PK Piston Kit; Johnson / Evinrude 90 - 175 Hp 60 Deg 91-99 Port .040 Over";89,24
WSM;100-130PK;"WSM 100-130PK Piston Kit; Johnson / Evinrude 90 - 175 Hp 60 Deg 91-99 Port Standard";89,24
WSM;100-130-04SK;"WSM 100-130-04SK Piston Kit; Johnson / Evinrude 90 - 175 Hp 60 Deg 91-99 Starboard .010 Over";89,24
WSM;100-130-05SK;"WSM 100-130-05SK Piston Kit; Johnson / Evinrude 90 - 175 Hp 60 Deg 91-99 Starboard .020 Over";89,24
WSM;100-130-06SK;"WSM 100-130-06SK Piston Kit; Johnson / Evinrude 90 - 175 Hp 60 Deg 91-99 Starboard .030 Over";89,24
WSM;100-130-07SK;"WSM 100-130-07SK Piston Kit; Johnson / Evinrude 90 - 175 Hp 60 Deg 91-99 Starboard .040 Over";89,24
WSM;100-130SK;"WSM 100-130SK Piston Kit; Johnson / Evinrude 90 - 175 Hp 60 Deg 91-99 Starboard Standard";89,24
WSM;100-04-05K;"WSM 100-04-05K Piston Kit; Mercury / Mariner 15 - 25 Hp 94-06 .020 Over";89,24
WSM;100-04-06K;"WSM 100-04-06K Piston Kit; Mercury / Mariner 15 - 25 Hp 94-06 .030 Over";89,24
WSM;100-04-07K;"WSM 100-04-07K Piston Kit; Mercury / Mariner 15 - 25 Hp 94-06 .040 Over";89,24
WSM;100-04K;"WSM 100-04K Piston Kit; Mercury / Mariner 15 - 25 Hp 94-06 Standard";89,24
WSM;100-10-04PK;"WSM 100-10-04PK Piston Kit; Mercury / Mariner 150 - 225 Hp 2.4L 78-91 Port .010 Over";89,24
WSM;100-10-05PK;"WSM 100-10-05PK Piston Kit; Mercury / Mariner 150 - 225 Hp 2.4L 78-91 Port .020 Over";89,24
WSM;100-10-06PK;"WSM 100-10-06PK Piston Kit; Mercury / Mariner 150 - 225 Hp 2.4L 78-91 Port .030 Over";89,24
WSM;100-10-07PK;"WSM 100-10-07PK Piston Kit; Mercury / Mariner 150 - 225 Hp 2.4L 78-91 Port .040 Over";89,24
WSM;100-10-04SK;"WSM 100-10-04SK Piston Kit; Mercury / Mariner 150 - 225 Hp 2.4L 78-91 Staboard .010 Over";89,24
WSM;100-10-045SK;"WSM 100-10-045SK Piston Kit; Mercury / Mariner 150 - 225 Hp 2.4L 78-91 Starboard .015 Over";89,24
WSM;100-10-05SK;"WSM 100-10-05SK Piston Kit; Mercury / Mariner 150 - 225 Hp 2.4L 78-91 Starboard .020 Over";89,24
WSM;100-10-06SK;"WSM 100-10-06SK Piston Kit; Mercury / Mariner 150 - 225 Hp 2.4L 78-91 Starboard .030 Over";89,24
WSM;100-10-07SK;"WSM 100-10-07SK Piston Kit; Mercury / Mariner 150 - 225 Hp 2.4L 78-91 Starboard .040 Over";89,24
WSM;100-10PK;"WSM 100-10PK Piston Kit; Mercury / Mariner 150 - 225 Hp 2.4L Steel Hole Port Standard";89,24
WSM;100-10SK;"WSM 100-10SK Piston Kit; Mercury / Mariner 150 - 225 Hp 2.4L Steel Hole Starboard Standard";89,24
WSM;100-10PCHK;"WSM 100-10PCHK Piston Kit; Mercury / Mariner 175 - 225 Hp 2.4L Chrome Hole Port Standard";89,24
WSM;100-10SCHK;"WSM 100-10SCHK Piston Kit; Mercury / Mariner 175 - 225 Hp 2.4L Chrome Hole Starboard Standard";89,24
WSM;010-499K;"WSM 010-499K Power Valve Rebuild Kit; Sea-Doo 800 GTI RFI 04-05";89,24
WSM;010-455K;"WSM 010-455K Rotary Shaft Assembly; Sea-Doo 580 - 720 94-05";89,24
WSM;010-457K;"WSM 010-457K Rotary Shaft Assembly; Sea-Doo 800 98-05";89,24
WSM;002-058-01;"WSM 002-058-01 Steering Cable: Yamaha 1100; Wave Raider 95-96";89,24
WSM;002-042;WSM 002-042 Steering Cable: Yamaha 650 / 700 VXR 91-94;89,24
WSM;010-101K;"WSM 010-101K Supercharger Washers; Sea-Doo 1503 GTX Supercharged 2006";89,24
WSM;982-100;"WSM 982-100 Thread Chaser; Yamaha 40 / 50 Hp";89,24
WSM;986-115;"WSM 986-115 Tilt Tube, Stainless Steel; Johnson / Evinrude 65 - 135 Hp 73-77";89,24
WSM;250-070;"WSM 250-070 Cylinder Sleeve; Mercury 150 - 200 Hp 4-Stroke Verado";89,26
WSM;005-110;"WSM 005-110 Service Kit; Kawasaki 1500 STX / SXR 16-26";89,29
WSM;990-360;"WSM 990-360 Blind Bearing Removal Set; 9 Piece";89,3
WSM;25-634;"WSM 25-634 Full Gasket Kit; Honda 150 CRF-F 06-17";89,3
WSM;25-636;"WSM 25-636 Full Gasket Kit; Honda 150 CRF-R 07-26";89,3
WSM;25-638;"WSM 25-638 Full Gasket Kit; Honda 230 CRF-F 03-19";89,3
WSM;25-650;"WSM 25-650 Full Gasket Kit; Honda 250 CRF-R / X 04-17";89,3
WSM;25-651;"WSM 25-651 Full Gasket Kit; Honda 250 CRF-R 08-09";89,3
WSM;25-652;"WSM 25-652 Full Gasket Kit; Honda 250 CRF-R 10-17";89,3
WSM;25-146;"WSM 25-146 Full Gasket Kit; Honda 450 TRX-R 04-05";89,3
WSM;25-308;"WSM 25-308 Full Gasket Kit; Polaris 400 / 425 95-14";89,3
WSM;25-424;"WSM 25-424 Full Gasket Kit; Suzuki 450 LT-R 06-09";89,3
WSM;25-509;"WSM 25-509 Full Gasket Kit; Yamaha 250 Bear Tracker 99-04";89,3
WSM;25-523;"WSM 25-523 Full Gasket Kit; Yamaha 450 YFZ-R 09-23";89,3
WSM;020-111-H11;"WSM 020-111-H11 L.E.D Power Bulbs; H11 / H9 / H8 / H16";89,3
WSM;020-111-H27;"WSM 020-111-H27 L.E.D Power Bulbs; H27 / 881";89,3
WSM;020-111-H7;"WSM 020-111-H7 L.E.D Power Bulbs; H7";89,3
WSM;020-111-HB3;"WSM 020-111-HB3 L.E.D Power Bulbs; HB3 / 9005";89,3
WSM;020-111-HB4;"WSM 020-111-HB4 L.E.D Power Bulbs; HB4 / 9006";89,3
WSM;50-258-04K;"WSM 50-258-04K Piston Kit; Kawasaki 750 Brute Force / Teryx 05-11 .25mm Over";89,3
WSM;50-258-05K;"WSM 50-258-05K Piston Kit; Kawasaki 750 Brute Force / Teryx 05-11 .5mm Over";89,3
WSM;50-258-06K;"WSM 50-258-06K Piston Kit; Kawasaki 750 Brute Force / Teryx 05-11 .75mm Over";89,3
WSM;50-258-07K;"WSM 50-258-07K Piston Kit; Kawasaki 750 Brute Force / Teryx 05-11 1mm Over";89,3
WSM;50-258K;"WSM 50-258K Piston Kit; Kawasaki 750 Brute Force / Teryx 05-11 Standard";89,3
WSM;50-307K;"WSM 50-307K Piston Kit; Polaris 400 - 450 97-14 Standard";89,3
WSM;50-610-04K;"WSM 50-610-04K Piston Kit; Suzuki 500 King Quad 09-25 .25mm";89,3
WSM;50-610-05K;"WSM 50-610-05K Piston Kit; Suzuki 500 King Quad 09-25 .5mm";89,3
WSM;50-610-06K;"WSM 50-610-06K Piston Kit; Suzuki 500 King Quad 09-25 .75mm";89,3
WSM;50-610-09K;"WSM 50-610-09K Piston Kit; Suzuki 500 King Quad 09-25 1.5mm";89,3
WSM;50-610-07K;"WSM 50-610-07K Piston Kit; Suzuki 500 King Quad 09-25 1mm";89,3
WSM;50-610K;"WSM 50-610K Piston Kit; Suzuki 500 King Quad 09-25 Standard";89,3
WSM;004-113-01;"WSM 004-113-01 Start / Stop Switch; Sea-Doo 580 / 650 89-94";89,3
WSM;610-315;"WSM 610-315 Fuel Injector; Yamaha 75 / 90 Hp 4-Stroke 17-21";89,39
WSM;778-180;"WSM 778-180 Sensor, Crankshaft Speed; Volvo";89,57
WSM;004-244;"WSM 004-244 Armature / Stator Coil; Yamaha 760 GP 99-00";89,9
WSM;007-649;"WSM 007-649 Complete Gasket Kit; Polaris 1200 MSX 140 03-04";89,9
WSM;007-639;"WSM 007-639 Complete Gasket Kit; Polaris 780 95-97";89,9
WSM;007-663;"WSM 007-663 Complete Gasket Kit; Tiger Shark 770 96-99";89,9
WSM;449-230;"WSM 449-230 Drive Shaft, Lower; Johnson / Evinrude 100 - 250 Hp";89,9
WSM;006-619;"WSM 006-619 Fuel Injector; Sea-Doo 900 Spark 19-26";89,9
WSM;PH110-AC07;"WSM PH110-AC07 Starter; Arctic Cat / Suzuki 454 / 500 / 650 96-26";89,9
WSM;PH110-AC18;"WSM PH110-AC18 Starter; Arctic Cat 1000 08-13";89,9
WSM;PH110-AC09;"WSM PH110-AC09 Starter; Arctic Cat 500 - 700 / 1000 06-22";89,9
WSM;PH110-BB13;"WSM PH110-BB13 Starter; Can-Am 1000 Sarasota 2005";89,9
WSM;PH110-BB04;"WSM PH110-BB04 Starter; Can-Am 650 DS 00-07";89,9
WSM;PH125-KT01;"WSM PH125-KT01 Starter; Husqvarna / KTM 200 - 300 08-17";89,9
WSM;PH110-KW08;"WSM PH110-KW08 Starter; Kawasaki 450 Mule 94-97";89,9
WSM;PH125-KT04;"WSM PH125-KT04 Starter; KTM 250 07-13";89,9
WSM;PH125-KT03;"WSM PH125-KT03 Starter; KTM 400 - 660 98-07";89,9
WSM;PH125-KT05;"WSM PH125-KT05 Starter; KTM 450 / 505 07-14";89,9
WSM;PH100-SD06-R;"WSM PH100-SD06-R Starter; Sea-Doo 1503 / 1630 4-Tec 03-26";89,9
WSM;PH125-YA09;"WSM PH125-YA09 Starter; Yamaha 250 TT-R 99-06";89,9
WSM;002-074;WSM 002-074 Steering Cable: Kawasaki 650 SX 87-90;89,9
WSM;002-056;WSM 002-056 Throttle Cable: Yamaha 1300 GP-R 03-08;89,9
WSM;779-225;"WSM 779-225 Valve, IAC; Can-Am/Mercury/Suzuki/Yamaha 115-225Hp 4 Stroke 00-24/Polaris 500-800 06-16";89,9
WSM;750-185-01;"WSM 750-185-01 Water Pump Kit; Honda 115 - 130 Hp BF 03-12";89,9
WSM;750-185;"WSM 750-185 Water Pump Kit; Honda 75 - 90 Hp BF 03-06";89,9
WSM;PH600-0004;"WSM PH600-0004 Water Pump; Mercruiser / OMC / Volvo 120 / 140 Hp 4 Cylinder";89,96
WSM;003-405;"WSM 003-405 Bearing Housing; Kawasaki 550 - 1500 86-26";90,02
WSM;100-65-06K;"WSM 100-65-06K Piston Kit; Mercury 65 - 115 4 Cy Pro XS / Sea Prol 4-Stroke .030 Over";90,2
WSM;100-65-07K;"WSM 100-65-07K Piston Kit; Mercury 65 - 115 4 Cy Pro XS / Sea Prol 4-Stroke .040 Over";90,2
WSM;100-65-05K;"WSM 100-65-05K Piston Kit; Mercury 65 - 115 4 Cyl Pro XS / Sea Pro 4-Stroke .020 Over";90,2
WSM;100-65K;"WSM 100-65K Piston Kit; Mercury 65 - 115 4 Cyl Pro XS / Sea Pro 4-Stroke Standard";90,2
WSM;50-311-04K;"WSM 50-311-04K Piston Kit; Polaris 500 03-14 .25mm Over";90,42
WSM;50-311-05K;"WSM 50-311-05K Piston Kit; Polaris 500 03-14 .5mm Over";90,42
WSM;50-311-06K;"WSM 50-311-06K Piston Kit; Polaris 500 03-14 .75mm Over";90,42
WSM;50-311-09K;"WSM 50-311-09K Piston Kit; Polaris 500 03-14 1.5mm Over";90,42
WSM;50-311-07K;"WSM 50-311-07K Piston Kit; Polaris 500 03-14 1mm Over";90,42
WSM;50-311K;"WSM 50-311K Piston Kit; Polaris 500 03-14 Standard";90,42
WSM;500-318;"WSM 500-318 Gasket Kit, Powerhead; Yamaha 30 Hp 2 Cylinder 1997";90,56
WSM;506-37-01;"WSM 506-37-01 Gasket, Head; Mercury / Yamaha 200 - 250 Hp V6 4-Stroke 02-21";90,62
WSM;010-1314;"WSM 010-1314 Cylinder Sleeve; Sea-Doo 1503 / 1630 4-Tec 02-26";90,66
WSM;012-202BLK;"WSM 012-202BLK Traction Mat; Yamaha 700 Super Jet 96-20";90,74
WSM;010-100K;"WSM 010-100K Supercharger Washers; Sea-Doo 1503 GTX Supercharged 03-05";91,02
WSM;830-302;"WSM 830-302 Belt, Serpentine; Mercruiser 5.0L / 8.2L V8 1998-04";91,78
WSM;004-241;"WSM 004-241 Armature / Stator Coil; Yamaha 1200 97-14";91,87
WSM;100-25-06K;"WSM 100-25-06K Piston Kit; Mercury / Mariner 70 - 115 Hp Looper 87-93 .030 Over";91,87
WSM;511-30;"WSM 511-30 Gasket, Base; Yamaha 300 / 350 Hp 5.3 V8 4-Stroke 07-19";91,92
WSM;59-210-20A;"WSM 59-210-20A Top End Rebuild Kit; KTM / Husqvarna / Gas Gas 85 18-25 A Piston";91,92
WSM;59-210-20B;"WSM 59-210-20B Top End Rebuild Kit; KTM / Husqvarna / Gas Gas 85 18-25 B Piston";91,92
WSM;PH500-M012;"WSM PH500-M012 Fuel Pump; Pleasurecraft";91,94
WSM;362-301;"WSM 362-301 Ignition Switch; Yamaha 115 - 300 Hp";92,02
WSM;012-099BLK;"WSM 012-099BLK Traction Mat; Kawasaki 300 - 550 JS 82-89";92,06
WSM;010-1343;"WSM 010-1343 Cylinder Sleeve; Kawasaki 800 SX-R 03-09";92,23
WSM;010-1353;"WSM 010-1353 Cylinder Sleeve; Tiger Shark 1000 97-98";92,23
WSM;50-228-04K;"WSM 50-228-04K Piston Kit; Honda 400 TRX-EX 99-14 .25mm Over";92,23
WSM;50-228-05K;"WSM 50-228-05K Piston Kit; Honda 400 TRX-EX 99-14 .5mm Over";92,23
WSM;50-228-06K;"WSM 50-228-06K Piston Kit; Honda 400 TRX-EX 99-14 .75mm Over";92,23
WSM;50-228-09K;"WSM 50-228-09K Piston Kit; Honda 400 TRX-EX 99-14 1.5mm Over";92,23
WSM;50-228-07K;"WSM 50-228-07K Piston Kit; Honda 400 TRX-EX 99-14 1mm Over";92,23
WSM;50-228K;"WSM 50-228K Piston Kit; Honda 400 TRX-EX 99-14 Standard";92,23
WSM;506-49;"WSM 506-49 Gasket, Head; Yamaha 75 / 90 Hp 4 Cyl 4-Stroke";92,34
WSM;360-2474;"WSM 360-2474 Power Pack; Johnson / Evinrude  25 / 40 / 55 Hp 2 Cylinder 83-84";92,45
WSM;002-040-06;"WSM 002-040-06 Steering Cable: Kawasaki 1500; SX-R 17-24";92,47
WSM;830-120;"WSM 830-120 Belt, Timing; Mercury / Yamaha 200 / 225 Hp 4-Stroke 02-06";92,51
WSM;100-420;WSM 100-420 Piston 4-Stroke, Standard;93,01
WSM;100-420-04K;"WSM 100-420-04K Piston Kit; Johnson / Suzuki 115 - 140 Hp 4-Stroke 02-21 .010 Over";93,01
WSM;100-420-05K;"WSM 100-420-05K Piston Kit; Johnson / Suzuki 115 - 140 Hp 4-Stroke 02-21 .020 Over";93,01
WSM;100-420-06K;"WSM 100-420-06K Piston Kit; Johnson / Suzuki 115 - 140 Hp 4-Stroke 02-21 .030 Over";93,01
WSM;100-420K;"WSM 100-420K Piston Kit; Johnson / Suzuki 115 - 140 Hp 4-Stroke 02-21 Standard";93,01
WSM;100-40-045K;"WSM 100-40-045K Piston Kit; Mercury / Mariner 65 - 125 Hp Looper 94-06 .015 Over";93,01
WSM;985-125K;"WSM 985-125K Flywheel Puller Kit; Johnson / Evinrude";93,04
WSM;500-132;"WSM 500-132 Gasket Kit, Powerhead; Johnson / Evinrude 120 - 140 Hp Looper";93,04
WSM;335-275;"WSM 335-275 Trim Manifoid Seal Kit; Mercury / Mariner 200 - 400 Hp Verado";93,05
WSM;50-262K;"WSM 50-262K Piston Kit; Kawasaki 800 Teryx 14-25 Standard";93,18
WSM;600-161-01;"WSM 600-161-01 Fuel Pump; Chrysler I/O V-8 361 / 400 / 413 / 440";93,35
WSM;250-119;"WSM 250-119 Cylinder Sleeve; Johnson / Evinrude 200 - 300 Hp 6 Cylinder 93-01";93,72
WSM;004-810;"WSM 004-810 Fuel Pump; Kawasaki 1200 / 1500 05-13";93,72
WSM;500-111;"WSM 500-111 Gasket Kit, Powerhead; Chrysler / Force 120 Hp";93,72
WSM;100-25-04K;"WSM 100-25-04K Piston Kit; Mercury / Mariner 70 - 115 Hp Looper 87-93 .010 Over";93,72
WSM;100-25-045K;"WSM 100-25-045K Piston Kit; Mercury / Mariner 70 - 115 Hp Looper 87-93 .015 Over";93,72
WSM;100-25-05K;"WSM 100-25-05K Piston Kit; Mercury / Mariner 70 - 115 Hp Looper 87-93 .020 Over";93,72
WSM;100-25-07K;"WSM 100-25-07K Piston Kit; Mercury / Mariner 70 - 115 Hp Looper 87-93 .040 Over";93,72
WSM;100-25K;"WSM 100-25K Piston Kit; Mercury / Mariner 70 - 115 Hp Looper 87-93 Standard";93,72
WSM;54-605-11;"WSM 54-605-11 Top End Rebuild Kit; Suzuki 500 Quadracer 88-90 .25mm Over";93,72
WSM;54-605-13;"WSM 54-605-13 Top End Rebuild Kit; Suzuki 500 Quadracer 88-90 .75mm Over";93,72
WSM;007-613;"WSM 007-613 Complete Gasket Kit; Yamaha 800 GP / XL / XLT 98-05";93,76
WSM;360-4767;"WSM 360-4767 Power Pack; Johnson / Evinrude 20 - 50 Hp 2 Cylinder 93-05";93,79
WSM;986-110;"WSM 986-110 Tilt Tube, Stainless Steel; Yamaha 40 - 90 Hp";93,79
WSM;750-437;"WSM 750-437 Water Pump Kit Complete; Yamaha 225 - 300 Hp 06-17";93,97
WSM;003-402;"WSM 003-402 Bearing Housing; Yamaha 650 Super Jet / Wave Runner III 92-96";94,08
WSM;100-20-04PK;"WSM 100-20-04PK Piston Kit; Mercury/Mariner/Sea-Doo 105 - 210 / 2500 90-05 Port .010 Over";94,24
WSM;100-20-045PK;"WSM 100-20-045PK Piston Kit; Mercury/Mariner/Sea-Doo 105 - 210 / 2500 90-05 Port .015 Over";94,24
WSM;100-20-05PK;"WSM 100-20-05PK Piston Kit; Mercury/Mariner/Sea-Doo 105 - 210 / 2500 90-05 Port .020 Over";94,24
WSM;100-20-06PK;"WSM 100-20-06PK Piston Kit; Mercury/Mariner/Sea-Doo 105 - 210 / 2500 90-05 Port .030 Over";94,24
WSM;100-20-07PK;"WSM 100-20-07PK Piston Kit; Mercury/Mariner/Sea-Doo 105 - 210 / 2500 90-05 Port .040 Over";94,24
WSM;100-20PK;"WSM 100-20PK Piston Kit; Mercury/Mariner/Sea-Doo 105 - 210 / 2500 90-05 Port Standard";94,24
WSM;100-20-04SK;"WSM 100-20-04SK Piston Kit; Mercury/Mariner/Sea-Doo 105 - 210 / 2500 90-05 Starboard .010 Over";94,24
WSM;100-20-045SK;"WSM 100-20-045SK Piston Kit; Mercury/Mariner/Sea-Doo 105 - 210 / 2500 90-05 Starboard .015 Over";94,24
WSM;100-20-05SK;"WSM 100-20-05SK Piston Kit; Mercury/Mariner/Sea-Doo 105 - 210 / 2500 90-05 Starboard .020 Over";94,24
WSM;100-20-06SK;"WSM 100-20-06SK Piston Kit; Mercury/Mariner/Sea-Doo 105 - 210 / 2500 90-05 Starboard .030 Over";94,24
WSM;100-20-07SK;"WSM 100-20-07SK Piston Kit; Mercury/Mariner/Sea-Doo 105 - 210 / 2500 90-05 Starboard .040 Over";94,24
WSM;100-20SK;"WSM 100-20SK Piston Kit; Mercury/Mariner/Sea-Doo 105 - 210 / 2500 90-05 Starboard Standard";94,24
WSM;600-083;"WSM 600-083 Fuel Pump; Johnson / Evinrude / Suzuki 40 - 50 Hp 4-Stroke 99-01";94,31
WSM;610-280;"WSM 610-280 Fuel Injector; Johnson / Evinrude / Suzuki 60 - 70 Hp 4-Stroke 98-09";94,36
WSM;60-120;"WSM 60-120 Axle Carrier; Kawasaki / Suzuki 400 KFX / LT-Z 03-08";94,4
WSM;65-630;"WSM 65-630 CDI Box; Yamaha 450 YFZ 04-09";94,4
WSM;50-546-04K;"WSM 50-546-04K Piston Kit; Yamaha 700 Grizzly / Raptor / Rhino 06-14 .25mm Over";94,4
WSM;50-546-05K;"WSM 50-546-05K Piston Kit; Yamaha 700 Grizzly / Raptor / Rhino 06-14 .5mm Over";94,4
WSM;50-546-06K;"WSM 50-546-06K Piston Kit; Yamaha 700 Grizzly / Raptor / Rhino 06-14 .75mm Over";94,4
WSM;50-546-09K;"WSM 50-546-09K Piston Kit; Yamaha 700 Grizzly / Raptor / Rhino 06-14 1.5mm Over";94,4
WSM;50-546-07K;"WSM 50-546-07K Piston Kit; Yamaha 700 Grizzly / Raptor / Rhino 06-14 1mm Over";94,4
WSM;50-546K;"WSM 50-546K Piston Kit; Yamaha 700 Grizzly / Raptor / Rhino 06-14 Standard";94,4
WSM;002-059-06;WSM 002-059-06 Steering Cable: Yamaha 700 Super Jet 08-20;94,4
WSM;PH105-D002;"WSM PH105-D002 Starter Drive; Tiger Shark 1000 / 1100 97-99";94,46
WSM;343-525;"WSM 343-525 Relay Assembly; Yamaha 200 - 350 Hp 4 Stroke 11-16";94,8
WSM;002-209;"WSM 002-209 Reverse Cable; Yamaha 1800 / 1900 190 / 195 / 222 FSH 16-26";94,8
WSM;002-216;"WSM 002-216 Reverse Cable; Yamaha 1800 12-18";94,8
WSM;779-170;"WSM 779-170 Valve, IAC; Mercruiser V6 / V8";94,8
WSM;25-528;"WSM 25-528 Full Gasket Kit; Yamaha 660 Raptor 01-05";94,85
WSM;29-160;"WSM 29-160 Top End Gasket Kit; Honda 680 / 700  06-26";94,85
WSM;PH200-T067B;WSM PH200-T067B LATE STYLE METAL BRACKET FOR MERCURY TILT/TRIM;94,88
WSM;800-206;"WSM 800-206 Connecting Rod; Force / Mercury / Mariner 30 - 120 Hp";95,04
WSM;003-400;"WSM 003-400 Bearing Housing; Yamaha 700 93-94";95,21
WSM;600-234;"WSM 600-234 Carburetor Kit; Mercruiser / OMC 2 BBL Holley";95,21
WSM;003-127;"WSM 003-127 PTO End; Sea-Doo 800 95-05";95,27
WSM;376-9984;"WSM 376-9984 Ignition Coil; Mercury / Mercruiser 30 - 250 Hp 01-10";95,36
WSM;012-113BLK;"WSM 012-113BLK Traction Mat; Kawasaki 1500 SX-R 17-24";95,58
WSM;012-454BLK;"WSM 012-454BLK Traction Mat; Polaris 1200 Genesis 99-04";95,58
WSM;012-323BLK;"WSM 012-323BLK Traction Mat; Sea-Doo 1503 / 1630 RXP-X 260 / 300 12-19";95,58
WSM;012-216BLK;"WSM 012-216BLK Traction Mat; Yamaha 700 / 760 / 1100 95-04";95,58
WSM;012-212BLK;"WSM 012-212BLK Traction Mat; Yamaha 800 / 1200 / 1300 GP / GP-R 00-08";95,58
WSM;012-217BLK;"WSM 012-217BLK Traction Mat; Yamaha 800 / 1200 XL / XLT 98-05";95,58
WSM;25-975;"WSM 25-975 Full Gasket Kit; Suzuki 450 RMZ 05-07";95,66
WSM;506-45;"WSM 506-45 Gasket, Head; Yamaha 150 - 200 Hp L4 2.8L 4 Stroke";95,75
WSM;820-100-24;"WSM 820-100-24 Bolts, Head; Mecrury / Mariner 110 - 240 Hp V6 24 Pack";96,12
WSM;003-259;"WSM 003-259 Coupler Shaft; Yamaha 1000 / 1100 02-08 / 16-19";96,18
WSM;60-520;"WSM 60-520 Cylinder Sleeve; Yamaha 350 Banshee 87-06";96,29
WSM;88-316;"WSM 88-316 Clutch Kit, Complete; KTM / Husqvarna 250 / 350 / 450 14-21";96,32
WSM;88-312;"WSM 88-312 Clutch Kit, Complete; KTM 250 - 500 11-15";96,32
WSM;610-318;"WSM 610-318 Fuel Injector;Mercury / Yamaha 200 / 225 Hp 3.3L 4-Stroke 02-10";96,32
WSM;002-040-03;WSM 002-040-03 Steering Cable: Kawasaki 1500 STX 160LX / 160X / Ultra 10-26;96,32
WSM;002-040-05;WSM 002-040-05 Steering Cable: Kawasaki 1500 Ultra 250 / 260  07-09;96,32
WSM;600-160-16-12;"WSM 600-160-16-12 Gasket, Fuel Injector; Yamaha 150 - 300 Hp HPDI 00-14 12 PK";96,4
WSM;54-250-11;"WSM 54-250-11 Top End Rebuild Kit; Kawasaki 220 Bayou 88-02 .25mm Over";96,4
WSM;54-250-12;"WSM 54-250-12 Top End Rebuild Kit; Kawasaki 220 Bayou 88-02 .5mm Over";96,4
WSM;54-250-13;"WSM 54-250-13 Top End Rebuild Kit; Kawasaki 220 Bayou 88-02 .75mm Over";96,4
WSM;54-250-14;"WSM 54-250-14 Top End Rebuild Kit; Kawasaki 220 Bayou 88-02 1mm Over";96,4
WSM;54-250-10;"WSM 54-250-10 Top End Rebuild Kit; Kawasaki 220 Bayou 88-02 Standard";96,4
WSM;54-252-11;"WSM 54-252-11 Top End Rebuild Kit; Kawasaki 250 Bayou 03-11 .25mm Over";96,4
WSM;54-252-12;"WSM 54-252-12 Top End Rebuild Kit; Kawasaki 250 Bayou 03-11 .5mm Over";96,4
WSM;54-252-13;"WSM 54-252-13 Top End Rebuild Kit; Kawasaki 250 Bayou 03-11 .75mm Over";96,4
WSM;54-252-14;"WSM 54-252-14 Top End Rebuild Kit; Kawasaki 250 Bayou 03-11 1mm Over";96,4
WSM;54-252-10;"WSM 54-252-10 Top End Rebuild Kit; Kawasaki 250 Bayou 03-11 Standard";96,4
WSM;54-255-11;"WSM 54-255-11 Top End Rebuild Kit; Kawasaki 300 Bayou / Lakota 88-04 .25mm Over";96,4
WSM;54-255-12;"WSM 54-255-12 Top End Rebuild Kit; Kawasaki 300 Bayou / Lakota 88-04 .5mm Over";96,4
WSM;54-255-13;"WSM 54-255-13 Top End Rebuild Kit; Kawasaki 300 Bayou / Lakota 88-04 .75mm Over";96,4
WSM;54-255-14;"WSM 54-255-14 Top End Rebuild Kit; Kawasaki 300 Bayou / Lakota 88-04 1mm Over";96,4
WSM;54-255-10;"WSM 54-255-10 Top End Rebuild Kit; Kawasaki 300 Bayou / Lakota 88-04 Standard";96,4
WSM;004-815;"WSM 004-815 Fuel Pump; Yamaha 1000 / 1100 / 1300 02-14";96,68
WSM;500-144;"WSM 500-144 Gasket Kit, Powerhead; Johnson / Evinrude 220 / 225 Hp V6";96,68
WSM;500-241;"WSM 500-241 Gasket Kit, Powerhead; Mercury / Mariner 200 - 300 Hp 3L Carbuertor / EFI";96,68
WSM;500-242;"WSM 500-242 Gasket Kit, Powerhead; Mercury / Mariner 225 / 250 Hp 3L Carbuertor / EFI";96,68
WSM;500-130;"WSM 500-130 Gasket Kit, Powerhead;Johnson / Evinrude 85 - 140 Hp 4 Cylinder Cross Flow";96,68
WSM;010-848PK;"WSM 010-848PK Piston Kit; Kawasaki 1500 Ultra 300 11-13 Standard Platinum";96,68
WSM;100-47-045PK;"WSM 100-47-045PK Piston Kit; Mercury / Mariner / Sea-Doo 200 - 250 / 3000 Port .015 Over";96,68
WSM;100-47-05PK;"WSM 100-47-05PK Piston Kit; Mercury / Mariner / Sea-Doo 200 - 250 / 3000 Port .020 Over";96,68
WSM;100-47-06PK;"WSM 100-47-06PK Piston Kit; Mercury / Mariner / Sea-Doo 200 - 250 / 3000 Port .030 Over";96,68
WSM;100-47-07PK;"WSM 100-47-07PK Piston Kit; Mercury / Mariner / Sea-Doo 200 - 250 / 3000 Port .040 Over";96,68
WSM;100-47PK;"WSM 100-47PK Piston Kit; Mercury / Mariner / Sea-Doo 200 - 250 / 3000 Port Standard";96,68
WSM;100-47-045SK;"WSM 100-47-045SK Piston Kit; Mercury / Mariner / Sea-Doo 200 - 250 / 3000 Starboard .015 Over";96,68
WSM;100-47-05SK;"WSM 100-47-05SK Piston Kit; Mercury / Mariner / Sea-Doo 200 - 250 / 3000 Starboard .020 Over";96,68
WSM;100-47-06SK;"WSM 100-47-06SK Piston Kit; Mercury / Mariner / Sea-Doo 200 - 250 / 3000 Starboard .030 Over";96,68
WSM;100-47-07SK;"WSM 100-47-07SK Piston Kit; Mercury / Mariner / Sea-Doo 200 - 250 / 3000 Starboard .040 Over";96,68
WSM;100-47SK;"WSM 100-47SK Piston Kit; Mercury / Mariner / Sea-Doo 200 - 250 / 3000 Starboard Standard";96,68
WSM;100-48-045PK;"WSM 100-48-045PK Piston Kit; Mercury / Mariner 200 / 225 Hp 3L Optimax 98-02 Port .015 Over";96,68
WSM;100-48-05PK;"WSM 100-48-05PK Piston Kit; Mercury / Mariner 200 / 225 Hp 3L Optimax 98-02 Port .020 Over";96,68
WSM;100-48-06PK;"WSM 100-48-06PK Piston Kit; Mercury / Mariner 200 / 225 Hp 3L Optimax 98-02 Port .030 Over";96,68
WSM;100-48-07PK;"WSM 100-48-07PK Piston Kit; Mercury / Mariner 200 / 225 Hp 3L Optimax 98-02 Port .040 Over";96,68
WSM;100-48PK;"WSM 100-48PK Piston Kit; Mercury / Mariner 200 / 225 Hp 3L Optimax 98-02 Port Standard";96,68
WSM;100-48-045SK;"WSM 100-48-045SK Piston Kit; Mercury / Mariner 200 / 225 Hp 3L Optimax 98-02 Starboard .015 Over";96,68
WSM;100-48-05SK;"WSM 100-48-05SK Piston Kit; Mercury / Mariner 200 / 225 Hp 3L Optimax 98-02 Starboard .020 Over";96,68
WSM;100-48-06SK;"WSM 100-48-06SK Piston Kit; Mercury / Mariner 200 / 225 Hp 3L Optimax 98-02 Starboard .030 Over";96,68
WSM;100-48-07SK;"WSM 100-48-07SK Piston Kit; Mercury / Mariner 200 / 225 Hp 3L Optimax 98-02 Starboard .040 Over";96,68
WSM;100-48SK;"WSM 100-48SK Piston Kit; Mercury / Mariner 200 / 225 Hp 3L Optimax 98-02 Starboard Standard";96,68
WSM;50-314K;"WSM 50-314K Piston Kit; Polaris 850 Scrambler / Sportsman 09-22 Standard";96,68
WSM;010-497-01K;"WSM 010-497-01K Power Valve Rebuild Kit; Yamaha 800 - 1200 95-05";96,68
WSM;54-300-11P;"WSM 54-300-11P Top End Rebuild Kit; Polaris 250 86-06 .25mm Over Platinum";96,68
WSM;54-300-12P;"WSM 54-300-12P Top End Rebuild Kit; Polaris 250 86-06 .5mm Over Platinum";96,68
WSM;54-300-13P;"WSM 54-300-13P Top End Rebuild Kit; Polaris 250 86-06 .75mm Over Platinum";96,68
WSM;54-300-14P;"WSM 54-300-14P Top End Rebuild Kit; Polaris 250 86-06 1mm Over Platinum";96,68
WSM;54-300-10P;"WSM 54-300-10P Top End Rebuild Kit; Polaris 250 86-06 Standard Platinum";96,68
WSM;25-313-OS;"WSM 25-313-OS Complete Gasket Kit; Polaris 500 Outlaw / Predator 05-07";96,74
WSM;610-320;"WSM 610-320 Fuel Injector; Yamaha 200 - 250 Hp 4-Stroke 06-18";96,74
WSM;25-218;"WSM 25-218 Full Gasket Kit; Kawasaki / Suzuki 700 04-09";96,74
WSM;25-212;"WSM 25-212 Full Gasket Kit; Kawasaki 450 KFX 08-14";96,74
WSM;25-785;"WSM 25-785 Full Gasket Kit; Kawasaki 450 KX-F 06-08";96,74
WSM;25-786;"WSM 25-786 Full Gasket Kit; Kawasaki 450 KX-F 09-15";96,74
WSM;25-216;"WSM 25-216 Full Gasket Kit; Kawasaki 650 Brute Force 05-13";96,74
WSM;25-220;"WSM 25-220 Full Gasket Kit; Kawasaki 750 Brute Force / Teryx 06-20";96,74
WSM;25-845;"WSM 25-845 Full Gasket Kit; KTM 250 EXC-F / SX-F / XC-F 05-12";96,74
WSM;25-865;"WSM 25-865 Full Gasket Kit; KTM 400 - 530 EXC / XC-W 09-12";96,74
WSM;25-860;"WSM 25-860 Full Gasket Kit; KTM 400 / 450 00-09";96,74
WSM;25-863;"WSM 25-863 Full Gasket Kit; KTM 450 - 525 00-07";96,74
WSM;50-230-04K;"WSM 50-230-04K Piston Kit; Honda 400 TRX-FW 04-07 .25mm Over";96,74
WSM;50-230-05K;"WSM 50-230-05K Piston Kit; Honda 400 TRX-FW 04-07 .5mm Over";96,74
WSM;50-230-06K;"WSM 50-230-06K Piston Kit; Honda 400 TRX-FW 04-07 .75mm Over";96,74
WSM;50-230-09K;"WSM 50-230-09K Piston Kit; Honda 400 TRX-FW 04-07 1.5 mm Over";96,74
WSM;50-230-07K;"WSM 50-230-07K Piston Kit; Honda 400 TRX-FW 04-07 1mm Over";96,74
WSM;50-230K;"WSM 50-230K Piston Kit; Honda 400 TRX-FW 04-07 Standard";96,74
WSM;29-314;"WSM 29-314 Top End Gasket Kit; Polaris 700 / 800 Ranger / Sportsman 04-10";96,74
WSM;100-290-04PK;"WSM 100-290-04PK Piston Kit; Yamaha 150 - 200 Hp HPDI Port .010 Over";96,77
WSM;100-290-05PK;"WSM 100-290-05PK Piston Kit; Yamaha 150 - 200 Hp HPDI Port .020 Over";96,77
WSM;100-290-06PK;"WSM 100-290-06PK Piston Kit; Yamaha 150 - 200 Hp HPDI Port .030 Over";96,77
WSM;100-290-07PK;"WSM 100-290-07PK Piston Kit; Yamaha 150 - 200 Hp HPDI Port .040 Over";96,77
WSM;100-290PK;"WSM 100-290PK Piston Kit; Yamaha 150 - 200 Hp HPDI Port Standard";96,77
WSM;100-290-04SK;"WSM 100-290-04SK Piston Kit; Yamaha 150 - 200 Hp HPDI Starboard .010 Over";96,77
WSM;100-290-05SK;"WSM 100-290-05SK Piston Kit; Yamaha 150 - 200 Hp HPDI Starboard .020 Over";96,77
WSM;100-290-06SK;"WSM 100-290-06SK Piston Kit; Yamaha 150 - 200 Hp HPDI Starboard .030 Over";96,77
WSM;100-290-07SK;"WSM 100-290-07SK Piston Kit; Yamaha 150 - 200 Hp HPDI Starboard .040 Over";96,77
WSM;100-290SK;"WSM 100-290SK Piston Kit; Yamaha 150 - 200 Hp HPDI Starboard Standard";96,77
WSM;012-332BLK;"WSM 012-332BLK Traction Mat; Sea-Doo 1503 / 1630 13-17";97,06
WSM;012-312BLK;"WSM 012-312BLK Traction Mat; Sea-Doo 1503 GTI / Wake 06-11";97,06
WSM;012-334BLK;"WSM 012-334BLK Traction Mat; Sea-Doo 1503 GTX / RXT / Wake Pro 230 2018";97,06
WSM;012-220BLK;"WSM 012-220BLK Traction Mat; Yamaha 1200 SUV 99-04";97,06
WSM;002-207;"WSM 002-207 Reverse Cable; Yamaha 1100 / 1800 07-18";97,09
WSM;500-219;"WSM 500-219 Gasket Kit, Powerhead; Mercury 135 - 200 Hp 90-92";97,38
WSM;002-058-09;WSM 002-058-09 Reverse Cable: Yamaha 700 Wave Venture 95-96;97,63
WSM;54-219-10;"WSM 54-219-10 Top End Rebuild Kit; Honda 300 TRX-EX 93-09 Standard";97,72
WSM;003-228;"WSM 003-228 Coupler; Yamaha 1800 / 1900 08-26";97,78
WSM;010-144;"WSM 010-144 Center Main Bearing; Mercury / Mariner 200 - 300 Hp";98,06
WSM;004-199;"WSM 004-199 Coil, Ignition; Yamaha 1000 / 1100 04-15";98,18
WSM;003-239-01;"WSM 003-239-01 Coupler; Sea-Doo 800 XP 1997";98,18
WSM;500-216;"WSM 500-216 Gasket Kit, Powerhead; Mercury / Mariner 135 / 150Hp 2.0L V6 90-99";98,18
WSM;004-224;"WSM 004-224 Voltage Regulator; Sea-Doo 800 / 951 98-06";98,18
WSM;59-215-10A;"WSM 59-215-10A Top End Rebuild Kit; KTM 125 02-15 A Piston";98,22
WSM;59-215-10B;"WSM 59-215-10B Top End Rebuild Kit; KTM 125 02-15 B Piston";98,22
WSM;365-1900;"WSM 365-1900 Rectifier; Suzuki 70 - 100 Hp 4-Stroke 11-23";98,24
WSM;003-125;"WSM 003-125 PTO End; Sea-Doo 580 89-96";98,26
WSM;25-976;"WSM 25-976 Full Gasket Kit; Suzuki 450 RMZ 08-20";98,39
WSM;750-155-03;"WSM 750-155-03 Water Pump Kit; Mercury 200 - 400 Hp 6 / 8 Cyl Verado";98,48
WSM;012-314BLK;"WSM 012-314BLK Traction Mat; Sea-Doo 1503 GTX / RXT 09-17";98,64
WSM;012-330BLK;"WSM 012-330BLK Traction Mat; Sea-Doo 900 Spark 14-20";98,64
WSM;002-041-03;WSM 002-041-03 Reverse Cable: Kawasaki 900 / 1200 / 1500 STX 04-19;98,89
WSM;002-059-03;WSM 002-059-03 Steering Cable: Yamaha 700 Super Jet 96-05;98,89
WSM;002-036-07;WSM 002-036-07 Throttle Cable: Sea-Doo 951 GSX / RX 99-02;98,89
WSM;100-21-04PK;"WSM 100-21-04PK Piston Kit; Mercury / Mariner 175 - 250 Hp 2.5L Sport Jet 97-06 Port .010 Over";99,02
WSM;100-21-045PK;"WSM 100-21-045PK Piston Kit; Mercury / Mariner 175 - 250 Hp 2.5L Sport Jet 97-06 Port .015 Over";99,02
WSM;100-21-05PK;"WSM 100-21-05PK Piston Kit; Mercury / Mariner 175 - 250 Hp 2.5L Sport Jet 97-06 Port .020 Over";99,02
WSM;100-21-06PK;"WSM 100-21-06PK Piston Kit; Mercury / Mariner 175 - 250 Hp 2.5L Sport Jet 97-06 Port .030 Over";99,02
WSM;100-21-07PK;"WSM 100-21-07PK Piston Kit; Mercury / Mariner 175 - 250 Hp 2.5L Sport Jet 97-06 Port .040 Over";99,02
WSM;100-21PK;"WSM 100-21PK Piston Kit; Mercury / Mariner 175 - 250 Hp 2.5L Sport Jet 97-06 Port Standard";99,02
WSM;100-21-04SK;"WSM 100-21-04SK Piston Kit; Mercury / Mariner 175 - 250 Hp 2.5L Sport Jet 97-06 Starboard .010 Over";99,02
WSM;100-21-045SK;"WSM 100-21-045SK Piston Kit; Mercury / Mariner 175 - 250 Hp 2.5L Sport Jet 97-06 Starboard .015 Over";99,02
WSM;100-21-05SK;"WSM 100-21-05SK Piston Kit; Mercury / Mariner 175 - 250 Hp 2.5L Sport Jet 97-06 Starboard .020 Over";99,02
WSM;100-21-06SK;"WSM 100-21-06SK Piston Kit; Mercury / Mariner 175 - 250 Hp 2.5L Sport Jet 97-06 Starboard .030 Over";99,02
WSM;100-21-07SK;"WSM 100-21-07SK Piston Kit; Mercury / Mariner 175 - 250 Hp 2.5L Sport Jet 97-06 Starboard .040 Over";99,02
WSM;100-21SK;"WSM 100-21SK Piston Kit; Mercury / Mariner 175 - 250 Hp 2.5L Sport Jet 97-06 Starboard Standard";99,02
WSM;45-607;"WSM 45-607 Connecting Rod; Honda 250 CRF-R 18-20";99,11
WSM;45-540;"WSM 45-540 Connecting Rod; Yamaha 250 Raptor 08-13";99,11
WSM;778-124;"WSM 778-124 Sensor, Water Pressure; Mercury / Mercruiser 2.5 Liter";99,11
WSM;360-3110;"WSM 360-3110 Power Pack; Johnson / Evinrude 88 - 110 Hp 4 Cylinder Cross Flow 86-87";99,13
WSM;830-110;"WSM 830-110 Belt, Timing; Yamaha 150 Hp 4-Stroke 04-18";99,17
WSM;PH130-0001;"WSM PH130-0001 Starter; Johnson / Evinrude 20 - 35 Hp 76-05";99,24
WSM;003-408-01;"WSM 003-408-01 Oil Pump Bellow With Bearing; Sea-Doo 1503 / 1630 4-Tec 02-23";99,43
WSM;003-410;"WSM 003-410 Oil Pump Bellow With Bearing; Sea-Doo 1630 Ace 24-26";99,43
WSM;50-320K;"WSM 50-320K Piston Kit; Polaris 900 / 1000 13-26 Standard";99,47
WSM;500-238;"WSM 500-238 Gasket Kit, Powerhead; Mercury / Mariner 200 Hp 2.4L 78-90";99,67
WSM;002-045-06;WSM 002-045-06 Steering Cable: Sea-Doo 720 - 951 96-01;99,67
WSM;010-259;"WSM 010-259 Upper Main Bearing; Mercury 200 - 300 Hp";99,67
WSM;54-548-11;"WSM 54-548-11 Top End Rebuild Kit; Yamaha 450 03-26 .25mm Over";99,79
WSM;54-548-12;"WSM 54-548-12 Top End Rebuild Kit; Yamaha 450 03-26 .5mm Over";99,79
WSM;54-548-13;"WSM 54-548-13 Top End Rebuild Kit; Yamaha 450 03-26 .75mm Over";99,79
WSM;54-548-14;"WSM 54-548-14 Top End Rebuild Kit; Yamaha 450 03-26 1mm Over";99,79
WSM;54-548-10;"WSM 54-548-10 Top End Rebuild Kit; Yamaha 450 03-26 Standard";99,79
WSM;54-255-21;"WSM 54-255-21 Top End Rebuild Kit; Kawasaki 300 Prairie 99-02 .25mm Over";100,12
WSM;54-255-22;"WSM 54-255-22 Top End Rebuild Kit; Kawasaki 300 Prairie 99-02 .5mm Over";100,12
WSM;54-255-23;"WSM 54-255-23 Top End Rebuild Kit; Kawasaki 300 Prairie 99-02 .75mm Over";100,12
WSM;54-255-24;"WSM 54-255-24 Top End Rebuild Kit; Kawasaki 300 Prairie 99-02 1mm Over";100,12
WSM;54-255-20;"WSM 54-255-20 Top End Rebuild Kit; Kawasaki 300 Prairie 99-02 Standard";100,12
WSM;007-640;"WSM 007-640 Complete Gasket Kit; Kawasaki 900 95-06";100,19
WSM;007-640-03;"WSM 007-640-03 Complete Gasket Kit; Kawasaki 900 STX 97-98";100,19
WSM;007-625;"WSM 007-625 Complete Gasket Kit; Sea-Doo 951 DI 00-07";100,19
WSM;002-047-02;WSM 002-047-02 Reverse Cable: Sea-Doo 580 - 720 94-96;100,19
WSM;002-047-04;WSM 002-047-04 Reverse Cable: Sea-Doo 720 / 800 / 1503 01-10;100,19
WSM;002-047-03;WSM 002-047-03 Reverse Cable: Sea-Doo 720 / 800 GTI / GTX RFI 98-02;100,19
WSM;002-047-05;WSM 002-047-05 Reverse Cable: Sea-Doo 951 / 1503 02-09;100,19
WSM;002-047-07;WSM 002-047-07 Reverse Cable: Sea-Doo 951 GTX 98-00;100,19
WSM;002-047-06;WSM 002-047-06 Reverse Cable: Sea-Doo 951 RX DI 00-03;100,19
WSM;PH110-AC04;"WSM PH110-AC04 Starter; Arctic Cat 700 EFI 06-08";100,19
WSM;PH110-KW02;"WSM PH110-KW02 Starter; Kawasaki 300 Mule 93-04";100,19
WSM;PH110-KW05;"WSM PH110-KW05 Starter; Kawasaki 400 Mule 05-26";100,19
WSM;PH110-KW03;"WSM PH110-KW03 Starter; Kawasaki 540 Mule 1993";100,19
WSM;PH110-KW04;"WSM PH110-KW04 Starter; Kawasaki 620 Mule 94-00";100,19
WSM;PH110-YA14;"WSM PH110-YA14 Starter; Yamaha 450 YFZ 09-26";100,19
WSM;PH110-YA12;"WSM PH110-YA12 Starter; Yamaha 700 06-26";100,19
WSM;750-155-02;"WSM 750-155-02 Water Pump Kit; Mercury 3.4L V6 / 4.6L V8 Pro XS / Verado";100,38
WSM;500-106;"WSM 500-106 Gasket Kit, Powerhead;Chrysler / Force 70 - 75 Hp 3 Cyl";100,39
WSM;600-121;"WSM 600-121 Fuel Pump; Mercury / Mariner 75 - 350 Hp 4-Stroke Verado Lift Pump";100,51
WSM;750-235;"WSM 750-235 Water Pump Kit Complete; Mercury / Mariner 30 - 60 Hp";100,54
WSM;750-455;"WSM 750-455 Water Pump Kit Complete; Yamaha 200 - 300 Hp 4.2L 4-Stroke";100,55
WSM;003-114-01;"WSM 003-114-01 Impeller Shaft; Yamaha 1100 VX 2015";100,66
WSM;PH500-M042;"WSM PH500-M042 Fuel Pump; Chrysler I/O";100,7
WSM;PH500-M017;"WSM PH500-M017 Fuel Pump; Crusader 7.4L V8";100,7
WSM;983-249;"WSM 983-249 Bearing Carrier Wrench; Mercruiser Bravo 3";100,74
WSM;010-573;"WSM 010-573 Connecting Rod; Yamaha 1800 08-12";100,74
WSM;250-090;"WSM 250-090 Cylinder Sleeve; Mercury 175 / 200 Hp 6 Cylinder 2.5L 90-95";100,74
WSM;50-705K;"WSM 50-705K Piston Kit; Can-Am 1000 12-26";100,74
WSM;50-705-05K;"WSM 50-705-05K Piston Kit; Can-Am 1000 12-26 0.5mm Over";100,74
WSM;50-705-07K;"WSM 50-705-07K Piston Kit; Can-Am 1000 12-26 1mm Over";100,74
WSM;363-6452;"WSM 363-6452 Trigger; Mercury / Mariner 40 - 85 Hp 4 Cylinder Cross Flow 76-97";100,74
WSM;365-0001;"WSM 365-0001 Voltage Regulator; Yamaha 115 - 225 Hp";100,76
WSM;65-620;"WSM 65-620 CDI Box; Yamaha 350 Banshee 97-06";101,14
WSM;65-660;"WSM 65-660 CDI Box; Yamaha 350 Raptor 04-14";101,14
WSM;65-655;"WSM 65-655 CDI Box; Yamaha 350 Warrior 02-04";101,14
WSM;65-640;"WSM 65-640 CDI Box; Yamaha 350 Warrior 90-95";101,14
WSM;65-657;"WSM 65-657 CDI Box; Yamaha 350 Warrior 97-01";101,14
WSM;65-755;"WSM 65-755 Voltage Regulator; Suzuki 450 - 750 King Quad / Vinson 02-14";101,14
WSM;100-133-04PK;"WSM 100-133-04PK Piston Kit; Johnson / Evinrude 75 - 175 Hp Ficht Port .010 Over";101,15
WSM;100-133-05PK;"WSM 100-133-05PK Piston Kit; Johnson / Evinrude 75 - 175 Hp Ficht Port .020 Over";101,15
WSM;100-133-06PK;"WSM 100-133-06PK Piston Kit; Johnson / Evinrude 75 - 175 Hp Ficht Port .030 Over";101,15
WSM;100-133-07PK;"WSM 100-133-07PK Piston Kit; Johnson / Evinrude 75 - 175 Hp Ficht Port .040 Over";101,15
WSM;100-133PK;"WSM 100-133PK Piston Kit; Johnson / Evinrude 75 - 175 Hp Ficht Port Standard";101,15
WSM;100-133-04SK;"WSM 100-133-04SK Piston Kit; Johnson / Evinrude 75 - 175 Hp Ficht Starboard .010 Over";101,15
WSM;100-133-05SK;"WSM 100-133-05SK Piston Kit; Johnson / Evinrude 75 - 175 Hp Ficht Starboard .020 Over";101,15
WSM;100-133-06SK;"WSM 100-133-06SK Piston Kit; Johnson / Evinrude 75 - 175 Hp Ficht Starboard .030 Over";101,15
WSM;100-133-07SK;"WSM 100-133-07SK Piston Kit; Johnson / Evinrude 75 - 175 Hp Ficht Starboard .040 Over";101,15
WSM;100-133SK;"WSM 100-133SK Piston Kit; Johnson / Evinrude 75 - 175 Hp Ficht Starboard Standard";101,15
WSM;003-126;"WSM 003-126 PTO End; Sea-Doo 650 - 720 93-05";101,23
WSM;29-315;"WSM 29-315 Top End Gasket Kit; Polaris 900 RZR 11-12";101,56
WSM;29-315-01;"WSM 29-315-01 Top End Gasket Kit; Polaris 900 RZR 11-12";101,56
WSM;29-315-02;"WSM 29-315-02 Top End Gasket Kit; Polaris 900 RZR 11-12";101,56
WSM;500-315;"WSM 500-315 Gasket Kit, Powerhead; Mercury / Mariner / Yamaha 8 - 15 Hp 4-Stroke 98-06";101,57
WSM;610-260;"WSM 610-260 Fuel Injector; Mercruiser 5.7 - 8.2L";102,01
WSM;365-2115;"WSM 365-2115 Rectifier; Mercury";102,02
WSM;365-5279;"WSM 365-5279 Rectifier; Mercury / Mariner 30 - 210 Hp";102,02
WSM;100-136-05PK;"WSM 100-136-05PK Piston Kit; Johnson / Evinrude 200 - 250 Hp 3.3L E-Tec 04-14 Port .020 Over";102,08
WSM;100-136-06PK;"WSM 100-136-06PK Piston Kit; Johnson / Evinrude 200 - 250 Hp 3.3L E-Tec 04-14 Port .030 Over";102,08
WSM;100-136-07PK;"WSM 100-136-07PK Piston Kit; Johnson / Evinrude 200 - 250 Hp 3.3L E-Tec 04-14 Port .040 Over";102,08
WSM;100-136PK;"WSM 100-136PK Piston Kit; Johnson / Evinrude 200 - 250 Hp 3.3L E-Tec 04-14 Port Standard";102,08
WSM;100-136-05SK;"WSM 100-136-05SK Piston Kit; Johnson / Evinrude 200 - 250 Hp 3.3L E-Tec 04-14 Starboard .020 Over";102,08
WSM;100-136-06SK;"WSM 100-136-06SK Piston Kit; Johnson / Evinrude 200 - 250 Hp 3.3L E-Tec 04-14 Starboard .030 Over";102,08
WSM;100-136-07SK;"WSM 100-136-07SK Piston Kit; Johnson / Evinrude 200 - 250 Hp 3.3L E-Tec 04-14 Starboard .040 Over";102,08
WSM;100-136SK;"WSM 100-136SK Piston Kit; Johnson / Evinrude 200 - 250 Hp 3.3L E-Tec 04-14 Starboard Standard";102,08
WSM;365-1972;"WSM 365-1972 Rectifier / Regulator; Yamaha 150 Hp 4-Stroke 04-22";102,08
WSM;PH350-0005;"WSM PH350-0005 Rectifier; Mercury / Mariner 30 - 275 Hp";102,08
WSM;54-219-12;"WSM 54-219-12 Top End Rebuild Kit; Honda 300 TRX-EX 93-09 .5mm Over";102,08
WSM;54-219-14;"WSM 54-219-14 Top End Rebuild Kit; Honda 300 TRX-EX 93-09 1mm Over";102,08
WSM;50-615AK;"WSM 50-615AK Piston Kit; Suzuki 500 Vinson 02-07 Standard A 87.45mm";102,13
WSM;50-615BK;"WSM 50-615BK Piston Kit; Suzuki 500 Vinson 02-07 Standard B 87.46mm";102,13
WSM;50-615CK;"WSM 50-615CK Piston Kit; Suzuki 500 Vinson 02-07 Standard C 87.47mm";102,13
WSM;29-430;"WSM 29-430 Top End Gasket Kit; Suzuki 700 / 750 King Quad 05-20";102,13
WSM;446-110;"WSM 446-110 Lower Unit Seal Kit; Johnson / Evinrude 150 / 300 Hp M2 Type";102,41
WSM;750-150-02;"WSM 750-150-02 Water Pump Kit; Honda / Tohatsu 200 - 250 Hp BF";102,41
WSM;002-059-02;WSM 002-059-02 Steering Cable: Yamaha 700 Wave Venture 95-96;102,5
WSM;500-240;"WSM 500-240 Gasket Kit, Powerhead; Mercury / Mariner 175 - 220 Hp 87-91";102,64
WSM;002-047;WSM 002-047 Reverse Cable: Sea-Doo 720 / 800 96-98;102,64
WSM;362-303;"WSM 362-303 Ignition Switch; Yamaha 25 - 115 Hp 4 Stroke";102,67
WSM;007-624-05;"WSM 007-624-05 Complete Gasket Kit; Sea-Doo 951 97-02";102,76
WSM;007-605;"WSM 007-605 Complete Gasket Kit; Yamaha 760 96-00";102,76
WSM;600-086;"WSM 600-086 Fuel Pump; Mercury 200 - 400 Hp Hi Pressure";102,76
WSM;100-68-05K;"WSM 100-68-05K Piston Kit; Mercury 135 - 150 Hp 4 Cyl 4-Stroke .020 Over";102,76
WSM;002-220;"WSM 002-220 Reverse Cable; Sea-Doo 1503 / 2500 / 3000 03-12";102,76
WSM;007-626-01;"WSM 007-626-01 Top End Gasket Kit; Sea-Doo 1503 / 1630 4-Tec 02-23";102,76
WSM;007-615-03;"WSM 007-615-03 Top End Gasket Kit; Yamaha 1300 GP-R 05-08";102,76
WSM;25-222;"WSM 25-222 Full Gasket Kit; Kawasaki 800 Teryx 14-25";102,8
WSM;002-095;WSM 002-095 Steering Cable: Polaris 700 - 750 / 1200 03-04;102,82
WSM;010-860-05PK;"WSM 010-860-05PK Piston Kit; Sea-Doo 1503 / 1630 4-Tec 03-20 / Can-Am 500 / 650 02-05 .5mm Over Platinum";103,09
WSM;010-860-07PK;"WSM 010-860-07PK Piston Kit; Sea-Doo 1503 / 1630 4-Tec 03-20 / Can-Am 500 / 650 02-05 1mm Over Platinum";103,09
WSM;010-860PK;"WSM 010-860PK Piston Kit; Sea-Doo 1503 / 1630 4-Tec 03-20 / Can-Am 500 / 650 02-05 Standard Platinum";103,09
WSM;010-861-05PK;"WSM 010-861-05PK Piston Kit; Sea-Doo 1503 4-Tec 03-06 .5mm Over Platinum";103,09
WSM;010-861PK;"WSM 010-861PK Piston Kit; Sea-Doo 1503 4-Tec 03-06 Standard Platinum";103,09
WSM;555-01K;WSM 555-01K Drain Plug Gasket Kit;103,15
WSM;360-3122;"WSM 360-3122 Power Pack; Johnson / Evinrude 65 Hp 3 Cylinder Looper 86-88";103,16
WSM;500-314;"WSM 500-314 Gasket Kit, Powerhead; Yamaha 25 Hp 2 Cylinder 4-Stroke 98-01";103,51
WSM;750-155-01;"WSM 750-155-01 Water Pump Kit Complete; Mercury / Mariner / Mercruiser 225 / 250 Hp";103,6
WSM;600-350;"WSM 600-350 Throttle Position Indicator; Mercury / Mariner 75 - 300 Hp";103,93
WSM;006-590;"WSM 006-590 Air Filter; Yamaha 1800 / 1900 08-26";104,12
WSM;010-4019-01;"WSM 010-4019-01 Balance Shaft Gear; Sea-Doo 951 98-03";104,12
WSM;014-900K;"WSM 014-900K Bolt Kit, Engine Hardware; Sea-Doo 1503 / 1630 02-26";104,12
WSM;004-197;"WSM 004-197 Coil, Ignition; Yamaha 1800 / 1900 08-26";104,12
WSM;004-196;"WSM 004-196 Coil, Ignition; Yamaha 760 / 800 96-05";104,12
WSM;60-520-02;"WSM 60-520-02 Cylinder Sleeve; Yamaha 350 Banshee 87-06 Big Bore";104,12
WSM;500-147;"WSM 500-147 Gasket Kit, Powerhead; Johnson / Evinrude 150 / 175 Hp V6 Eagle Series";104,12
WSM;500-145;"WSM 500-145 Gasket Kit, Powerhead; Johnson / Evinrude 185 - 225 Hp V6";104,12
WSM;500-243;"WSM 500-243 Gasket Kit, Powerhead; Mercury / Mariner 200 Hp 3L DFI / Optimax 1997";104,12
WSM;500-246;"WSM 500-246 Gasket Kit, Powerhead; Mercury 200 - 250 Hp 3L DFI / EFI  00-18";104,12
WSM;500-245;"WSM 500-245 Gasket Kit; Powerhead; Mercury 200 / 225 / 250 Hp 3L EFI / Optimax 02-18";104,12
WSM;983-300-09;"WSM 983-300-09 Gimbal Bearing Puller; Plate";104,12
WSM;380-5150;"WSM 380-5150 Ignition Coil; Yamaha 115 - 250 Hp 4-Stroke 05-21";104,12
WSM;980-120L;WSM 980-120L Lower Unit Adaptor;104,12
WSM;446-142;"WSM 446-142 Lower Unit Seal Kit; Yamaha 50 / 60 Hp 4 Stroke 13-22";104,12
WSM;50-261K;"WSM 50-261K Piston Kit; Kawasaki 750 Brute Force 15-26 Standard";104,12
WSM;100-49-045PK;"WSM 100-49-045PK Piston Kit; Mercury / Mariner / Sea-Doo 110 - 175 / 2500 Port .015 Over";104,12
WSM;100-49-05PK;"WSM 100-49-05PK Piston Kit; Mercury / Mariner / Sea-Doo 110 - 175 / 2500 Port .020 Over";104,12
WSM;100-49-06PK;"WSM 100-49-06PK Piston Kit; Mercury / Mariner / Sea-Doo 110 - 175 / 2500 Port .030 Over";104,12
WSM;100-49-07PK;"WSM 100-49-07PK Piston Kit; Mercury / Mariner / Sea-Doo 110 - 175 / 2500 Port .040 Over";104,12
WSM;100-49PK;"WSM 100-49PK Piston Kit; Mercury / Mariner / Sea-Doo 110 - 175 / 2500 Port Standard";104,12
WSM;100-49-045SK;"WSM 100-49-045SK Piston Kit; Mercury / Mariner / Sea-Doo 110 - 175 / 2500 Starboard .015 Over";104,12
WSM;100-49-05SK;"WSM 100-49-05SK Piston Kit; Mercury / Mariner / Sea-Doo 110 - 175 / 2500 Starboard .020 Over";104,12
WSM;100-49-06SK;"WSM 100-49-06SK Piston Kit; Mercury / Mariner / Sea-Doo 110 - 175 / 2500 Starboard .030 Over";104,12
WSM;100-49-07SK;"WSM 100-49-07SK Piston Kit; Mercury / Mariner / Sea-Doo 110 - 175 / 2500 Starboard .040 Over";104,12
WSM;100-49SK;"WSM 100-49SK Piston Kit; Mercury / Mariner / Sea-Doo 110 - 175 / 2500 Starboard Standard";104,12
WSM;100-28-045PK;"WSM 100-28-045PK Piston Kit; Mercury / Mariner 115 - 150 Hp 2.5L Optimax 2000 Port .015 Over";104,12
WSM;100-28-05PK;"WSM 100-28-05PK Piston Kit; Mercury / Mariner 115 - 150 Hp 2.5L Optimax 2000 Port .020 Over";104,12
WSM;100-28-06PK;"WSM 100-28-06PK Piston Kit; Mercury / Mariner 115 - 150 Hp 2.5L Optimax 2000 Port .030 Over";104,12
WSM;100-28-07PK;"WSM 100-28-07PK Piston Kit; Mercury / Mariner 115 - 150 Hp 2.5L Optimax 2000 Port .040 Over";104,12
WSM;100-28PK;"WSM 100-28PK Piston Kit; Mercury / Mariner 115 - 150 Hp 2.5L Optimax 2000 Port Standard";104,12
WSM;100-28-045SK;"WSM 100-28-045SK Piston Kit; Mercury / Mariner 115 - 150 Hp 2.5L Optimax 2000 Starboard .015 Over";104,12
WSM;100-28-05SK;"WSM 100-28-05SK Piston Kit; Mercury / Mariner 115 - 150 Hp 2.5L Optimax 2000 Starboard .020 Over";104,12
WSM;100-28-06SK;"WSM 100-28-06SK Piston Kit; Mercury / Mariner 115 - 150 Hp 2.5L Optimax 2000 Starboard .030 Over";104,12
WSM;100-28SK;"WSM 100-28SK Piston Kit; Mercury / Mariner 115 - 150 Hp 2.5L Optimax 2000 Starboard Standard";104,12
WSM;100-28-07SK;"WSM 100-28-07SK Piston Kit; Mercury / Mariner 115 - 150 Hp 2.5L Optimax 2000 Starboard. .040 Over";104,12
WSM;100-51-04PK;"WSM 100-51-04PK Piston Kit; Mercury / Mariner 200 - 300 Hp XS DFI Port .010";104,12
WSM;100-51-045PK;"WSM 100-51-045PK Piston Kit; Mercury / Mariner 200 - 300 Hp XS DFI Port .015";104,12
WSM;100-51-05PK;"WSM 100-51-05PK Piston Kit; Mercury / Mariner 200 - 300 Hp XS DFI Port .020";104,12
WSM;100-51-06PK;"WSM 100-51-06PK Piston Kit; Mercury / Mariner 200 - 300 Hp XS DFI Port .030";104,12
WSM;100-51-07PK;"WSM 100-51-07PK Piston Kit; Mercury / Mariner 200 - 300 Hp XS DFI Port .040";104,12
WSM;100-51PK;"WSM 100-51PK Piston Kit; Mercury / Mariner 200 - 300 Hp XS DFI Port Standard";104,12
WSM;100-51-04SK;"WSM 100-51-04SK Piston Kit; Mercury / Mariner 200 - 300 Hp XS DFI Starboard .010";104,12
WSM;100-51-045SK;"WSM 100-51-045SK Piston Kit; Mercury / Mariner 200 - 300 Hp XS DFI Starboard .015";104,12
WSM;100-51-05SK;"WSM 100-51-05SK Piston Kit; Mercury / Mariner 200 - 300 Hp XS DFI Starboard .020";104,12
WSM;100-51-06SK;"WSM 100-51-06SK Piston Kit; Mercury / Mariner 200 - 300 Hp XS DFI Starboard .030";104,12
WSM;100-51-07SK;"WSM 100-51-07SK Piston Kit; Mercury / Mariner 200 - 300 Hp XS DFI Starboard .040";104,12
WSM;100-51SK;"WSM 100-51SK Piston Kit; Mercury / Mariner 200 - 300 Hp XS DFI Starboard Standard";104,12
WSM;100-35-04K;"WSM 100-35-04K Piston Kit; Mercury / Mariner 70 - 115 Hp 85-93 Looper Top Guided .010 Over";104,12
WSM;100-35-045K;"WSM 100-35-045K Piston Kit; Mercury / Mariner 70 - 115 Hp Looper 85-93 Top Guided .015 Over";104,12
WSM;100-35-05K;"WSM 100-35-05K Piston Kit; Mercury / Mariner 70 - 115 Hp Looper 85-93 Top Guided .020 Over";104,12
WSM;100-35-06K;"WSM 100-35-06K Piston Kit; Mercury / Mariner 70 - 115 Hp Looper 85-93 Top Guided .030 Over";104,12
WSM;100-35-07K;"WSM 100-35-07K Piston Kit; Mercury / Mariner 70 - 115 Hp Looper 85-93 Top Guided .040 Over";104,12
WSM;100-35K;"WSM 100-35K Piston Kit; Mercury / Mariner 70 - 115 Hp Looper Top Guided Standard";104,12
WSM;100-290-04PPK;"WSM 100-290-04PPK Piston Kit; Yamaha 150 - 200 Hp HPDI Port .010 Over Platinum";104,12
WSM;100-290-05PPK;"WSM 100-290-05PPK Piston Kit; Yamaha 150 - 200 Hp HPDI Port .020 Over Platinum";104,12
WSM;100-290-06PPK;"WSM 100-290-06PPK Piston Kit; Yamaha 150 - 200 Hp HPDI Port .030 Over Platinum";104,12
WSM;100-290-07PPK;"WSM 100-290-07PPK Piston Kit; Yamaha 150 - 200 Hp HPDI Port .040 Over Platinum";104,12
WSM;100-290PPK;"WSM 100-290PPK Piston Kit; Yamaha 150 - 200 Hp HPDI Port Standard Platinum";104,12
WSM;100-290-04SPK;"WSM 100-290-04SPK Piston Kit; Yamaha 150 - 200 Hp HPDI Starboard .010 Over Platinum";104,12
WSM;100-290-05SPK;"WSM 100-290-05SPK Piston Kit; Yamaha 150 - 200 Hp HPDI Starboard .020 Over Platinum";104,12
WSM;100-290-06SPK;"WSM 100-290-06SPK Piston Kit; Yamaha 150 - 200 Hp HPDI Starboard .030 Over Platinum";104,12
WSM;100-290-07SPK;"WSM 100-290-07SPK Piston Kit; Yamaha 150 - 200 Hp HPDI Starboard .040 Over Platinum";104,12
WSM;100-290SPK;"WSM 100-290SPK Piston Kit; Yamaha 150 - 200 Hp HPDI Starboard Standard Platinum";104,12
WSM;010-873-04PK;"WSM 010-873-04PK Piston Kit; Yamaha 1800 08-14 .25mm Over Platinum";104,12
WSM;010-873-05PK;"WSM 010-873-05PK Piston Kit; Yamaha 1800 08-14 .5mm Over Platinum";104,12
WSM;010-873-06PK;"WSM 010-873-06PK Piston Kit; Yamaha 1800 08-14 .75mm Over Platinum";104,12
WSM;010-873-07PK;"WSM 010-873-07PK Piston Kit; Yamaha 1800 08-14 1mm Over Platinum";104,12
WSM;010-873PK;"WSM 010-873PK Piston Kit; Yamaha 1800 08-14 Standard Platinum";104,12
WSM;010-874-04PK;"WSM 010-874-04PK Piston Kit; Yamaha 1800 09-23 .25mm Over Platinum";104,12
WSM;010-874-05PK;"WSM 010-874-05PK Piston Kit; Yamaha 1800 09-23 .5mm Over Platinum";104,12
WSM;010-874-06PK;"WSM 010-874-06PK Piston Kit; Yamaha 1800 09-23 .75mm Over Platinum";104,12
WSM;010-874-07PK;"WSM 010-874-07PK Piston Kit; Yamaha 1800 09-23 1mm Over Platinum";104,12
WSM;010-874PK;"WSM 010-874PK Piston Kit; Yamaha 1800 09-23 Standard Platinum";104,12
WSM;100-295-05PK;"WSM 100-295-05PK Piston Kit; Yamaha 200 - 300 Hp 3.3L HPDI Port .020 Over";104,12
WSM;100-295-06PK;"WSM 100-295-06PK Piston Kit; Yamaha 200 - 300 Hp 3.3L HPDI Port .030";104,12
WSM;100-295-07PK;"WSM 100-295-07PK Piston Kit; Yamaha 200 - 300 Hp 3.3L HPDI Port .040";104,12
WSM;100-295PK;"WSM 100-295PK Piston Kit; Yamaha 200 - 300 Hp 3.3L HPDI Port Standard";104,12
WSM;100-295-05SK;"WSM 100-295-05SK Piston Kit; Yamaha 200 - 300 Hp 3.3L HPDI Starboard .020 Over";104,12
WSM;100-295-06SK;"WSM 100-295-06SK Piston Kit; Yamaha 200 - 300 Hp 3.3L HPDI Starboard .030";104,12
WSM;100-295-07SK;"WSM 100-295-07SK Piston Kit; Yamaha 200 - 300 Hp 3.3L HPDI Starboard .040";104,12
WSM;100-295SK;"WSM 100-295SK Piston Kit; Yamaha 200 - 300 Hp 3.3L HPDI Starboard Standard";104,12
WSM;002-059;WSM 002-059 Steering Cable: Yamaha 650 / 700 Super Jet 90-95;104,12
WSM;54-530-11P;"WSM 54-530-11P Top End Rebuild Kit; Yamaha 200 Blaster 88-06 .25mm Over Platinum";104,12
WSM;54-530-12P;"WSM 54-530-12P Top End Rebuild Kit; Yamaha 200 Blaster 88-06 .5mm Over Platinum";104,12
WSM;54-530-13P;"WSM 54-530-13P Top End Rebuild Kit; Yamaha 200 Blaster 88-06 .75mm Over Platinum";104,12
WSM;54-530-14P;"WSM 54-530-14P Top End Rebuild Kit; Yamaha 200 Blaster 88-06 1mm Over Platinum";104,12
WSM;54-530-10P;"WSM 54-530-10P Top End Rebuild Kit; Yamaha 200 Blaster 88-06 Standard Platinum";104,12
WSM;003-250;"WSM 003-250 Coupler Shaft; Yamaha 650 / 700 90-20";104,14
WSM;25-148;"WSM 25-148 Full Gasket Kit; Honda 450 TRX-R 06-14";104,18
WSM;25-152;"WSM 25-152 Full Gasket Kit; Honda 500 TRX Foreman 05-11";104,18
WSM;25-151;"WSM 25-151 Full Gasket Kit; Honda 500 TRX Rubicon 01-14";104,18
WSM;25-426;"WSM 25-426 Full Gasket Kit; Suzuki 500 Vinson 02-07";104,18
WSM;25-526;"WSM 25-526 Full Gasket Kit; Yamaha 660 Grizzly / Rhino 02-08";104,18
WSM;25-530;"WSM 25-530 Full Gasket Kit; Yamaha 700 Grizzly / Rhino / Viking 07-17";104,18
WSM;25-532;"WSM 25-532 Full Gasket Kit; Yamaha 700 Raptor 06-25";104,18
WSM;54-229-11;"WSM 54-229-11 Top End Rebuild Kit; Honda 250 TRX-EX 03-21 .25mm Over";104,18
WSM;54-229-12;"WSM 54-229-12 Top End Rebuild Kit; Honda 250 TRX-EX 03-21 .5mm Over";104,18
WSM;54-229-13;"WSM 54-229-13 Top End Rebuild Kit; Honda 250 TRX-EX 03-21 .75mm Over";104,18
WSM;54-229-14;"WSM 54-229-14 Top End Rebuild Kit; Honda 250 TRX-EX 03-21 1mm Over";104,18
WSM;54-229-10;"WSM 54-229-10 Top End Rebuild Kit; Honda 250 TRX-EX 03-21 Standard";104,18
WSM;011-136;"WSM 011-136 Motor Mount; Sea-Doo 1503 / 1630 4-Tec 09-17";104,28
WSM;775-60;"WSM 775-60 Thermostat Housing Assembly; Mercury 135 - 400 Hp Verado";104,42
WSM;004-231-01;"WSM 004-231-01 Voltage Regulator; Sea-Doo 800 - 1503 02-07";104,52
WSM;54-305-11P;"WSM 54-305-11P Top End Rebuild Kit; Polaris 400 94-06 .25mm Over Platinum";104,65
WSM;54-305-12P;"WSM 54-305-12P Top End Rebuild Kit; Polaris 400 94-06 .5mm Over Platinum";104,65
WSM;54-305-13P;"WSM 54-305-13P Top End Rebuild Kit; Polaris 400 94-06 .75mm Over Platinum";104,65
WSM;54-305-14P;"WSM 54-305-14P Top End Rebuild Kit; Polaris 400 94-06 1mm Over Platinum";104,65
WSM;54-305-10P;"WSM 54-305-10P Top End Rebuild Kit; Polaris 400 94-06 Standard Platinum";104,65
WSM;506-50;"WSM 506-50 Gasket, Cylinder Head; Mercury 200 - 300 Hp 6 Cyl Verado";104,71
WSM;25-424-OS;"WSM 25-424-OS Complete Gasket Kit; Suzuki 450 LT-R 06-11";104,94
WSM;600-365;"WSM 600-365 Sensor, Throttle Position; Mercury / Yamaha 50 - 115Hp 4 Stroke 05-22";104,98
WSM;54-257-11;"WSM 54-257-11 Top End Rebuild Kit; Kawasaki 250 Mojave 87-04 .25mm Over";105,01
WSM;54-257-12;"WSM 54-257-12 Top End Rebuild Kit; Kawasaki 250 Mojave 87-04 .5mm Over";105,01
WSM;54-257-13;"WSM 54-257-13 Top End Rebuild Kit; Kawasaki 250 Mojave 87-04 .75mm Over";105,01
WSM;54-257-14;"WSM 54-257-14 Top End Rebuild Kit; Kawasaki 250 Mojave 87-04 1mm Over";105,01
WSM;54-257-10;"WSM 54-257-10 Top End Rebuild Kit; Kawasaki 250 Mojave 87-04 Standard";105,01
WSM;010-575;"WSM 010-575 Connecting Rod; Yamaha 1800 / 1900 SHO 13-26";105,32
WSM;010-574;"WSM 010-574 Connecting Rod; Yamaha 1800 HO 09-16";105,32
WSM;010-576;"WSM 010-576 Connecting Rod; Yamaha 1800 HO 13-23";105,32
WSM;600-093;"WSM 600-093 Fuel Pump; Mercury / Mariner / Yamaha 75 - 100 Hp 4-Stroke 99-04";105,78
WSM;003-409;"WSM 003-409 Oil Pump Bellow With Bearing; Sea-Doo 1630 Ace 21-26";105,78
WSM;002-047-08;"WSM 002-047-08 Reverse Cable; Sea-Doo 951 LRV 00-03";105,78
WSM;002-046-12;"WSM 002-046-12 Steering Cable; Sea-Doo 720 HX 95-97";105,78
WSM;002-046-11;"WSM 002-046-11 Steering Cable; Sea-Doo 951 LRV 00-03";105,78
WSM;778-064;"WSM 778-064 Trim Sender; OMC Cobra";105,82
WSM;360-3748;"WSM 360-3748 Power Pack; Johnson / Evinrude 60 - 70 Hp 3 Cylinder Looper 89-97";105,85
WSM;500-319;"WSM 500-319 Gasket Kit, Powerhead; Yamaha 30 Hp 3 Cylinder 87-02";105,91
WSM;500-113;"WSM 500-113 Gasket Kit, Powerhead; Force / Mercury 120 Hp 4 Cyl Sport Jet 90-00";106,07
WSM;779-117;"WSM 779-117 Sensor, Oil Pressure; Mercury 200 - 350 Hp 4 / 6 Cyl Verado";106,2
WSM;003-260;"WSM 003-260 Coupler Shaft; Yamaha 1800 / 1900 08-26";106,49
WSM;60-110;"WSM 60-110 Axle Carrier; Honda 250 / 300 87-09";106,54
WSM;60-105;"WSM 60-105 Axle Carrier; Honda 250 / 400 ATC-R / TRX 86-14";106,54
WSM;60-112;"WSM 60-112 Axle Carrier; Honda 450 TRX 04-14";106,54
WSM;60-122;"WSM 60-122 Axle Carrier; Kawasaki 450 KFX 08-14";106,54
WSM;60-130;"WSM 60-130 Axle Carrier; Suzuki 450 LTR 06-09";106,54
WSM;60-150;"WSM 60-150 Axle Carrier; Yamaha 125 / 250 Raptor 08-13";106,54
WSM;60-162;"WSM 60-162 Axle Carrier; Yamaha 450 YFZ 06-26";106,54
WSM;60-154;"WSM 60-154 Axle Carrier; Yamaha 700 Raptor 06-12";106,54
WSM;012-106BLK;"WSM 012-106BLK Traction Mat; Kawasaki 800 SX-R 03-11";106,54
WSM;002-250R;"WSM 002-250R Throttle Cable; Sea-Doo 720 97-02";106,58
WSM;007-645;"WSM 007-645 Complete Gasket Kit; Kawasaki 1200 STX-R / Ultra 150 99-05";106,61
WSM;100-315-04K;"WSM 100-315-04K Piston Kit; Mercury / Mariner / Yamaha 115 Hp 4-Stroke 01-14 .010 Over";106,7
WSM;100-315-05K;"WSM 100-315-05K Piston Kit; Mercury / Mariner / Yamaha 115 Hp 4-Stroke 01-14 .020 Over";106,7
WSM;100-315-06K;"WSM 100-315-06K Piston Kit; Mercury / Mariner / Yamaha 115 Hp 4-Stroke 01-14 .030 Over";106,7
WSM;100-315K;"WSM 100-315K Piston Kit; Mercury / Mariner / Yamaha 115 Hp 4-Stroke 01-14 Standard";106,7
WSM;100-68-06K;"WSM 100-68-06K Piston Kit; Mercury 135 - 150 Hp 4 Cyl 4-Stroke .030 Over";106,84
WSM;100-68K;"WSM 100-68K Piston Kit; Mercury 135 - 150 Hp 4 Cyl 4-Stroke Standard";106,84
WSM;250-100;"WSM 250-100 Cylinder Sleeve; Mercury 200 Hp Optimax 98-09";107,04
WSM;500-146;"WSM 500-146 Gasket Kit, Powerhead; Johnson / Evinrude 185 - 250 Hp";107,11
WSM;500-146-01;"WSM 500-146-01 Gasket Kit, Powerhead; Johnson / Evinrude 185 - 250 Hp 3.0L FFI";107,11
WSM;50-234-04K;"WSM 50-234-04K Piston Kit; Honda 680 / 700 TRX / Big Red / Pioneer 06-26 .25mm Over";107,16
WSM;50-234-05K;"WSM 50-234-05K Piston Kit; Honda 680 / 700 TRX / Big Red / Pioneer 06-26 .5mm Over";107,16
WSM;50-234-06K;"WSM 50-234-06K Piston Kit; Honda 680 / 700 TRX / Big Red / Pioneer 06-26 .75mm Over";107,16
WSM;50-234-07K;"WSM 50-234-07K Piston Kit; Honda 680 / 700 TRX / Big Red / Pioneer 06-26 1mm";107,16
WSM;50-234K;"WSM 50-234K Piston Kit; Honda 680 / 700 TRX / Big Red / Pioneer 06-26 Standard";107,16
WSM;50-260K;"WSM 50-260K Piston Kit; Kawasaki 750 Brute Force 12-14 Standard";107,16
WSM;360-2556;"WSM 360-2556 Power Pack; Johnson / Evinrude 65 - 75 / 150 - 235 Hp 3 / 6 Cylinder 79-84";107,17
WSM;65-602;"WSM 65-602 CDI Box; Yamaha 250 Bear Tracker 01-04";107,89
WSM;007-641;"WSM 007-641 Complete Gasket Kit; Kawasaki 1100 96-04";107,89
WSM;PH110-KT01;"WSM PH110-KT01 Starter; KTM 450 / 505 SX 09-10";107,89
WSM;54-540-11;"WSM 54-540-11 Top End Rebuild Kit; Yamaha 350 87-14 .25mm Over";107,89
WSM;54-540-12;"WSM 54-540-12 Top End Rebuild Kit; Yamaha 350 87-14 .5mm Over";107,89
WSM;54-540-13;"WSM 54-540-13 Top End Rebuild Kit; Yamaha 350 87-14 .75mm Over";107,89
WSM;54-540-14;"WSM 54-540-14 Top End Rebuild Kit; Yamaha 350 87-14 1mm Over";107,89
WSM;54-540-10;"WSM 54-540-10 Top End Rebuild Kit; Yamaha 350 87-14 Standard";107,89
WSM;54-541-11;"WSM 54-541-11 Top End Rebuild Kit; Yamaha 400 Big Bear / Kodiak 93-12 .25mm Over";107,89
WSM;54-541-12;"WSM 54-541-12 Top End Rebuild Kit; Yamaha 400 Big Bear / Kodiak 93-12 .5mm Over";107,89
WSM;54-541-13;"WSM 54-541-13 Top End Rebuild Kit; Yamaha 400 Big Bear / Kodiak 93-12 .75mm Over";107,89
WSM;54-541-14;"WSM 54-541-14 Top End Rebuild Kit; Yamaha 400 Big Bear / Kodiak 93-12 1mm Over";107,89
WSM;54-541-10;"WSM 54-541-10 Top End Rebuild Kit; Yamaha 400 Big Bear / Kodiak 93-12 Standard";107,89
WSM;54-306-12P;"WSM 54-306-12P Top End Rebuild Kit; Polaris 400 97-03 .5mm Over Platinum";107,93
WSM;54-306-14P;"WSM 54-306-14P Top End Rebuild Kit; Polaris 400 97-03 1mm Over Platinum";107,93
WSM;54-306-10P;"WSM 54-306-10P Top End Rebuild Kit; Polaris 400 97-03 Standard Platinum";107,93
WSM;750-150-01;"WSM 750-150-01 Water Pump Kit; Honda / Tohatsu 200 - 225 Hp BF";108,46
WSM;011-501;"WSM 011-501 Exhaust Hose; Yamaha 1200 GP 97-99";108,59
WSM;500-228;"WSM 500-228 Gasket Kit, Powerhead; Mercury / Mariner 105 - 200 Hp 6 Cyl 92-99";108,59
WSM;500-236;"WSM 500-236 Gasket Kit, Powerhead; Mercury / Mariner 105 - 200 Hp 92-99";108,59
WSM;010-872-04K;"WSM 010-872-04K Piston Kit; Yamaha 1100 VX 05-15 .25mm Over";108,59
WSM;010-872-05K;"WSM 010-872-05K Piston Kit; Yamaha 1100 VX 05-15 .5mm Over";108,59
WSM;25-155;"WSM 25-155 Full Gasket Kit; Honda 650 Rincon 03-05";108,65
WSM;54-223-11;"WSM 54-223-11 Top End Rebuild Kit; Honda 300 TRX 88-00 .25mm Over";108,65
WSM;54-223-12;"WSM 54-223-12 Top End Rebuild Kit; Honda 300 TRX 88-00 .5mm Over";108,65
WSM;54-223-13;"WSM 54-223-13 Top End Rebuild Kit; Honda 300 TRX 88-00 .75mm Over";108,65
WSM;54-223-14;"WSM 54-223-14 Top End Rebuild Kit; Honda 300 TRX 88-00 1mm Over";108,65
WSM;54-223-10;"WSM 54-223-10 Top End Rebuild Kit; Honda 300 TRX 88-00 Standard";108,65
WSM;250-125;"WSM 250-125 Cylinder Sleeve; Yamaha 250 Hp 4-Stroke 4.2L SHO";108,74
WSM;376-6991;"WSM 376-6991 Ignition Coil; Mercury / Mariner 110 - 300 Hp 2.5L / 3L DFI";108,85
WSM;012-338BLK;"WSM 012-338BLK Traction Mat; Sea-Doo 1630 RXT-X 300 16-17";108,9
WSM;610-314;"WSM 610-314 Fuel Injector; Johnson / Suzuki / Yamaha 90 - 140 Hp 4-Stroke 00-11";108,97
WSM;25-212-OS;"WSM 25-212-OS Complete Gasket Kit; Kawasaki 450 KFX 08-14";109,06
WSM;007-610;"WSM 007-610 Complete Gasket Kit; Yamaha 1100 Raider / Venture 95-97";109,18
WSM;002-041-05;WSM 002-041-05 Reverse Cable: Kawasaki 1500 Ultra 250 / 260 07-09;109,18
WSM;002-058;WSM 002-058 Steering Cable: Yamaha 700 Wave Blaster 93-96;109,18
WSM;986-165;"WSM 986-165 Tilt Tube, Stainless Steel; Mercury / Mariner / Force 65 - 300 Hp";109,18
WSM;500-234;"WSM 500-234 Gasket Kit, Powerhead; Mercury / Mariner 150 / 175 Hp";109,22
WSM;PH600-0005;"WSM PH600-0005 Water Pump; Mercruiser / OMC / Volvo V6 / V8";109,25
WSM;506-42;"WSM 506-42 Gasket, Head; Yamaha 200 - 300 Hp 4.2L SHO V6 4-Stroke 09-22";109,34
WSM;004-820;"WSM 004-820 Fuel Pump; Polaris 780 / 1200";109,38
WSM;100-317-04K;"WSM 100-317-04K Piston Kit; Yamaha 115 Hp 1.8L 4-Stroke .25mm Over";109,38
WSM;100-317-05K;"WSM 100-317-05K Piston Kit; Yamaha 115 Hp 1.8L 4-Stroke .5mm Over";109,38
WSM;100-317-06K;"WSM 100-317-06K Piston Kit; Yamaha 115 Hp 1.8L 4-Stroke .75mm Over";109,38
WSM;100-317K;"WSM 100-317K Piston Kit; Yamaha 115 Hp 1.8L 4-Stroke Standard";109,38
WSM;PH350-0006;"WSM PH350-0006 Rectifier; Mercury";109,38
WSM;982-130;WSM 982-130 Thread Chaser: Yamaha 200 - 300 Hp 4-Stroke 4.2L 119mm;109,38
WSM;PH130-0041;"WSM PH130-0041 Starter; Mercury / Mariner 50 - 90 Hp 72-98";109,45
WSM;PH130-0040;"WSM PH130-0040 Starter; Mercury 40 / 50 Hp 70-83";109,45
WSM;PH200-T014;"WSM PH200-T014 Trim / Tilt Motor; Johnson / Evinrude 50 - 300 Hp";109,45
WSM;50-318K;"WSM 50-318K Piston Kit; Polaris 900 11-14 Standard";109,57
WSM;012-319BLK;"WSM 012-319BLK Traction Mat; Sea-Doo 1503 GTX / RXT 10-15";109,69
WSM;983-248;"WSM 983-248 Bearing Carrier Retainer Nut Tool; Mercury / Mercruiser Bravo 2";109,86
WSM;100-19-04PK;"WSM 100-19-04PK Piston Kit; Mercury / Mariner 135 - 200 Hp 90-91 Port .010 Over";110,08
WSM;100-19-045PK;"WSM 100-19-045PK Piston Kit; Mercury / Mariner 135 - 200 Hp 90-91 Port .015 Over";110,08
WSM;100-19-05PK;"WSM 100-19-05PK Piston Kit; Mercury / Mariner 135 - 200 Hp 90-91 Port .020 Over";110,08
WSM;100-19-06PK;"WSM 100-19-06PK Piston Kit; Mercury / Mariner 135 - 200 Hp 90-91 Port .030 Over";110,08
WSM;100-19-07PK;"WSM 100-19-07PK Piston Kit; Mercury / Mariner 135 - 200 Hp 90-91 Port .040 Over";110,08
WSM;100-19PK;"WSM 100-19PK Piston Kit; Mercury / Mariner 135 - 200 Hp 90-91 Port Standard";110,08
WSM;100-19-04SK;"WSM 100-19-04SK Piston Kit; Mercury / Mariner 135 - 200 Hp 90-91 Starboard .010 Over";110,08
WSM;100-19-045SK;"WSM 100-19-045SK Piston Kit; Mercury / Mariner 135 - 200 Hp 90-91 Starboard .015 Over";110,08
WSM;100-19-05SK;"WSM 100-19-05SK Piston Kit; Mercury / Mariner 135 - 200 Hp 90-91 Starboard .020 Over";110,08
WSM;100-19-06SK;"WSM 100-19-06SK Piston Kit; Mercury / Mariner 135 - 200 Hp 90-91 Starboard .030 Over";110,08
WSM;100-19-07SK;"WSM 100-19-07SK Piston Kit; Mercury / Mariner 135 - 200 Hp 90-91 Starboard .040 Over";110,08
WSM;100-19SK;"WSM 100-19SK Piston Kit; Mercury / Mariner 135 - 200 Hp 90-91 Starboard Standard";110,08
WSM;750-430-01;"WSM 750-430-01 Water Pump Kit Complete; Yamaha 115 - 300 Hp";110,1
WSM;50-253-04K;"WSM 50-253-04K Piston Kit; Kawasaki 360 Prairie 03-12 .25mm Over";110,14
WSM;50-253-05K;"WSM 50-253-05K Piston Kit; Kawasaki 360 Prairie 03-12 .5mm Over";110,14
WSM;50-253-06K;"WSM 50-253-06K Piston Kit; Kawasaki 360 Prairie 03-12 .75mm Over";110,14
WSM;50-253-07K;"WSM 50-253-07K Piston Kit; Kawasaki 360 Prairie 03-12 1mm Over";110,14
WSM;50-253K;"WSM 50-253K Piston Kit; Kawasaki 360 Prairie 03-12 Standard";110,14
WSM;600-363;"WSM 600-363 Sensor, Throttle Position; Mercury / Yamaha 115 Hp 4 Stroke 00-11";110,52
WSM;363-6456-18;"WSM 363-6456-18 Trigger; Mercury / Mariner 135 - 240 Hp 6 Cyl 00-05";110,74
WSM;506-38-01;"WSM 506-38-01 Gasket, Head; Mercury / Yamaha 200 - 250 Hp V6 4-Stroke 02-21";111,43
WSM;500-141;"WSM 500-141 Gasket Kit, Powerhead; Johnson / Evinrude 175 - 235 Hp BB";111,58
WSM;010-1200;"WSM 010-1200 Oil Pump Kit, Primary; Sea-Doo 1503 4-Tec 02-19";111,58
WSM;010-1215;"WSM 010-1215 Oil Pump Kit, Secondary Front; Sea-Doo 1503 4-Tec 02-19";111,58
WSM;010-1205;"WSM 010-1205 Oil Pump Kit, Secondary; Sea-Doo 1503 4-Tec 02-19";111,58
WSM;010-1210;"WSM 010-1210 Oil Pump, Secondary; Sea-Doo 1503 / 1630 RXP / RXT 04-17";111,58
WSM;100-137-05PK;"WSM 100-137-05PK Piston Kit; Johnson / Evinrude 200 - 300 Hp 3.4L E-Tec 07-17 Port .020 Over";111,58
WSM;100-137-06PK;"WSM 100-137-06PK Piston Kit; Johnson / Evinrude 200 - 300 Hp 3.4L E-Tec 07-17 Port .030 Over";111,58
WSM;100-137-07PK;"WSM 100-137-07PK Piston Kit; Johnson / Evinrude 200 - 300 Hp 3.4L E-Tec 07-17 Port .040 Over";111,58
WSM;100-137PK;"WSM 100-137PK Piston Kit; Johnson / Evinrude 200 - 300 Hp 3.4L E-Tec 07-17 Port Standard";111,58
WSM;100-137-05SK;"WSM 100-137-05SK Piston Kit; Johnson / Evinrude 200 - 300 Hp 3.4L E-Tec 07-17 Starboard .020 Over";111,58
WSM;100-137-06SK;"WSM 100-137-06SK Piston Kit; Johnson / Evinrude 200 - 300 Hp 3.4L E-Tec 07-17 Starboard .030 Over";111,58
WSM;100-137-07SK;"WSM 100-137-07SK Piston Kit; Johnson / Evinrude 200 - 300 Hp 3.4L E-Tec 07-17 Starboard .040 Over";111,58
WSM;100-137SK;"WSM 100-137SK Piston Kit; Johnson / Evinrude 200 - 300 Hp 3.4L E-Tec 07-17 Starboard Standard";111,58
WSM;982-105;"WSM 982-105 Thread Chaser; Mercury";111,58
WSM;982-110;"WSM 982-110 Thread Chaser; Mercury";111,58
WSM;982-107;"WSM 982-107 Thread Chaser; Mercury Verado 5.44 TORPEDO";111,58
WSM;982-125;"WSM 982-125 Thread Chaser; Volvo SX";111,58
WSM;982-120;"WSM 982-120 Thread Chaser; Yamaha 150 - 225Hp";111,58
WSM;982-115;"WSM 982-115 Thread Chaser; Yamaha 75 - 115 Hp";111,58
WSM;006-596;"WSM 006-596 Air Filter; Yamaha 1800 / 1900 08-26";111,64
WSM;25-510;"WSM 25-510 Full Gasket Kit; Yamaha 250 Raptor 08-13";111,64
WSM;50-520-645;"WSM 50-520-645 Piston Kit; Yamaha 350 Banshee 87-06 .5mm Over - Forged";111,94
WSM;50-520-655;"WSM 50-520-655 Piston Kit; Yamaha 350 Banshee 87-06 1.5mm Over - Forged";111,94
WSM;50-520-65;"WSM 50-520-65 Piston Kit; Yamaha 350 Banshee 87-06 1mm Over - Forged";111,94
WSM;50-520-665;"WSM 50-520-665 Piston Kit; Yamaha 350 Banshee 87-06 2.5mm Over - Forged";111,94
WSM;50-520-66;"WSM 50-520-66 Piston Kit; Yamaha 350 Banshee 87-06 2mm Over - Forged";111,94
WSM;50-520-64;"WSM 50-520-64 Piston Kit; Yamaha 350 Banshee 87-06 Standard - Forged";111,94
WSM;002-051-04;"WSM 002-051-04 Steering Cable; Yamaha 700 / 760 Wave Raider 95-97";111,94
WSM;54-226-11;"WSM 54-226-11 Top End Rebuild Kit; Honda 350 TRX 00-06 .25mm Over";112,02
WSM;54-226-12;"WSM 54-226-12 Top End Rebuild Kit; Honda 350 TRX 00-06 .5mm Over";112,02
WSM;54-226-13;"WSM 54-226-13 Top End Rebuild Kit; Honda 350 TRX 00-06 .75mm Over";112,02
WSM;54-226-14;"WSM 54-226-14 Top End Rebuild Kit; Honda 350 TRX 00-06 1mm Over";112,02
WSM;54-226-10;"WSM 54-226-10 Top End Rebuild Kit; Honda 350 TRX 00-06 Standard";112,02
WSM;778-060;"WSM 778-060 Sender / Sensor, Trim; OMC / Volvo 2 Wire";112,19
WSM;778-062;"WSM 778-062 Sender / Sensor, Trim; OMC / Volvo 3 Wire";112,19
WSM;500-138;"WSM 500-138 Gasket Kit, Powerhead; Johnson / Evinrude 115 / 130 Hp V4 E-Tec";113,06
WSM;25-146-OS;"WSM 25-146-OS Complete Gasket Kit; Honda 450 TRX-R 04-05";113,12
WSM;54-227-11;"WSM 54-227-11 Top End Rebuild Kit; Honda 450 TRX Foreman 98-04 .25mm Over";113,12
WSM;54-227-12;"WSM 54-227-12 Top End Rebuild Kit; Honda 450 TRX Foreman 98-04 .5mm Over";113,12
WSM;54-227-13;"WSM 54-227-13 Top End Rebuild Kit; Honda 450 TRX Foreman 98-04 .75mm";113,12
WSM;54-227-14;"WSM 54-227-14 Top End Rebuild Kit; Honda 450 TRX Foreman 98-04 1mm";113,12
WSM;54-227-10;"WSM 54-227-10 Top End Rebuild Kit; Honda 450 TRX Foreman 98-04 Standard";113,12
WSM;600-106-03;"WSM 600-106-03 Fuel Pump; Yamaha 75 - 90 Hp 4-Stroke 16-25";113,14
WSM;007-678-01;"WSM 007-678-01 Top End Gasket Kit; Yamaha EX / Super Jet 1050 16-24";113,29
WSM;506-53;"WSM 506-53 Gasket, Head; Yamaha 300 - 350 Hp V8 4-Stroke 07-19 Port Side";113,34
WSM;506-52;"WSM 506-52 Gasket, Head; Yamaha 300 - 350 Hp V8 4-Stroke 07-19 Starboard Side";113,34
WSM;365-1990;"WSM 365-1990 Voltage Regulator; Johnson / Suzuki DF90 - 140Hp 4 Stroke 01-11";113,34
WSM;600-187;"WSM 600-187 Fuel Pump; Volvo GM V-8, 305, 350";113,35
WSM;100-340-04K;"WSM 100-340-04K Piston Kit; Yamaha 200 - 250 Hp 4-Stroke 11-19 .25mm Over";113,36
WSM;100-340-05K;"WSM 100-340-05K Piston Kit; Yamaha 200 - 250 Hp 4-Stroke 11-19 .5mm Over";113,36
WSM;100-340-06K;"WSM 100-340-06K Piston Kit; Yamaha 200 - 250 Hp 4-Stroke 11-19 .75mm Over";113,36
WSM;100-340-07K;"WSM 100-340-07K Piston Kit; Yamaha 200 - 250 Hp 4-Stroke 11-19 1mm Over";113,36
WSM;100-340K;"WSM 100-340K Piston Kit; Yamaha 200 - 250 Hp 4-Stroke 11-19 Standard";113,36
WSM;778-126;"WSM 778-126 Sensor, Water Pressure; Mercury / Mercruiser 3.0 / 8.2 Liter";113,38
WSM;PH130-0021;"WSM PH130-0021 Starter; Mercury / Mariner 6 - 25 Hp 77-98";113,84
WSM;003-252;"WSM 003-252 Coupler Shaft; Yamaha 800 / 1100 / 1200 95-14";114
WSM;600-153;"WSM 600-153 Fuel Pump; Johnson / Evinrude 200 - 300 Hp E-Tec 90 Deg 3.3 / 3.4L";114
WSM;PH500-M083;"WSM PH500-M083 Fuel Pump; Johnson / Evinrude 200 - 300 Hp E-Tec 90 Deg 3.3 / 3.4L";114
WSM;600-318-10;"WSM 600-318-10 Fuel Filter; Suzuki 200 - 300 Hp 4-Stroke 04-24";114,22
WSM;775-15-2K;"WSM 775-15-2K Thermostat Kit; Mercury 200 - 300 Hp";114,54
WSM;54-542-11;"WSM 54-542-11 Top End Rebuild Kit; Yamaha 600 Grizzly 98-01 .25mm Over";114,64
WSM;54-542-12;"WSM 54-542-12 Top End Rebuild Kit; Yamaha 600 Grizzly 98-01 .5mm Over";114,64
WSM;54-542-13;"WSM 54-542-13 Top End Rebuild Kit; Yamaha 600 Grizzly 98-01 .75mm Over";114,64
WSM;54-542-14;"WSM 54-542-14 Top End Rebuild Kit; Yamaha 600 Grizzly 98-01 1mm Over";114,64
WSM;54-542-10;"WSM 54-542-10 Top End Rebuild Kit; Yamaha 600 Grizzly 98-01 Standard";114,64
WSM;756-100;"WSM 756-100 Water Distribution Housing; Mercruiser";114,64
WSM;370-205;"WSM 370-205 Ignition Coil; Mercruiser  / Volvo";114,97
WSM;100-335-04K;"WSM 100-335-04K Piston Kit; Yamaha 200 - 250 Hp 4-Stroke 06-10 .25mm Over";115,26
WSM;100-335-05K;"WSM 100-335-05K Piston Kit; Yamaha 200 - 250 Hp 4-Stroke 06-10 .5mm Over";115,26
WSM;100-335-06K;"WSM 100-335-06K Piston Kit; Yamaha 200 - 250 Hp 4-Stroke 06-10 .75mm Over";115,26
WSM;100-335-07K;"WSM 100-335-07K Piston Kit; Yamaha 200 - 250 Hp 4-Stroke 06-10 1mm Over";115,26
WSM;100-335K;"WSM 100-335K Piston Kit; Yamaha 200 - 250 Hp 4-Stroke 06-10 Standard";115,26
WSM;PH350-0007;"WSM PH350-0007 Rectifier; Yamaha";115,3
WSM;778-159;"WSM 778-159 Sensor, Map; Mercury 6 Cyl Verado";115,4
WSM;017-406;"WSM 017-406 Engine Valve Kit; Polaris 900 / 1000 13-25";115,61
WSM;78-164;"WSM 78-164 Fuel Pump Assembly; Kawasaki 620 Mule 4000 / 4010 09 - 12";115,61
WSM;78-167;"WSM 78-167 Fuel Pump Assembly; Kawasaki 750 / 800 / 1000 Mule / Teryx 12-25";115,61
WSM;78-168;"WSM 78-168 Fuel Pump Assembly; Kawasaki 750 Brute Force 08-26";115,61
WSM;600-123-01;"WSM 600-123-01 Fuel Pump; Mercruiser V6 W/Bracket";115,61
WSM;004-370;"WSM 004-370 Starter One-Way Assy; Yamaha 1100 4 Cyl 05-15";115,61
WSM;PH110-AC15;"WSM PH110-AC15 Starter; Arctic Cat 366 / 400 08-15";115,61
WSM;PH110-BB11;"WSM PH110-BB11 Starter; Can-Am 175 / 200 Rally 05-07";115,61
WSM;PH125-HN44;"WSM PH125-HN44 Starter; Honda 250 CRF-X 04-17";115,61
WSM;PH125-KT06;"WSM PH125-KT06 Starter; KTM / Husqvarna 250 / 350 11-26";115,61
WSM;PH110-PL11;"WSM PH110-PL11 Starter; Polaris 400 Sportsman 4x4 08-10";115,61
WSM;PH110-PL03;"WSM PH110-PL03 Starter; Polaris 650 Ranger 04-06";115,61
WSM;PH110-YA15;"WSM PH110-YA15 Starter; Yamaha 450 Grizzly 11-14";115,61
WSM;PH110-YA13;"WSM PH110-YA13 Starter; Yamaha 550 / 700 Grizzly / Kodiak 09-26";115,61
WSM;002-046-02;WSM 002-046-02 Steering Cable: Sea-Doo 800 / 951 2000;115,61
WSM;002-205;"WSM 002-205 Steering Cable; Yamaha 1100 / 1200 Exciter 96-99";115,61
WSM;007-615-01;"WSM 007-615-01 Top End Gasket Kit; Yamaha 1300 GP-R 03-04";115,61
WSM;820-105-40;"WSM 820-105-40 Bolts, Head; Mercury 110 - 300 Hp V6 2.5L / 3L 40 Pack";115,66
WSM;017-114;"WSM 017-114 Engine Valve Kit; Kawasaki 650 - 750 02-26";115,66
WSM;363-9021-3;"WSM 363-9021-3 Trigger; Mercury / Mariner 50 - 90 Hp 3 Cylinder 87-98";115,86
WSM;343-510;"WSM 343-510 Trim Relay; Yamaha 25 - 250 Hp 90-09";116,4
WSM;100-27-045K;"WSM 100-27-045K Piston Kit; Mercury / Mariner 75 - 125 Hp 1.5L Optimax 04-14 .015 Over";116,69
WSM;100-27-05K;"WSM 100-27-05K Piston Kit; Mercury / Mariner 75 - 125 Hp 1.5L Optimax 04-14 .020 Over";116,69
WSM;100-27-06K;"WSM 100-27-06K Piston Kit; Mercury / Mariner 75 - 125 Hp 1.5L Optimax 04-14 .030 Over";116,69
WSM;100-27-07K;"WSM 100-27-07K Piston Kit; Mercury / Mariner 75 - 125 Hp 1.5L Optimax 04-14 .040 Over";116,69
WSM;100-27K;"WSM 100-27K Piston Kit; Mercury / Mariner 75 - 125 Hp 1.5L Optimax 04-14 Standard";116,69
WSM;343-515;"WSM 343-515 Trim Relay; Mercury / Mariner / Yamaha 25 - 250 Hp 4-Stroke 04-22";116,69
WSM;502-102;"WSM 502-102 Gasket Set, Lower Conversion; 3.0L 181 CI.";116,74
WSM;502-145;WSM 502-145 Lower Conversion Gasket Set: Gen V 7.4 / 8.2L 454 / 502 CI.;116,74
WSM;502-146;WSM 502-146 Lower Conversion Gasket Set: Gen VI 7.4 / 8.2L 454 / 502 CI.;116,74
WSM;25-311;"WSM 25-311 Full Gasket Kit; Polaris 570 Sportsman 14-17";116,75
WSM;PH100-YA08-R;"WSM PH100-YA08-R Starter; Yamaha 1050 3 Cyl 16-26";116,89
WSM;002-041-07;"WSM 002-041-07 Reverse Cable; Kawasaki 1500 STX 160 20-26";117,12
WSM;002-221;"WSM 002-221 Reverse Cable; Sea-Doo 2500 / 3000 00-05";117,35
WSM;54-310-11P;"WSM 54-310-11P Top End Rebuild Kit; Polaris 300 94-99 .25mm Over Platinum";117,35
WSM;54-310-12P;"WSM 54-310-12P Top End Rebuild Kit; Polaris 300 94-99 .5mm Over Platinum";117,35
WSM;54-310-13P;"WSM 54-310-13P Top End Rebuild Kit; Polaris 300 94-99 .75mm Over Platinum";117,35
WSM;54-310-14P;"WSM 54-310-14P Top End Rebuild Kit; Polaris 300 94-99 1mm Over Platinum";117,35
WSM;54-310-10P;"WSM 54-310-10P Top End Rebuild Kit; Polaris 300 94-99 Standard Platinum";117,35
WSM;600-112;"WSM 600-112 Fuel Pump, Boost; Mercury / Mariner 75 - 300 Hp";118,07
WSM;010-4018-01;"WSM 010-4018-01 Balance Shaft Gear; Sea-Doo 800 95-05";119,02
WSM;010-204-03;"WSM 010-204-03 Crankshaft Bearing; Yamaha 1200 / 1300 99-08";119,02
WSM;500-230;"WSM 500-230 Gasket Kit, Powerhead; Mercury / Mariner 150 - 200 Hp 6 Cyl 2.5L EFI";119,02
WSM;500-226;"WSM 500-226 Gasket Kit, Powerhead; Mercury 150 / 175 Hp 6 Cyl 76-91";119,02
WSM;500-221-02;"WSM 500-221-02 Gasket Kit, Powerhead; Mercury 200 Hp V6 Sport Jet";119,02
WSM;500-221-05;"WSM 500-221-05 Gasket Kit, Powerhead; Mercury 250 Hp V6 DFI Sport Jet";119,02
WSM;500-229;"WSM 500-229 Gasket Kit, Powerhead; Mercury 6 Cyl 2.5L Hi Performance 91-98";119,02
WSM;010-864-04PK;"WSM 010-864-04PK Piston Kit; Sea-Doo / Can-Am 900 14-25 .25mm Over Platinum";119,02
WSM;010-864-05PK;"WSM 010-864-05PK Piston Kit; Sea-Doo / Can-Am 900 14-25 .5mm Over Platinum";119,02
WSM;010-864-06PK;"WSM 010-864-06PK Piston Kit; Sea-Doo / Can-Am 900 14-25 .75mm Over Platinum";119,02
WSM;010-864-07PK;"WSM 010-864-07PK Piston Kit; Sea-Doo / Can-Am 900 14-25 1mm Over Platinum";119,02
WSM;010-864PK;"WSM 010-864PK Piston Kit; Sea-Doo / Can-Am 900 14-25 Standard Platinum";119,02
WSM;100-320-04K;"WSM 100-320-04K Piston Kit; Yamaha 150 Hp 04-11 4-Stroke .010 Over";119,02
WSM;100-320-05K;"WSM 100-320-05K Piston Kit; Yamaha 150 Hp 04-11 4-Stroke .020 Over";119,02
WSM;100-320K;"WSM 100-320K Piston Kit; Yamaha 150 Hp 04-11 4-Stroke Standard";119,02
WSM;100-325-04K;"WSM 100-325-04K Piston Kit; Yamaha 150 Hp 11-22 4-Stroke .010 Over";119,02
WSM;100-325-05K;"WSM 100-325-05K Piston Kit; Yamaha 150 Hp 11-22 4-Stroke .020 Over";119,02
WSM;100-325K;"WSM 100-325K Piston Kit; Yamaha 150 Hp 11-22 4-Stroke Standard";119,02
WSM;100-310-04K;"WSM 100-310-04K Piston Kit; Yamaha 75 - 90 Hp 4-Stroke 16-22 .25mm Over";119,02
WSM;100-310-05K;"WSM 100-310-05K Piston Kit; Yamaha 75 - 90 Hp 4-Stroke 16-22 .5mm Over";119,02
WSM;100-310K;"WSM 100-310K Piston Kit; Yamaha 75 - 90 Hp 4-Stroke 16-22 Standard";119,02
WSM;005-105;"WSM 005-105 Service Kit; Kawasaki 1500 250 / 260 / 300 / 310 07-26";119,02
WSM;002-250L;"WSM 002-250L Throttle Cable; Sea-Doo 720 97-02";119,02
WSM;501-211;"WSM 501-211 Gasket Kit, Head; 4.3L V6 262 CI.";119,08
WSM;50-251-04K;"WSM 50-251-04K Piston Kit; Kawasaki 400 Prairie 99-02 .25mm Over";119,08
WSM;50-251-05K;"WSM 50-251-05K Piston Kit; Kawasaki 400 Prairie 99-02 .5mm Over";119,08
WSM;50-251-06K;"WSM 50-251-06K Piston Kit; Kawasaki 400 Prairie 99-02 .75mm Over";119,08
WSM;50-251-09K;"WSM 50-251-09K Piston Kit; Kawasaki 400 Prairie 99-02 1.5mm Over";119,08
WSM;50-251-07K;"WSM 50-251-07K Piston Kit; Kawasaki 400 Prairie 99-02 1mm Over";119,08
WSM;50-251K;"WSM 50-251K Piston Kit; Kawasaki 400 Prairie 99-02 Standard";119,08
WSM;363-6456-15;"WSM 363-6456-15 Trigger; Mercury 175 / 210 Hp 6 Cyl Sport Jet 97-05";119,1
WSM;600-106-01;"WSM 600-106-01 Fuel Pump; Yamaha 75 - 115 Hp 4-Stroke 00-11";119,64
WSM;778-225;"WSM 778-225 Sensor, Map; Yamaha 75 - 200 Hp 4-Stroke";120,36
WSM;007-622-01;"WSM 007-622-01 Top End Gasket Kit; Sea-Doo 900 14-18";120,44
WSM;360-5316;"WSM 360-5316 Power Pack; Johnson / Evinrude 40 / 50 Hp Looper 92-05";120,6
WSM;002-041-06;WSM 002-041-06 Reverse Cable: Kawasaki 1500 Ultra 10-22;120,74
WSM;100-345-045K;"WSM 100-345-045K Piston Kit; Yamaha 200 - 300 Hp 4.2L 09-24 .015 Over";120,82
WSM;100-345K;"WSM 100-345K Piston Kit; Yamaha 200 - 300 Hp 4.2L 09-24 Standard";120,82
WSM;PH130-0014;"WSM PH130-0014 Starter; Johnson / Evinrude / Mercury / Mariner 8 - 15 Hp 74-98";121,14
WSM;PH130-0039;"WSM PH130-0039 Starter; Johnson / Evinrude 150 - 235 Hp Cross Flow 84-92";121,14
WSM;PH130-0004;"WSM PH130-0004 Starter; Johnson / Evinrude 35 - 60 Hp Looper 76-97";121,14
WSM;PH130-0046;"WSM PH130-0046 Starter; Mercury / Mariner 135 - 300 Hp 78-10";121,14
WSM;PH130-0042;"WSM PH130-0042 Starter; Mercury / Mariner 65 - 175 Hp 70-88";121,14
WSM;50-254-04K;"WSM 50-254-04K Piston Kit; Kawasaki / Suzuki 400 00-24 .25mm Over";121,3
WSM;50-254-05K;"WSM 50-254-05K Piston Kit; Kawasaki / Suzuki 400 00-24 .5mm Over";121,3
WSM;50-254-06K;"WSM 50-254-06K Piston Kit; Kawasaki / Suzuki 400 00-24 .75mm Over";121,3
WSM;50-254-09K;"WSM 50-254-09K Piston Kit; Kawasaki / Suzuki 400 00-24 1.5mm Over";121,3
WSM;50-254-07K;"WSM 50-254-07K Piston Kit; Kawasaki / Suzuki 400 00-24 1mm Over";121,3
WSM;50-254K;"WSM 50-254K Piston Kit; Kawasaki / Suzuki 400 00-44 Standard";121,3
WSM;65-670;"WSM 65-670 CDI Box; Yamaha 660 Raptor 02-03";121,39
WSM;65-675;"WSM 65-675 CDI Box; Yamaha 660 Raptor 04-05";121,39
WSM;65-665;"WSM 65-665 CDI Box; Yamaha 660 Raptor 2001";121,39
WSM;600-120;"WSM 600-120 Fuel Pump; Mercury / Mariner 75 - 350 Hp 4-Stroke Verado 05-14";121,39
WSM;50-520-5-645;"WSM 50-520-5-645 Piston Kit; Yamaha 350 Banshee 87-06 .5mm Over Long Rod - Forged";121,39
WSM;50-520-5-655;"WSM 50-520-5-655 Piston Kit; Yamaha 350 Banshee 87-06 1.5mm Over Long Rod - Forged";121,39
WSM;50-520-5-65;"WSM 50-520-5-65 Piston Kit; Yamaha 350 Banshee 87-06 1mm Over Long Rod - Forged";121,39
WSM;50-520-5-665;"WSM 50-520-5-665 Piston Kit; Yamaha 350 Banshee 87-06 2.5mm Over Long Rod - Forged";121,39
WSM;50-520-5-66;"WSM 50-520-5-66 Piston Kit; Yamaha 350 Banshee 87-06 2mm Over Long Rod - Forged";121,39
WSM;50-520-5-64;"WSM 50-520-5-64 Piston Kit; Yamaha 350 Banshee 87-06 Standard Long Rod - Forged";121,39
WSM;002-058-17;WSM 002-058-17 Steering Cable: Yamaha 1200 SUV 99-04;121,39
WSM;600-103;"WSM 600-103 Fuel Pump; Yamaha 75 - 115 Hp 4-Stroke 05-21";121,44
WSM;012-101-01BLK;"WSM 012-101-01BLK Traction Mat; Kawasaki 750 SX / SXi Freestyle 92-02";121,52
WSM;600-175;"WSM 600-175 Fuel Pump; Mercruiser / OMC";123,12
WSM;PH125-YA18;"WSM PH125-YA18 Starter; Yamaha 225 TT / TT-R / XT 92-04";123,31
WSM;59-215-20A;"WSM 59-215-20A Top End Rebuild Kit; KTM / Husqvarna / Gas Gas 125 / 150 16-26 A Piston";123,42
WSM;59-215-20B;"WSM 59-215-20B Top End Rebuild Kit; KTM / Husqvarna / Gas Gas 125 / 150 16-26 B Piston";123,42
WSM;003-405-01;"WSM 003-405-01 Bearing Housing; Kawasaki 550 - 1500 86-26";123,49
WSM;003-402-01;"WSM 003-402-01 Bearing Housing; Yamaha 650 Super Jet / Wave Runner III 92-96";123,49
WSM;003-400-01;"WSM 003-400-01 Bearing Housing; Yamaha 700 - 1300 93-20";123,49
WSM;50-307-05K;"WSM 50-307-05K Piston Kit; Polaris 400 - 450 97-14 .5mm Over";123,54
WSM;50-307-07K;"WSM 50-307-07K Piston Kit; Polaris 400 - 450 97-14 1mm Over";123,54
WSM;778-223;"WSM 778-223 Sensor, Map; Mercury / Yamaha 115 - 225 Hp 4-Stroke 00-11";123,97
WSM;007-315-08;"WSM 007-315-08 Head Gasket; Kawasaki 1500 Ultra 310 14-26";123,98
WSM;25-160;"WSM 25-160 Complete Gasket Kit; Honda 680 / 700 TRX / MUV / Pioneer 06-26";124,04
WSM;PH500-M054;"WSM PH500-M054 Fuel Pump; Volvo";124,06
WSM;PH200-T066;"WSM PH200-T066 Mounting Bracket, Stainless Steel; Mercruiser";124,06
WSM;PH130-0003;"WSM PH130-0003 Starter; Johnson / Evinrude 85 - 140 Hp Cross Flow 73-98";124,06
WSM;779-240;"WSM 779-240 Valve, IAC; Yamaha 150 Hp 4 Stroke 04-24";124,34
WSM;365-1905;"WSM 365-1905 Voltage Regulator; Johnson / Suzuki DF40 - 200Hp 2 / 4 Stroke 98-08";124,68
WSM;003-254;"WSM 003-254 Coupler Shaft; Yamaha 650 VXR 91-93";124,97
WSM;004-805;"WSM 004-805 Fuel Pump; Sea-Doo 951 DI 00-07";124,97
WSM;500-146-02;"WSM 500-146-02 Gasket Kit, Powerhead; Johnson / Evinrude 200 - 250 Hp 3.3L FFI";125,44
WSM;830-122;"WSM 830-122 Belt, Timing; Yamaha 200 - 250 Hp 4-Stroke 05-21";125,48
WSM;610-275;"WSM 610-275 Fuel Injector; Johnson / Evinrude / Suzuki 70 Hp 4 Cyl 4-Stroke 98-00";125,74
WSM;100-80K;WSM 100-80K Piston Kit: Mercury 175 - 300 Hp 3.4L / 4.6L 4-Stroke .STD;125,89
WSM;100-70-04K;WSM 100-70-04K Piston Kit: Mercury Verado 4 - 6 Cyl 4-Stroke .010 Over;125,89
WSM;100-70-05K;WSM 100-70-05K Piston Kit: Mercury Verado 4 - 6 Cyl 4-Stroke .020 Over;125,89
WSM;100-70K;WSM 100-70K Piston Kit: Mercury Verado 4 - 6 Cyl 4-Stroke .STD;125,89
WSM;850-350BK;"WSM 850-350BK Balancer Kit With Nut; Yamaha 200 - 300 Hp 76 Degree";125,94
WSM;50-214AK;"WSM 50-214AK Piston Kit; Honda 450 TRX-R 06-14 Forged A Piston";125,94
WSM;50-214BK;"WSM 50-214BK Piston Kit; Honda 450 TRX-R 06-14 Forged B Piston";125,94
WSM;50-214CK;"WSM 50-214CK Piston Kit; Honda 450 TRX-R 06-14 Forged C Piston";125,94
WSM;600-500-01;"WSM 600-500-01 Primer Solenoid Assembly; Johnson / Evinrude 8 - 300 Hp";125,94
WSM;600-500-02;"WSM 600-500-02 Primer Solenoid Assembly; Johnson / Evinrude 90 - 300 Hp 95-06";125,94
WSM;365-8351;"WSM 365-8351 Voltage Regultor; Mercury 65 - 115 Hp 4 Stroke";125,94
WSM;600-174;"WSM 600-174 Fuel Pump; OMC / Mercruiser";126,1
WSM;012-106-01BLK;"WSM 012-106-01BLK Traction Mat; Kawasaki 800 SX-R 03-11 w/ Kickers & Rail Caps";126,28
WSM;012-222BLK;"WSM 012-222BLK Traction Mat; Yamaha 700 Super Jet Freestyle 96-13";126,28
WSM;007-664;"WSM 007-664 Complete Gasket Kit; Tiger Shark 900 - 1000 95-99";126,47
WSM;500-224;"WSM 500-224 Gasket Kit, Powerhead; Mercury / Mariner 150 / 175 Hp 6 Cyl 76-88";126,47
WSM;54-615-10A;"WSM 54-615-10A Top End Rebuild Kit; Suzuki 500 Vinson 02-07 Standard A";126,96
WSM;54-615-10B;"WSM 54-615-10B Top End Rebuild Kit; Suzuki 500 Vinson 02-07 Standard B";126,96
WSM;54-615-10C;"WSM 54-615-10C Top End Rebuild Kit; Suzuki 500 Vinson 02-07 Standard C";126,96
WSM;002-045-08;WSM 002-045-08 Steering Cable: Sea-Doo 720 - 1503 01-11;127,18
WSM;78-147;"WSM 78-147 Fuel Pump Assembly; Polaris 500 / 570 / 800 Ranger 13-25";127,2
WSM;78-145;"WSM 78-145 Fuel Pump Assembly; Polaris 500 Ranger 11-13";127,2
WSM;78-143;"WSM 78-143 Fuel Pump Assembly; Polaris 550 / 850 Sportsman 11-14";127,2
WSM;78-146;"WSM 78-146 Fuel Pump Assembly; Polaris 800 Ranger 11-12";127,2
WSM;78-189;"WSM 78-189 Fuel Pump Assembly; Yamaha 550 - 700 Grizzly 07-15";127,2
WSM;78-190;"WSM 78-190 Fuel Pump Assembly;Yamaha 700 Raptor 06-20";127,2
WSM;PH600-0007;"WSM PH600-0007 Water Pump; Mercruiser 4.3 Liter Late Models";127,24
WSM;006-160;"WSM 006-160 Metering Valve; Kawasaki 04-20";127,45
WSM;002-047-01;WSM 002-047-01 Nozzle Cable: Sea-Doo 650 93-95;127,45
WSM;54-215-11;"WSM 54-215-11 Top End Rebuild Kit; Honda 500 TRX / Pioneer 12-23 .25mm Over";127,45
WSM;54-215-12;"WSM 54-215-12 Top End Rebuild Kit; Honda 500 TRX / Pioneer 12-23 .5mm Over";127,45
WSM;54-215-13;"WSM 54-215-13 Top End Rebuild Kit; Honda 500 TRX / Pioneer 12-23 .75mm Over";127,45
WSM;54-215-14;"WSM 54-215-14 Top End Rebuild Kit; Honda 500 TRX / Pioneer 12-23 1mm Over";127,45
WSM;54-215-10;"WSM 54-215-10 Top End Rebuild Kit; Honda 500 TRX / Pioneer 12-23 Standard";127,45
WSM;54-228-11;"WSM 54-228-11 Top End Rebuild Kit; Honda 400 TRX-EX 99-14 .25mm Over";127,87
WSM;54-228-12;"WSM 54-228-12 Top End Rebuild Kit; Honda 400 TRX-EX 99-14 .5mm Over";127,87
WSM;54-228-13;"WSM 54-228-13 Top End Rebuild Kit; Honda 400 TRX-EX 99-14 .75mm Over";127,87
WSM;54-228-14;"WSM 54-228-14 Top End Rebuild Kit; Honda 400 TRX-EX 99-14 1mm Over";127,87
WSM;54-228-10;"WSM 54-228-10 Top End Rebuild Kit; Honda 400 TRX-EX 99-14 Standard";127,87
WSM;363-8100;"WSM 363-8100 Sender, Trim; Suzuki 25 - 85 Hp 2 & 4 Stroke";128,38
WSM;017-407;"WSM 017-407 Engine Valve Kit; Polaris 900 11-14";128,46
WSM;004-407WSM;"WSM 004-407WSM Maintenance Free Battery; STX30L-BS";128,46
WSM;PH100-HN01;"WSM PH100-HN01 Starter; Honda 1200 Aquatrax 02-07";128,46
WSM;PH100-KW04;"WSM PH100-KW04 Starter; Kawasaki 1200 / 1500 03-26";128,46
WSM;PH100-KW03;"WSM PH100-KW03 Starter; Kawasaki 1200 STX-R / Ultra 150 99-05";128,46
WSM;PH100-KW01;"WSM PH100-KW01 Starter; Kawasaki 650 - 1100 86-11";128,46
WSM;PH100-PL01;"WSM PH100-PL01 Starter; Polaris 650 - 785 92-98";128,46
WSM;PH100-PL02;"WSM PH100-PL02 Starter; Polaris 700 - 1200 96-04";128,46
WSM;PH100-SD06;"WSM PH100-SD06 Starter; Sea-Doo 1503 / 1630 4-Tec 03-26";128,46
WSM;PH100-SD02;"WSM PH100-SD02 Starter; Sea-Doo 580 - 720 95-05";128,46
WSM;PH100-SD01;"WSM PH100-SD01 Starter; Sea-Doo 580 / 650 89-94";128,46
WSM;PH100-SD04;"WSM PH100-SD04 Starter; Sea-Doo 800 95-96";128,46
WSM;PH100-SD03;"WSM PH100-SD03 Starter; Sea-Doo 800 97-05";128,46
WSM;PH100-SD05;"WSM PH100-SD05 Starter; Sea-Doo 951 98-07";128,46
WSM;PH100-TS01;"WSM PH100-TS01 Starter; Tiger Shark 640 - 1100 93-99";128,46
WSM;PH100-YA03;"WSM PH100-YA03 Starter; Yamaha 1000 / 1100 02-10";128,46
WSM;PH100-YA06;"WSM PH100-YA06 Starter; Yamaha 1100 4 Cyl 05-15";128,46
WSM;PH100-YA01;"WSM PH100-YA01 Starter; Yamaha 650 / 700 90-09";128,46
WSM;PH100-YA04;"WSM PH100-YA04 Starter; Yamaha 760 96-00";128,46
WSM;PH100-YA02;"WSM PH100-YA02 Starter; Yamaha 800 - 1300 95-14";128,46
WSM;002-094;WSM 002-094 Steering Cable: Polaris 700 - 1200 98-02;128,46
WSM;007-614-03;"WSM 007-614-03 Top End Gasket Kit; Yamaha 1200 GP-R / XL / XLT 01-05";128,46
WSM;007-614-01;"WSM 007-614-01 Top End Gasket Kit; Yamaha 1200 Power Valve 99-01";128,46
WSM;779-182;"WSM 779-182 Valve, IAC; OMC / Volvo 4.3 Liter V6";128,48
WSM;610-308;"WSM 610-308 Fuel Injector; Yamaha 150 / 200 Hp 2.6L HPDI 00-15";129,06
WSM;610-310;"WSM 610-310 Fuel Injector; Yamaha 200 - 300 Hp 3.3L HPDI 03-09";129,06
WSM;002-046-04;WSM 002-046-04 Steering Cable: Sea-Doo 720 - 1503 99-11;129,44
WSM;500-220;"WSM 500-220 Gasket Kit, Powerhead; Mercury / Mariner 135 - 200 Hp 6 Cyl 00-05";129,74
WSM;PH130-0068;"WSM PH130-0068 Starter; Chrysler / Force / Mercury 35 - 55 Hp 12V CCW ROT 83-92";129,88
WSM;PH130-0069;"WSM PH130-0069 Starter; Chrysler / Force 25 / 35 Hp 12V CCW ROT 83-91";129,88
WSM;PH130-0047;"WSM PH130-0047 Starter; Chrysler / Force 70 - 150 Hp 83-99";129,88
WSM;PH200-T081;"WSM PH200-T081 Trim / Tilt Motor; Chrysler / Force 12V BI ROT";129,88
WSM;PH200-T013;"WSM PH200-T013 Trim / Tilt Motor; OMC Cobra";129,88
WSM;PH200-T040;"WSM PH200-T040 Trim / Tilt Motor; Sea-Doo 580 / 720 - 1503";129,88
WSM;PH200-T007;"WSM PH200-T007 Trim / Tilt Motor; Volvo 5.0L - 8.2L";129,88
WSM;343-520;"WSM 343-520 Trim Assembly Solenoid; Yamaha 225 - 300 Hp V6 HPDI 03-09";129,94
WSM;50-317K;"WSM 50-317K Piston Kit; Polaris 700 Ranger / Sportsman 02-09 Standard";130,03
WSM;020-111-H4;"WSM 020-111-H4 L.E.D Power Bulbs; H4 / HB2 / 9003";130,85
WSM;500-152;"WSM 500-152 Gasket Kit, Powerhead; Johnson / Evinrude 250 - 300 Hp V8";130,93
WSM;363-6456;"WSM 363-6456 Trigger; Mercury / Mariner 90 - 225 Hp 6 Cylinder 76-99";130,98
WSM;60-152;"WSM 60-152 Axle Carrier; Yamaha 660 Raptor 01-05";131,27
WSM;60-156;"WSM 60-156 Axle Carrier; Yamaha 200 Blaster 88-06";131,33
WSM;60-158;"WSM 60-158 Axle Carrier; Yamaha 350 Banshee 90-06";131,33
WSM;60-160;"WSM 60-160 Axle Carrier; Yamaha 450 YFZ 04-05";131,33
WSM;502-115;"WSM 502-115 Gasket Set, Lower Conversion; 4.3L 262 CI.";131,33
WSM;010-875-04PK;"WSM 010-875-04PK Piston Kit; Yamaha 1800 08-26 .25mm Over Platinum";131,33
WSM;010-875-05PK;"WSM 010-875-05PK Piston Kit; Yamaha 1800 08-26 .5mm Over Platinum";131,33
WSM;010-875-07PK;"WSM 010-875-07PK Piston Kit; Yamaha 1800 08-26 1mm Over Platinum";131,33
WSM;010-875PK;"WSM 010-875PK Piston Kit; Yamaha 1800 08-26 Standard Platinum";131,33
WSM;54-402-11;"WSM 54-402-11 Top End Rebuild Kit; Suzuki 400 Eiger / King Quad 02-24 .25mm Over";131,33
WSM;54-402-12;"WSM 54-402-12 Top End Rebuild Kit; Suzuki 400 Eiger / King Quad 02-24 .5mm Over";131,33
WSM;54-402-13;"WSM 54-402-13 Top End Rebuild Kit; Suzuki 400 Eiger / King Quad 02-24 .75mm Over";131,33
WSM;54-402-14;"WSM 54-402-14 Top End Rebuild Kit; Suzuki 400 Eiger / King Quad 02-24 1mm Over";131,33
WSM;54-402-10;"WSM 54-402-10 Top End Rebuild Kit; Suzuki 400 Eiger / King Quad 02-24 Standard";131,33
WSM;25-148-OS;"WSM 25-148-OS Complete Gasket Kit; Honda 450 TRX-R 06-14";131,96
WSM;50-321K;"WSM 50-321K Piston Kit; Polaris RZR 925 Turbo 16-26";132,24
WSM;100-327-045K;"WSM 100-327-045K Piston Kit; Yamaha 150 - 200 Hp 2.8L 4-Stroke 12-16 .015 Over";132,24
WSM;100-327-05K;"WSM 100-327-05K Piston Kit; Yamaha 150 - 200 Hp 2.8L 4-Stroke 12-16 .020 Over";132,24
WSM;100-327-06K;"WSM 100-327-06K Piston Kit; Yamaha 150 - 200 Hp 2.8L 4-Stroke 12-16 .030 Over";132,24
WSM;100-327K;"WSM 100-327K Piston Kit; Yamaha 150 - 200 Hp 2.8L 4-Stroke 12-16 Standard";132,24
WSM;010-523-01;"WSM 010-523-01 Connecting Rod Kit; Kawasaki 1500 04-26";132,31
WSM;002-046-08;WSM 002-046-08 Steering Cable: Sea-Doo 1503 / 1630 09-17;132,31
WSM;54-312-11;"WSM 54-312-11 Top End Rebuild Kit; Polaris 570 Sportsman 14-26 .25mm Over";133,37
WSM;54-312-12;"WSM 54-312-12 Top End Rebuild Kit; Polaris 570 Sportsman 14-26 .5mm Over";133,37
WSM;54-312-13;"WSM 54-312-13 Top End Rebuild Kit; Polaris 570 Sportsman 14-26 .75mm Over";133,37
WSM;54-312-14;"WSM 54-312-14 Top End Rebuild Kit; Polaris 570 Sportsman 14-26 1mm Over";133,37
WSM;54-312-10;"WSM 54-312-10 Top End Rebuild Kit; Polaris 570 Sportsman 14-26 Standard";133,37
WSM;50-520-685;"WSM 50-520-685 Piston Kit; Yamaha 350 Banshee 87-06 4.5mm Over Big Bore - Forged";133,54
WSM;50-520-68;"WSM 50-520-68 Piston Kit; Yamaha 350 Banshee 87-06 4mm Over Big Bore - Forged";133,54
WSM;50-520-69;"WSM 50-520-69 Piston Kit; Yamaha 350 Banshee 87-06 5mm Over Big Bore - Forged";133,54
WSM;50-520-70;"WSM 50-520-70 Piston Kit; Yamaha 350 Banshee 87-06 6mm Over Big Bore - Forged";133,54
WSM;78-148;"WSM 78-148 Fuel Pump Assembly; Polaris 900 / 1000 Ranger";133,56
WSM;78-150;"WSM 78-150 Fuel Pump Assembly; Polaris 900 / 1000 RZR XP";133,56
WSM;004-200;"WSM 004-200 Armature / Stator Coil; Sea-Doo 800 - 951 95-03";133,9
WSM;004-800;"WSM 004-800 Fuel Pump; Sea-Doo 1503 4-Tec 03-12";133,9
WSM;004-802;"WSM 004-802 Fuel Pump; Sea-Doo 900 / 1503 / 1630 08-26";133,9
WSM;500-222;"WSM 500-222 Gasket Kit, Powerhead; Mercury / Mariner 110 - 200 Hp EFI / DFI";133,9
WSM;500-244;"WSM 500-244 Gasket Kit, Powerhead; Mercury / Mariner 200 / 225 Hp 3L DFI / Optimax 98-99";133,9
WSM;500-245-01;"WSM 500-245-01 Gasket Kit, Powerhead; Mercury 200 - 300 Hp 3L DFI XS 04-18";133,9
WSM;500-229-01;"WSM 500-229-01 Gasket Kit, Powerhead; Mercury 225 Hp 6 Cyl 2.5L Pro Max 94-02";133,9
WSM;500-340;"WSM 500-340 Gasket Kit, Powerhead; Yamaha 115 / 130 Hp V4 84-01";133,9
WSM;002-045-05;WSM 002-045-05 Steering Cable: Sea-Doo 951 RX / RX DI 01-03;133,9
WSM;002-059-04;WSM 002-059-04 Steering Cable: Yamaha 1200 GP 97-99;133,9
WSM;007-672-01;"WSM 007-672-01 Top End Gasket Kit; Yamaha 1100  VX 05-18";133,9
WSM;1000-20SA;"WSM 1000-20SA Bilge Pump; 800 GPH";133,94
WSM;25-314;"WSM 25-314 Full Gasket Kit; Polaris 700 / 800 Ranger / RZR / Sportsman 05-10";133,96
WSM;778-215;"WSM 778-215 Sensor, Map; Johnson / Suzuki / Yamaha 150 Hp 4 Stroke 2004-25";134,23
WSM;007-678;"WSM 007-678 Complete Gasket Kit; Yamaha EX / Jet Blaster / Super Jet 1050 16-26";134,54
WSM;65-910-06;"WSM 65-910-06 Stator Assembly; Yamaha 600 Grizzly 99-01";134,71
WSM;007-611;"WSM 007-611 Complete Gasket Kit; Yamaha 1200 Non Power Valve 97-14";134,88
WSM;985-162;"WSM 985-162 Lifting Eye; Johnson / Evinrude E-Tec";134,88
WSM;002-051-05;"WSM 002-051-05 Steering Cable; Yamaha 760 / 800 GP 97-00";134,88
WSM;010-815-11;"WSM 010-815-11 Top End Rebuild Kit; Sea-Doo 580 92-96 .25mm Over";134,88
WSM;010-815-12;"WSM 010-815-12 Top End Rebuild Kit; Sea-Doo 580 92-96 .5mm Over";134,88
WSM;010-815-13;"WSM 010-815-13 Top End Rebuild Kit; Sea-Doo 580 92-96 .75mm Over";134,88
WSM;010-815-14;"WSM 010-815-14 Top End Rebuild Kit; Sea-Doo 580 92-96 1mm Over";134,88
WSM;010-815-10;"WSM 010-815-10 Top End Rebuild Kit; Sea-Doo 580 92-96 Standard";134,88
WSM;PH200-T067;"WSM PH200-T067 Mounting Bracket, Stainless Steel; Mercruiser";135,73
WSM;PH130-0035;"WSM PH130-0035 Starter; Johnson / Evinrude 15 - 90 Hp E-Tec 04-17";135,73
WSM;PH130-0045;"WSM PH130-0045 Starter; Johnson / Evinrude 35 - 60 Hp Looper 76-97";135,73
WSM;PH130-0044;"WSM PH130-0044 Starter; Johnson / Evinrude 85 - 140 Hp Cross Flow 73-98";135,73
WSM;500-232;"WSM 500-232 Gasket Kit, Powerhead; Mercury 225 Hp 6 Cyl 2.5L Pro Max";135,85
WSM;010-189K;"WSM 010-189K Complete Engine Bearing Kit; Sea-Doo 1503 / 1630 4-Tec 02-24";135,91
WSM;54-230-11;"WSM 54-230-11 Top End Rebuild Kit; Honda 400 TRX-FW 04-07 .25mm Over";136,6
WSM;54-230-12;"WSM 54-230-12 Top End Rebuild Kit; Honda 400 TRX-FW 04-07 .5mm Over";136,6
WSM;54-230-13;"WSM 54-230-13 Top End Rebuild Kit; Honda 400 TRX-FW 04-07 .75mm Over";136,6
WSM;54-230-14;"WSM 54-230-14 Top End Rebuild Kit; Honda 400 TRX-FW 04-07 1mm Over";136,6
WSM;54-230-10;"WSM 54-230-10 Top End Rebuild Kit; Honda 400 TRX-FW 04-07 Standard";136,6
WSM;54-220-11;"WSM 54-220-11 Top End Rebuild Kit; Honda 400 TRX-FW 95-03 .25mm Over";136,6
WSM;54-220-12;"WSM 54-220-12 Top End Rebuild Kit; Honda 400 TRX-FW 95-03 .5mm Over";136,6
WSM;54-220-13;"WSM 54-220-13 Top End Rebuild Kit; Honda 400 TRX-FW 95-03 .75mm Over";136,6
WSM;54-220-14;"WSM 54-220-14 Top End Rebuild Kit; Honda 400 TRX-FW 95-03 1mm Over";136,6
WSM;54-220-10;"WSM 54-220-10 Top End Rebuild Kit; Honda 400 TRX-FW 95-03 Standard";136,6
WSM;010-866-05PK;"WSM 010-866-05PK Piston Kit; Sea-Doo 1630 4-Tec 130 / 170 Hp 20-25 0.5mm Platinum";137,06
WSM;010-866-07PK;"WSM 010-866-07PK Piston Kit; Sea-Doo 1630 4-Tec 130 / 170 Hp 20-25 0.5mm Platinum";137,06
WSM;010-866PK;"WSM 010-866PK Piston Kit; Sea-Doo 1630 4-Tec 130 / 170 Hp 20-25 Standard Platinum";137,06
WSM;500-227;"WSM 500-227 Gasket Kit, Powerhead; Mercury 200 Hp 2.4L EFI Race";137,1
WSM;54-231-11;"WSM 54-231-11 Top End Rebuild Kit; Honda 420 TRX 07-08 .25mm Over";137,58
WSM;54-231-12;"WSM 54-231-12 Top End Rebuild Kit; Honda 420 TRX 07-08 .5mm Over";137,58
WSM;54-231-13;"WSM 54-231-13 Top End Rebuild Kit; Honda 420 TRX 07-08 .75mm Over";137,58
WSM;54-231-14;"WSM 54-231-14 Top End Rebuild Kit; Honda 420 TRX 07-08 1mm Over";137,58
WSM;54-231-10;"WSM 54-231-10 Top End Rebuild Kit; Honda 420 TRX 07-08 Standard";137,58
WSM;54-231-21;"WSM 54-231-21 Top End Rebuild Kit; Honda 420 TRX 09-26 .25mm Over";137,58
WSM;54-231-22;"WSM 54-231-22 Top End Rebuild Kit; Honda 420 TRX 09-26 .5mm Over";137,58
WSM;54-231-23;"WSM 54-231-23 Top End Rebuild Kit; Honda 420 TRX 09-26 .75mm Over";137,58
WSM;54-231-24;"WSM 54-231-24 Top End Rebuild Kit; Honda 420 TRX 09-26 1mm Over";137,58
WSM;54-231-20;"WSM 54-231-20 Top End Rebuild Kit; Honda 420 TRX 09-26 Standard";137,58
WSM;983-130;"WSM 983-130 Thread Chaser / Nut Installer Tool; Yamaha 200 - 300 Hp 4 Stroke 4.2 Liter";137,95
WSM;100-350-04K;"WSM 100-350-04K Piston Kit; Yamaha 350 Hp 4-Stroke V8 .25mm Over";138,2
WSM;100-350-05K;"WSM 100-350-05K Piston Kit; Yamaha 350 Hp 4-Stroke V8 .5mm Over";138,2
WSM;100-350-06K;"WSM 100-350-06K Piston Kit; Yamaha 350 Hp 4-Stroke V8 .75mm Over";138,2
WSM;100-350K;"WSM 100-350K Piston Kit; Yamaha 350 Hp 4-Stroke V8 STD";138,2
WSM;361-7778;"WSM 361-7778 Switch Box; Mercury /  Mariner 50 - 300 Hp 3 / 6 Cyl 76-99";138,2
WSM;78-159;"WSM 78-159 Fuel Pump Assembly; Husqvarna / KTM 250 / 350 / 450";138,34
WSM;983-186;"WSM 983-186 Prop Puller; Through Hub Exhaust Small";138,54
WSM;983-187;"WSM 983-187 Prop Puller; Through Hub Exhaust V6 Large";138,54
WSM;54-253-11;"WSM 54-253-11 Top End Rebuild Kit; Kawasaki 360 Prairie 03-12 .25mm Over";138,64
WSM;54-253-12;"WSM 54-253-12 Top End Rebuild Kit; Kawasaki 360 Prairie 03-12 .5mm Over";138,64
WSM;54-253-13;"WSM 54-253-13 Top End Rebuild Kit; Kawasaki 360 Prairie 03-12 .75mm Over";138,64
WSM;54-253-14;"WSM 54-253-14 Top End Rebuild Kit; Kawasaki 360 Prairie 03-12 1mm Over";138,64
WSM;54-253-10;"WSM 54-253-10 Top End Rebuild Kit; Kawasaki 360 Prairie 03-12 Standard";138,64
WSM;003-258;"WSM 003-258 Coupler Shaft; Yamaha 650 - 760 90-97";138,7
WSM;PH110-HN09;"WSM PH110-HN09 Starter; Honda 350 Odyssey 1985";138,74
WSM;002-200;"WSM 002-200 Steering Cable; Yamaha 1000 / 1100 99-06";138,74
WSM;003-153;"WSM 003-153 Drive Shaft; Sea-Doo 580 / 650 1995";139,1
WSM;003-150;"WSM 003-150 Drive Shaft; Sea-Doo 580 / 650 89-95";139,1
WSM;003-154;"WSM 003-154 Drive Shaft; Sea-Doo 580 / 720 96-00";139,1
WSM;003-166;"WSM 003-166 Drive Shaft; Sea-Doo 800 GTX 1996";139,1
WSM;003-159;"WSM 003-159 Drive Shaft; Sea-Doo 951 GSX / RX / Sportster 98-06";139,1
WSM;003-168;"WSM 003-168 Drive Shaft; Sea-Doo 951 GTX / LRV 98-03";139,1
WSM;003-506;"WSM 003-506 Jet Pump Housing; Yamaha 650 - 800 90-00";139,14
WSM;003-507;"WSM 003-507 Jet Pump Housing; Yamaha 650 / 700 90-20";139,14
WSM;54-232-11;"WSM 54-232-11 Top End Rebuild Kit; Honda 500 Rubicon 01-14 .25mm Over";140,09
WSM;54-232-12;"WSM 54-232-12 Top End Rebuild Kit; Honda 500 Rubicon 01-14 .5mm Over";140,09
WSM;54-232-13;"WSM 54-232-13 Top End Rebuild Kit; Honda 500 Rubicon 01-14 .75mm Over";140,09
WSM;54-232-14;"WSM 54-232-14 Top End Rebuild Kit; Honda 500 Rubicon 01-14 1mm Over";140,09
WSM;54-232-10;"WSM 54-232-10 Top End Rebuild Kit; Honda 500 Rubicon 01-14 Standard";140,09
WSM;007-645-03;"WSM 007-645-03 Complete Gasket Kit; Kawasaki 1200 Ultra 150 99";140,6
WSM;600-186;"WSM 600-186 Fuel Pump; Volvo High Pressure 4.3 - 5.7 Liter";140,84
WSM;778-220;"WSM 778-220 Sensor, Map; Mercury / Yamaha 50 - 200 Hp / GP1300";140,94
WSM;78-137;"WSM 78-137 Fuel Pump Assembly; Can-Am 450 / 570 Outlander";141,11
WSM;78-136;"WSM 78-136 Fuel Pump Assembly; Can-Am 570 -1000 Outlander / Renegade";141,11
WSM;78-137-05;"WSM 78-137-05 Fuel Pump Assembly; Can-Am 650 / 800 / 1000 Defender / Traxter 16-26";141,11
WSM;78-158;"WSM 78-158 Fuel Pump Assembly; Polaris 1000 RZR / General 19-26";141,11
WSM;78-138;"WSM 78-138 Fuel Pump Assembly; Polaris 450 / 570 EFI Sportsman 17-26";141,11
WSM;78-153;"WSM 78-153 Fuel Pump Assembly; Polaris 500 / 800 Sportsman 08-14";141,11
WSM;78-139;"WSM 78-139 Fuel Pump Assembly; Polaris 570 / 850 / 1000 Sportsman";141,11
WSM;78-149;"WSM 78-149 Fuel Pump Assembly; Polaris 570 / 900 RZR XP 12-16";141,11
WSM;78-152;"WSM 78-152 Fuel Pump Assembly; Polaris 800 / 900 RZR 11-14";141,11
WSM;78-151;"WSM 78-151 Fuel Pump Assembly; Polaris 800 RZR 09-10";141,11
WSM;78-155;"WSM 78-155 Fuel Pump Assembly; Polaris 925 RZR XP Turbo 19-22";141,11
WSM;500-146-03;"WSM 500-146-03 Gasket Kit, Powerhead; Evinrude 200 - 250 Hp 3.3L V6 E-Tec";141,25
WSM;010-514-01;"WSM 010-514-01 Connecting Rod; Sea Doo 1630 Ace 16-25";141,31
WSM;010-513;"WSM 010-513 Connecting Rod; Sea Doo 900 14-25";141,31
WSM;600-118-01;"WSM 600-118-01 Fuel Pump; Honda / Mercury / Mariner / Nissan / Tohatsu 25 - 60 / 175 - 250 Hp 4-Stroke";141,31
WSM;778-120;"WSM 778-120 Sensor, Water Pressure; Mercury 4 - 6 Cylinder Verado";141,31
WSM;PH110-PL14;"WSM PH110-PL14 Starter; Polaris 850 / 1000 Scrambler / Sportsman 09-21";141,31
WSM;002-046-06;WSM 002-046-06 Steering Cable: Sea-Doo 1503 RXP 2005;141,31
WSM;002-046-01;WSM 002-046-01 Steering Cable: Sea-Doo 951 XP 98-04;141,31
WSM;002-235;"WSM 002-235 Steering Cable; Sea-Doo 1503 04-12";141,31
WSM;002-225;"WSM 002-225 Steering Cable; Sea-Doo 951 / 1503 00-12";141,31
WSM;002-036-08;WSM 002-036-08 Throttle Cable: Sea-Doo 951 GTX 99-02;141,31
WSM;363-6454;"WSM 363-6454 Trigger; Mercury / Mariner 75 / 80 Hp 4 Cylinder Cross Flow 79-86";141,34
WSM;600-237;"WSM 600-237 Carburetor Kit; Mercruiser Holley 4 BBL";141,36
WSM;500-353;"WSM 500-353 Gasket Kit, Powerhead; Yamaha 225 - 250 Hp V6 90-96";141,36
WSM;600-144;"WSM 600-144 Fuel Pump; Crusader / Indmar";141,4
WSM;600-122;"WSM 600-122 Fuel Pump; Mercury / Yamaha 200 / 225 Hp 4-Stroke";141,4
WSM;25-420;"WSM 25-420 Full Gasket Kit; Suzuki 400 King Quad 08-15";141,41
WSM;600-136-01;"WSM 600-136-01 Fuel Pump; Volvo Low Pressure";141,62
WSM;50-520-5-685;"WSM 50-520-5-685 Piston Kit; Yamaha 350 Banshee 87-06 4.5mm Over Big Bore Long Rod - Forged";141,62
WSM;50-520-5-68;"WSM 50-520-5-68 Piston Kit; Yamaha 350 Banshee 87-06 4mm Over Big Bore Long Rod - Forged";141,62
WSM;50-520-5-695;"WSM 50-520-5-695 Piston Kit; Yamaha 350 Banshee 87-06 5.5mm Over Big Bore Long Rod - Forged";141,62
WSM;50-520-5-705;"WSM 50-520-5-705 Piston Kit; Yamaha 350 Banshee 87-06 6.5mm Over Big Bore Long Rod - Forged";141,62
WSM;50-520-5-70;"WSM 50-520-5-70 Piston Kit; Yamaha 350 Banshee 87-06 6mm Over Big Bore Long Rod - Forged";141,62
WSM;002-046-05;WSM 002-046-05 Steering Cable: Sea-Doo 900 - 1630 02-20;141,62
WSM;54-311-11;"WSM 54-311-11 Top End Rebuild Kit; Polaris 500 03-14 .25mm Over";141,62
WSM;54-311-12;"WSM 54-311-12 Top End Rebuild Kit; Polaris 500 03-14 .5mm Over";141,62
WSM;54-311-13;"WSM 54-311-13 Top End Rebuild Kit; Polaris 500 03-14 .75mm Over";141,62
WSM;54-311-14;"WSM 54-311-14 Top End Rebuild Kit; Polaris 500 03-14 1mm Over";141,62
WSM;54-311-10;"WSM 54-311-10 Top End Rebuild Kit; Polaris 500 03-14 Standard";141,62
WSM;003-152;"WSM 003-152 Drive Shaft; Sea-Doo 720 / 800 96-05";142,74
WSM;003-164;"WSM 003-164 Drive Shaft; Sea-Doo 720 / 800 97-02";142,74
WSM;PH500-M084;"WSM PH500-M084 Fuel Pump; Crusader / Indmar";142,8
WSM;002-270L;"WSM 002-270L Throttle Cable; Sea-Doo 800 Challenger 1800 97-99";142,84
WSM;003-167;"WSM 003-167 Drive Shaft; Sea-Doo 650 / 720 Explorer 94-02";143,36
WSM;002-215;"WSM 002-215 Steering Cable; Sea-Doo 1503 / 2500 / 3000 00-06";143,88
WSM;500-347;"WSM 500-347 Gasket Kit, Powerhead; Yamaha 150 - 225 Hp 87-08 Horizontal Reeds";143,89
WSM;007-679;"WSM 007-679 Complete Gasket Kit; Yamaha VX / V1 1050 16-20";143,94
WSM;449-220;"WSM 449-220 Drive Shaft, Lower; Johnson / Evinrude 85 - 115 Hp Cross Flow 91-98";143,94
WSM;002-052-09;WSM 002-052-09 Nozzle Cable: Yamaha 1300 GP-R 03-08;144,34
WSM;PH500-M050;"WSM PH500-M050 Fuel Pump; Mercruiser / OMC";144,48
WSM;PH500-M056;"WSM PH500-M056 Fuel Pump; Mercruiser / OMC";144,48
WSM;PH500-M053;"WSM PH500-M053 Fuel Pump; OMC";144,48
WSM;PH500-M058;"WSM PH500-M058 Fuel Pump; OMC";144,48
WSM;PH130-0022;"WSM PH130-0022 Starter; Chrysler / Force 40 / 50 Hp 92-99";144,48
WSM;PH130-0025;"WSM PH130-0025 Starter; Force 40 / 50 Hp 92-94";144,48
WSM;PH130-0012;"WSM PH130-0012 Starter; Johnson / Evinrude 120 - 140 Hp 85-01";144,48
WSM;PH130-0017;"WSM PH130-0017 Starter; Johnson / Evinrude 20 - 35 Hp Cross Flow 88-92";144,48
WSM;PH130-0026;"WSM PH130-0026 Starter; Johnson / Evinrude 25 / 35 Hp 96-01";144,48
WSM;PH130-0016;"WSM PH130-0016 Starter; Johnson / Evinrude 40 - 50 Hp Looper 89-05";144,48
WSM;PH130-0043;"WSM PH130-0043 Starter; Johnson / Evinrude 40 - 75 Hp Looper 74-01";144,48
WSM;PH130-0013;"WSM PH130-0013 Starter; Johnson / Evinrude 9.9 / 15 Hp 4-Stroke 95-01";144,48
WSM;PH130-0036;"WSM PH130-0036 Starter; Johnson / Evinrude 9.9 / 15 Hp 93-01";144,48
WSM;PH130-0027;"WSM PH130-0027 Starter; Johnson / Evinrude 90 - 115 Hp 60 Degree 95-06";144,48
WSM;PH130-0018;"WSM PH130-0018 Starter; Johnson / Evinrude 90 - 175 Hp 91-06";144,48
WSM;340-342;"WSM 340-342 Starter; Mercury  / Mariner 115 / 150 / 175 Hp 73-88";144,48
WSM;PH130-0020;"WSM PH130-0020 Starter; Mercury  / Mariner 115 / 150 / 175 Hp 73-88";144,48
WSM;PH130-0029;"WSM PH130-0029 Starter; Mercury / Mariner / Yamaha 25 Hp 4-Stroke 98-07";144,48
WSM;PH130-0028;"WSM PH130-0028 Starter; Mercury / Mariner / Yamaha 30 / 40 Hp 4-Stroke 99-08";144,48
WSM;PH130-0067;"WSM PH130-0067 Starter; Mercury / Mariner 115 - 250 Hp 12V CCW ROT 78-03";144,48
WSM;PH130-0037;"WSM PH130-0037 Starter; Mercury / Mariner 115 / 150 / 175 Hp 73-88";144,48
WSM;PH130-0030;"WSM PH130-0030 Starter; Mercury / Mariner 135 / 150 / 200 / 225 Hp DFI 97-00";144,48
WSM;PH130-0023;"WSM PH130-0023 Starter; Mercury / Mariner 225 - 300 Hp 94-01";144,48
WSM;PH130-0024;"WSM PH130-0024 Starter; Mercury / Mariner 30 - 60 Hp 94-06";144,48
WSM;PH130-0081;"WSM PH130-0081 Starter; Mercury / Mariner 40 - 50 Hp 4 Stroke 12V CCW ROT 95-00";144,48
WSM;PH130-0033;"WSM PH130-0033 Starter; Mercury / Mariner 40 - 60 Hp 4-Stroke 01-08";144,48
WSM;PH130-0019;"WSM PH130-0019 Starter; Mercury / Mariner 75 - 125 Hp 85-10";144,48
WSM;PH130-0031;"WSM PH130-0031 Starter; Mercury 175 / 210 / 240 Hp Sport Jet 97-05";144,48
WSM;PH130-0072;"WSM PH130-0072 Starter; Mercury 35 / 40 Hp Cross Flow 12V CCW ROT 80-89";144,48
WSM;PH130-0010;"WSM PH130-0010 Starter; Mercury 65 - 85 Hp 70-75";144,48
WSM;PH140-0008;"WSM PH140-0008 Starter; Yanmar 9 - 27 Hp 12 V 9 Tooth CW Rot";144,48
WSM;PH600-0006;"WSM PH600-0006 Water Pump; Mercruiser / OMC / Volvo Penta";145,22
WSM;983-112;"WSM 983-112 Bearing Carrier Retainer Nut Tool; Mercury / Mercruiser Torque / Sport Master";145,88
WSM;990-500;"WSM 990-500 Hose Clamp, Oetiker Clamp Kit;  10.3mm-41mm";145,88
WSM;362-304;"WSM 362-304 Ignition Switch Panel; Yamaha 50 - 250 Hp";145,88
WSM;010-7025;"WSM 010-7025 Oil Radiator; Sea-Doo 1503 / 1630 4-Tec 02-26";145,88
WSM;010-7025-01;"WSM 010-7025-01 Oil Radiator; Sea-Doo 1503 4-Tec 02-06";145,88
WSM;365-1960;"WSM 365-1960 Rectifier / Regulator; Mercury / Yamaha 75 - 100 Hp 4-Stroke";145,88
WSM;002-058-20;WSM 002-058-20 Reverse Cable: Yamaha 1000 - 1800 VX 13-16;145,88
WSM;002-203;"WSM 002-203 Steering Cable; Yamaha 1800 12-17";145,88
WSM;343-523;"WSM 343-523 Trim Assembly Solenoid; Yamaha 115 / 200 / 225 Hp 4-Stroke 00-11";145,88
WSM;PH130-0015;"WSM PH130-0015 Starter; Mercury / Mariner 40 - 60 Hp 78-97";145,94
WSM;500-146-04;"WSM 500-146-04 Gasket Kit, Powerhead; Evinrude 200 - 300 Hp 3.4L V6 E-Tec";145,99
WSM;600-106;"WSM 600-106 Fuel Pump; Mercury / Mariner 75 - 115 Hp 4-Stroke 00-06";146,5
WSM;010-087;"WSM 010-087 Camshaft, Exhaust; Yamaha 1000 03-08";147,37
WSM;010-086;"WSM 010-086 Camshaft, Intake; Yamaha 1000 03-08";147,37
WSM;003-257;"WSM 003-257 Coupler Shaft; Yamaha 760 GP / Wave Runner 97-00";147,37
WSM;002-052-07;WSM 002-052-07 Nozzle Cable: Yamaha 760 / 800 GP 97-00;147,73
WSM;385-150;"WSM 385-150 O2 Sensor; Suzuki DF 100 - 300 Hp 2011-23";147,73
WSM;002-058-10;WSM 002-058-10 Reverse Cable: Yamaha 1000 / 1100 FX 02-07;147,73
WSM;002-058-12;WSM 002-058-12 Reverse Cable: Yamaha 1000 / 1800 FX 08-10;147,73
WSM;002-058-11;WSM 002-058-11 Reverse Cable: Yamaha 1100 VX 05-09;147,73
WSM;002-230;"WSM 002-230 Steering Cable; Sea-Doo 2500 / 3000 00-05";147,73
WSM;002-051-01;"WSM 002-051-01 Steering Cable; Yamaha 800 / 1200 99-05";147,73
WSM;010-812-11;"WSM 010-812-11 Top End Rebuild Kit; Kawasaki 550 JS 82-89 .25mm Over";147,73
WSM;010-812-12;"WSM 010-812-12 Top End Rebuild Kit; Kawasaki 550 JS 82-89 .5mm Over";147,73
WSM;010-812-13;"WSM 010-812-13 Top End Rebuild Kit; Kawasaki 550 JS 82-89 .75mm Over";147,73
WSM;010-812-14;"WSM 010-812-14 Top End Rebuild Kit; Kawasaki 550 JS 82-89 1mm Over";147,73
WSM;010-812-10;"WSM 010-812-10 Top End Rebuild Kit; Kawasaki 550 JS 82-89 Standard";147,73
WSM;010-815-11P;"WSM 010-815-11P Top End Rebuild Kit; Sea-Doo 580 92-96 .25mm Over Platinum";147,73
WSM;010-815-12P;"WSM 010-815-12P Top End Rebuild Kit; Sea-Doo 580 92-96 .5mm Over Platinum";147,73
WSM;010-815-13P;"WSM 010-815-13P Top End Rebuild Kit; Sea-Doo 580 92-96 .75mm Over Platinum";147,73
WSM;010-815-14P;"WSM 010-815-14P Top End Rebuild Kit; Sea-Doo 580 92-96 1mm Over Platinum";147,73
WSM;010-815-10P;"WSM 010-815-10P Top End Rebuild Kit; Sea-Doo 580 92-96 Standard Platinum";147,73
WSM;54-544-11;"WSM 54-544-11 Top End Rebuild Kit; Yamaha 660 Grizzly / Raptor / Rhino 01-07 .25mm Over";148,38
WSM;54-544-12;"WSM 54-544-12 Top End Rebuild Kit; Yamaha 660 Grizzly / Raptor / Rhino 01-07 .5mm Over";148,38
WSM;54-544-13;"WSM 54-544-13 Top End Rebuild Kit; Yamaha 660 Grizzly / Raptor / Rhino 01-07 .75mm Over";148,38
WSM;54-544-14;"WSM 54-544-14 Top End Rebuild Kit; Yamaha 660 Grizzly / Raptor / Rhino 01-07 1mm Over";148,38
WSM;54-544-10;"WSM 54-544-10 Top End Rebuild Kit; Yamaha 660 Grizzly / Raptor / Rhino 01-07 Standard";148,38
WSM;002-048-03;"WSM 002-048-03 Steering Cable; Sea-Doo 650 XP 1995";148,49
WSM;PH140-0004;"WSM PH140-0004 Starter; OMC / Volvo Magnet Gear Reduction 12 V 10 Tooth CW Rot";148,78
WSM;007-626;"WSM 007-626 Complete Gasket Kit; Sea-Doo 1503 / 1630 4-Tec 02-26";148,79
WSM;500-345;"WSM 500-345 Gasket Kit, Powerhead; Yamaha 150 - 200 Hp V6 84-03 Vertical Reeds";148,79
WSM;985-180;"WSM 985-180 Lifting Eye; Mercury / Yamaha 115 / 250 Hp 4-Stroke";148,79
WSM;002-059-05;WSM 002-059-05 Steering Cable: Yamaha 700 / 760 / 1200 XL 98-04;148,79
WSM;54-251-11;"WSM 54-251-11 Top End Rebuild Kit; Kawasaki 400 Prairie 99-02 .25mm Over";148,79
WSM;54-251-12;"WSM 54-251-12 Top End Rebuild Kit; Kawasaki 400 Prairie 99-02 .5mm Over";148,79
WSM;54-251-13;"WSM 54-251-13 Top End Rebuild Kit; Kawasaki 400 Prairie 99-02 .75mm Over";148,79
WSM;54-251-14;"WSM 54-251-14 Top End Rebuild Kit; Kawasaki 400 Prairie 99-02 1mm Over";148,79
WSM;54-251-10;"WSM 54-251-10 Top End Rebuild Kit; Kawasaki 400 Prairie 99-02 Standard";148,79
WSM;PH100-HN01-G;"WSM PH100-HN01-G Starter; Honda 1200 Aquatrax 02-07";149,02
WSM;PH100-KW04-G;"WSM PH100-KW04-G Starter; Kawasaki 1200 / 1500 03-26";149,02
WSM;PH100-KW03-G;"WSM PH100-KW03-G Starter; Kawasaki 1200 STX-R / Ultra 150 99-05";149,02
WSM;PH100-KW02;"WSM PH100-KW02 Starter; Kawasaki 400 - 550 76-95";149,02
WSM;PH100-KW01-G;"WSM PH100-KW01-G Starter; Kawasaki 650 - 1100 86-11";149,02
WSM;PH100-PL01-G;"WSM PH100-PL01-G Starter; Polaris 650 - 785 92-98";149,02
WSM;PH100-PL02-G;"WSM PH100-PL02-G Starter; Polaris 700 - 1200 96-04";149,02
WSM;PH100-SD06-G;"WSM PH100-SD06-G Starter; Sea-Doo 1503 / 1630 4-Tec 03-26";149,02
WSM;PH100-SD02-G;"WSM PH100-SD02-G Starter; Sea-Doo 580 - 720 95-05";149,02
WSM;PH100-SD01-G;"WSM PH100-SD01-G Starter; Sea-Doo 580 / 650 89-94";149,02
WSM;PH100-SD04-G;"WSM PH100-SD04-G Starter; Sea-Doo 800 95-96";149,02
WSM;PH100-SD03-G;"WSM PH100-SD03-G Starter; Sea-Doo 800 97-05";149,02
WSM;PH100-SD05-G;"WSM PH100-SD05-G Starter; Sea-Doo 951 98-07";149,02
WSM;PH100-TS01-G;"WSM PH100-TS01-G Starter; Tiger Shark 640 - 1100 93-99";149,02
WSM;PH100-YA03-G;"WSM PH100-YA03-G Starter; Yamaha 1000 / 1100 02-10";149,02
WSM;PH100-YA06-G;"WSM PH100-YA06-G Starter; Yamaha 1100 4 Cyl 05-15";149,02
WSM;PH100-YA05-R;"WSM PH100-YA05-R Starter; Yamaha 500 89-93";149,02
WSM;PH100-YA01-G;"WSM PH100-YA01-G Starter; Yamaha 650 / 700 90-09";149,02
WSM;PH100-YA04-G;"WSM PH100-YA04-G Starter; Yamaha 760 96-00";149,02
WSM;PH100-YA02-G;"WSM PH100-YA02-G Starter; Yamaha 800 - 1300 95-14";149,02
WSM;335-600-01;"WSM 335-600-01 Trim Cylinder Cap; Mercury / Mariner 200 - 400 Hp 6 Cyl Verado";149,02
WSM;113-5316;"WSM 113-5316 Power Pack; Johnson / Evinrude 40 / 50 Hp CD2 Looper 92-05";149,82
WSM;003-505;"WSM 003-505 Jet Pump Housing; Yamaha 700 - 1200 95-14";150,2
WSM;002-201;"WSM 002-201 Steering Cable; Yamaha 1100 / 1200 / 1800 99-14";150,3
WSM;PH500-M046;"WSM PH500-M046 Fuel Pump; Johnson / Evinrude / OMC / Volvo";150,32
WSM;PH500-M045;"WSM PH500-M045 Fuel Pump; Mercruiser / OMC";150,32
WSM;PH200-T065-K;"WSM PH200-T065-K Mounting Bracket Kit, Powder Coated Steel; Mercruiser";150,32
WSM;PH130-0086;"WSM PH130-0086 Starter; Johnson / Evinrude 85 / 115 Hp 12V CCW ROT 69-70";150,32
WSM;PH130-0011;"WSM PH130-0011 Starter; Mercury / Mariner 40 - 50 Hp Cross Flow 78-97";150,32
WSM;PH200-T072;"WSM PH200-T072 Trim / Tilt Motor; Evinrude 15 - 60 Hp E-TEC";150,32
WSM;PH200-T039;"WSM PH200-T039 Trim / Tilt Motor; Kawasaki 750 - 1100";150,32
WSM;PH200-T015;"WSM PH200-T015 Trim / Tilt Motor; Mercury / Mariner / Mercruiser 200 - 300 Hp";150,32
WSM;PH200-T009;"WSM PH200-T009 Trim / Tilt Motor; OMC 120 - 260 Hp Cobra";150,32
WSM;PH200-T028;"WSM PH200-T028 Trim / Tilt Motor; Volvo Penta";150,32
WSM;100-328-045K;"WSM 100-328-045K Piston Kit; Yamaha 150 - 200 Hp 2.8L 4-Stroke 17-24 .015 Over";150,54
WSM;100-328-05K;"WSM 100-328-05K Piston Kit; Yamaha 150 - 200 Hp 2.8L 4-Stroke 17-24 .020 Over";150,54
WSM;100-328-06K;"WSM 100-328-06K Piston Kit; Yamaha 150 - 200 Hp 2.8L 4-Stroke 17-24 .030 Over";150,54
WSM;100-328K;"WSM 100-328K Piston Kit; Yamaha 150 - 200 Hp 2.8L 4-Stroke 17-24 Standard";150,54
WSM;983-246-01;"WSM 983-246-01 Bearing Carrier Wrench; Mercruiser Bravo 3";151,06
WSM;100-29-045PK;"WSM 100-29-045PK Piston Kit; Mercury / Mariner 175 - 200Hp 2.5L DFI / Pro XS Port .015 Over";151,16
WSM;100-29-05PK;"WSM 100-29-05PK Piston Kit; Mercury / Mariner 175 - 200Hp 2.5L DFI / Pro XS Port .020 Over";151,16
WSM;100-29-06PK;"WSM 100-29-06PK Piston Kit; Mercury / Mariner 175 - 200Hp 2.5L DFI / Pro XS Port .030 Over";151,16
WSM;100-29-07PK;"WSM 100-29-07PK Piston Kit; Mercury / Mariner 175 - 200Hp 2.5L DFI / Pro XS Port .040 Over";151,16
WSM;100-29PK;"WSM 100-29PK Piston Kit; Mercury / Mariner 175 - 200Hp 2.5L DFI / Pro XS Port Standard";151,16
WSM;100-29-045SK;"WSM 100-29-045SK Piston Kit; Mercury / Mariner 175 - 200Hp 2.5L DFI / Pro XS Starboard .015 Over";151,16
WSM;100-29-05SK;"WSM 100-29-05SK Piston Kit; Mercury / Mariner 175 - 200Hp 2.5L DFI / Pro XS Starboard .020 Over";151,16
WSM;100-29-06SK;"WSM 100-29-06SK Piston Kit; Mercury / Mariner 175 - 200Hp 2.5L DFI / Pro XS Starboard .030 Over";151,16
WSM;100-29-07SK;"WSM 100-29-07SK Piston Kit; Mercury / Mariner 175 - 200Hp 2.5L DFI / Pro XS Starboard .040 Over";151,16
WSM;100-29SK;"WSM 100-29SK Piston Kit; Mercury / Mariner 175 - 200Hp 2.5L DFI / Pro XS Starboard Standard";151,16
WSM;778-176;"WSM 778-176 Sensor, Crankshaft; OMC / Volvo";152,51
WSM;449-104;"WSM 449-104 Propeller Shaft; Johnson 40 - 70 Hp Looper 84-01";152,94
WSM;002-052-03;WSM 002-052-03 Nozzle Cable: Yamaha 800 / 1200 99-05;153,26
WSM;54-218-11;"WSM 54-218-11 Top End Rebuild Kit; Honda 500 TRX 05-11 .25mm Over";153,26
WSM;54-218-12;"WSM 54-218-12 Top End Rebuild Kit; Honda 500 TRX 05-11 .5mm Over";153,26
WSM;54-218-13;"WSM 54-218-13 Top End Rebuild Kit; Honda 500 TRX 05-11 .75mm Over";153,26
WSM;54-218-14;"WSM 54-218-14 Top End Rebuild Kit; Honda 500 TRX 05-11 1mm Over";153,26
WSM;54-218-10;"WSM 54-218-10 Top End Rebuild Kit; Honda 500 TRX 05-11 Standard";153,26
WSM;54-610-11;"WSM 54-610-11 Top End Rebuild Kit; Suzuki 500 King Quad 09-25 .25mm Over";153,26
WSM;54-610-12;"WSM 54-610-12 Top End Rebuild Kit; Suzuki 500 King Quad 09-25 .5mm Over";153,26
WSM;54-610-13;"WSM 54-610-13 Top End Rebuild Kit; Suzuki 500 King Quad 09-25 .75mm Over";153,26
WSM;54-610-14;"WSM 54-610-14 Top End Rebuild Kit; Suzuki 500 King Quad 09-25 1mm Over";153,26
WSM;54-610-10;"WSM 54-610-10 Top End Rebuild Kit; Suzuki 500 King Quad 09-25 Standard";153,26
WSM;003-158-14;"WSM 003-158-14 Drive Shaft; Sea Doo 1630 Ace 130 / 170 21-26";153,66
WSM;003-158-13;"WSM 003-158-13 Drive Shaft; Sea Doo 1630 Ace 130 / 170 22-26";153,66
WSM;365-1974;"WSM 365-1974 Rectifier / Regulator; Mercury / Yamaha 200 - 225 Hp 4-Stroke 03-12";153,79
WSM;002-052-10;WSM 002-052-10 Nozzle Cable: Yamaha 1000 / 1100 FX 02-07;154,16
WSM;002-058-14;WSM 002-058-14 Reverse Cable: Yamaha 1100 / 1800 10-12;154,16
WSM;002-058-15;WSM 002-058-15 Reverse Cable: Yamaha 1800 FX 2011;154,16
WSM;PH110-AC17;"WSM PH110-AC17 Starter; Arctic Cat 700 / 1000 Diesel / Cushman Hauler 07-13 / 19-20 / 24";154,16
WSM;PH110-KW19;"WSM PH110-KW19 Starter; Kawasaki 360 Prairie 09-12";154,16
WSM;PH110-KW06;"WSM PH110-KW06 Starter; Kawasaki 620 Mule 1993 / 01-26";154,16
WSM;PH110-KW07;"WSM PH110-KW07 Starter; Kawasaki 950 Mule Diesel 00-13";154,16
WSM;PH100-YA07-R;"WSM PH100-YA07-R Starter; Yamaha 1800 / 1900 08-26";154,16
WSM;002-052-22;WSM 002-052-22 Steering Cable: Yamaha 1050 EX-R 20-21;154,16
WSM;002-052-20;"WSM 002-052-20 Steering Cable: Yamaha 1050; EX 17-24";154,16
WSM;002-051-03;"WSM 002-051-03 Steering Cable; Yamaha 1100 Wave Venture 96-97";154,16
WSM;003-256;"WSM 003-256 Coupler Shaft; Yamaha 760 Wave Blaster 96-97";154,74
WSM;003-151;"WSM 003-151 Drive Shaft; Sea-Doo 800 XP 1995";154,74
WSM;600-081;"WSM 600-081 Fuel Pump; Suzuki 70 - 140 Hp 4-Stroke";155,71
WSM;45-705;"WSM 45-705 Connecting Rod; KTM 250 SX-F / XC-F 16-22";155,78
WSM;45-545;"WSM 45-545 Connecting Rod; Yamaha 550 / 700 Grizzly / Raptor / Rhino 06-14";155,78
WSM;362-210;"WSM 362-210 Ignition Switch; Johnson / Evinrude Dual Ignition";155,78
WSM;010-7026;"WSM 010-7026 Oil Radiator; Sea-Doo 1630 4-Tec 300 / 325 Hp 18-26";155,78
WSM;002-204;"WSM 002-204 Steering Cable; Yamaha 1800 06-16";156,08
WSM;003-163;"WSM 003-163 Drive Shaft; Sea-Doo 720 / 800 HX / XP 95-97";156,23
WSM;003-169;"WSM 003-169 Drive Shaft; Sea-Doo 800 / 951 99-05";156,23
WSM;002-052-08;WSM 002-052-08 Nozzle Cable: Yamaha 800 / 1200 00-03;156,48
WSM;PH500-M038;"WSM PH500-M038 Fuel Pump; OMC Cobra";156,9
WSM;600-106-02;"WSM 600-106-02 Fuel Pump; Yamaha 150 Hp 4-Stroke 04-22";157,1
WSM;340-707;"WSM 340-707 Starter; Yamaha 25-40 Hp 4 Stroke 08-24";157,44
WSM;PH300-0003;"WSM PH300-0003 Alternator; Delco";157,61
WSM;PH300-0004;"WSM PH300-0004 Alternator; Delco";157,61
WSM;PH140-0017;"WSM PH140-0017 Starter; Mercruiser / OMC  / Volvo 12 V 11 Tooth CW Rot";157,61
WSM;PH140-0020;"WSM PH140-0020 Starter; Mercruiser / OMC / Volvo 12 V 11 Tooth CW Rot";157,61
WSM;PH140-0009;"WSM PH140-0009 Starter; Yanmar 14 - 56 Hp 12 V 11 Tooth CW Rot";157,61
WSM;PH140-0007;"WSM PH140-0007 Starter; Yanmar 40 - 100 Hp 12 V 8 Tooth CW Rot";157,61
WSM;003-155-03;"WSM 003-155-03 Drive Shaft; Polaris 1200 Genesis 99-04";157,72
WSM;003-505-01;"WSM 003-505-01 Jet Pump Housing; Yamaha 760 Blaster 96-97";157,72
WSM;002-202;"WSM 002-202 Steering Cable; Yamaha 1000 / 1100 03-06";158,02
WSM;PH300-0022;"WSM PH300-0022 Alternator; Mercruiser";159,07
WSM;PH300-0013;"WSM PH300-0013 Alternator; Mercruiser / OMC";159,07
WSM;25-653;"WSM 25-653 Full Gasket Kit; Honda 250 CRF-R 18-20";159,3
WSM;25-673;"WSM 25-673 Full Gasket Kit; Honda 450 CRF-R / X 19-26";159,3
WSM;002-217;"WSM 002-217 Reverse Cable; Yamaha 1000 - 1900 190 - 255 Jet Boat  19-26";159,96
WSM;983-107;"WSM 983-107 Thread Chaser / Nut Installer Tool; Mercury Verado";159,98
WSM;003-169-01;"WSM 003-169-01 Drive Shaft; Sea-Doo 720 Challenger / Sportster 96-02";160,13
WSM;003-164-01;"WSM 003-164-01 Drive Shaft; Sea-Doo 800 Challenger 1996";160,13
WSM;WSM-225;"WSM WSM-225 Intake Grate; Kawasaki 800 SX-R 03-11";160,48
WSM;WSM-230;"WSM WSM-230 Intake Grate; Sea-Doo 1503 / 1630 RXP X 260 / 300 12-16";160,48
WSM;WSM-243;"WSM WSM-243 Intake Grate; Sea-Doo 1503 GTI /  GTR / GTS 11-19";160,48
WSM;WSM-226;"WSM WSM-226 Intake Grate; Sea-Doo 1503 GTI 06-10";160,48
WSM;WSM-235;"WSM WSM-235 Intake Grate; Sea-Doo 1503 GTX / RXT 09-16";160,48
WSM;WSM-223;"WSM WSM-223 Intake Grate; Sea-Doo 1503 RXP S/C 04-09";160,48
WSM;WSM-229;"WSM WSM-229 Intake Grate; Sea-Doo 1503 RXP-X / RXT-X 2008";160,48
WSM;WSM-221;"WSM WSM-221 Intake Grate; Sea-Doo 951 / 1503 GTX / RXT 98-06";160,48
WSM;WSM-224;"WSM WSM-224 Intake Grate; Yamaha 1000 / 1100 FX / HO 02-08";160,48
WSM;WSM-205;"WSM WSM-205 Intake Grate; Yamaha 650 / 701 Super Jet 90-17";160,48
WSM;WSM-228;"WSM WSM-228 Intake Grate; Yamaha 700 Super Jet 08-17";160,48
WSM;WSM-218;"WSM WSM-218 Intake Grate; Yamaha 800 - 1300 GP / GP-R";160,48
WSM;010-863PK;"WSM 010-863PK Piston Kit; Sea-Doo / Can-Am 900 14-25 Platinum Dished 9.5:1 Compression";160,48
WSM;600-138;"WSM 600-138 Fuel Pump, High Pressure; OMC / Volvo";160,51
WSM;502-124;"WSM 502-124 Gasket Set, Lower Conversion; 5.0 / 5.7L 305 / 350 CI.";160,54
WSM;010-821-10;"WSM 010-821-10 Top End Rebuild Kit; Kawasaki 750 95-02 Standard";160,58
WSM;010-816-11;"WSM 010-816-11 Top End Rebuild Kit; Sea-Doo 650 94-96 .25mm Over";160,58
WSM;010-816-12;"WSM 010-816-12 Top End Rebuild Kit; Sea-Doo 650 94-96 .5mm Over";160,58
WSM;010-816-13;"WSM 010-816-13 Top End Rebuild Kit; Sea-Doo 650 94-96 .75mm Over";160,58
WSM;010-816-14;"WSM 010-816-14 Top End Rebuild Kit; Sea-Doo 650 94-96 1mm Over";160,58
WSM;010-816-10;"WSM 010-816-10 Top End Rebuild Kit; Sea-Doo 650 94-96 Standard";160,58
WSM;010-817-11;"WSM 010-817-11 Top End Rebuild Kit; Sea-Doo 720 95-03 .25mm Over";160,58
WSM;010-817-12;"WSM 010-817-12 Top End Rebuild Kit; Sea-Doo 720 95-03 .5mm Over";160,58
WSM;010-817-13;"WSM 010-817-13 Top End Rebuild Kit; Sea-Doo 720 95-03 .75mm Over";160,58
WSM;010-817-14;"WSM 010-817-14 Top End Rebuild Kit; Sea-Doo 720 95-03 1mm Over";160,58
WSM;010-817-10;"WSM 010-817-10 Top End Rebuild Kit; Sea-Doo 720 95-03 Standard";160,58
WSM;010-818-11;"WSM 010-818-11 Top End Rebuild Kit; Sea-Doo 800 95-03 .25mm Over";160,58
WSM;010-818-12;"WSM 010-818-12 Top End Rebuild Kit; Sea-Doo 800 95-03 .5mm Over";160,58
WSM;010-818-13;"WSM 010-818-13 Top End Rebuild Kit; Sea-Doo 800 95-03 .75mm Over";160,58
WSM;010-818-14;"WSM 010-818-14 Top End Rebuild Kit; Sea-Doo 800 95-03 1mm Over";160,58
WSM;010-818-10;"WSM 010-818-10 Top End Rebuild Kit; Sea-Doo 800 95-03 Standard";160,58
WSM;779-180;"WSM 779-180 Valve, IAC; OMC / Volvo";160,63
WSM;600-171;"WSM 600-171 Fuel Pump; Mercruiser / OMC";160,84
WSM;007-679-01;"WSM 007-679-01 Top End Gasket Kit; Yamaha 1050 16-26";161,87
WSM;54-546-11;"WSM 54-546-11 Top End Rebuild Kit; Yamaha 700 Grizzly / Rhino 07-14 .25mm Over";161,87
WSM;54-546-12;"WSM 54-546-12 Top End Rebuild Kit; Yamaha 700 Grizzly / Rhino 07-14 .5mm Over";161,87
WSM;54-546-13;"WSM 54-546-13 Top End Rebuild Kit; Yamaha 700 Grizzly / Rhino 07-14 .75mm Over";161,87
WSM;54-546-14;"WSM 54-546-14 Top End Rebuild Kit; Yamaha 700 Grizzly / Rhino 07-14 1mm Over";161,87
WSM;54-546-10;"WSM 54-546-10 Top End Rebuild Kit; Yamaha 700 Grizzly / Rhino 07-14 Standard";161,87
WSM;54-546-21;"WSM 54-546-21 Top End Rebuild Kit; Yamaha 700 Raptor 06-26 .25mm Over";161,87
WSM;54-546-22;"WSM 54-546-22 Top End Rebuild Kit; Yamaha 700 Raptor 06-26 .5mm Over";161,87
WSM;54-546-23;"WSM 54-546-23 Top End Rebuild Kit; Yamaha 700 Raptor 06-26 .75mm Over";161,87
WSM;54-546-24;"WSM 54-546-24 Top End Rebuild Kit; Yamaha 700 Raptor 06-26 1mm Over";161,87
WSM;54-546-20;"WSM 54-546-20 Top End Rebuild Kit; Yamaha 700 Raptor 06-26 Standard";161,87
WSM;003-255;"WSM 003-255 Coupler Shaft; Yamaha 800 / 1200 / 1300 01-08";162,25
WSM;PH140-0017-S;"WSM PH140-0017-S Starter; Mercruiser 4.5L - 6.2 Liter  V6 - V8";163,2
WSM;010-495K;"WSM 010-495K Power Valve Rebuild Kit; Sea-Doo 800 95-98";163,68
WSM;010-495-01K;"WSM 010-495-01K Power Valve Rebuild Kit; Sea-Doo 800 RFI 98-04";163,68
WSM;010-496K;"WSM 010-496K Power Valve Rebuild Kit; Sea-Doo 951 98-02";163,68
WSM;010-498K;"WSM 010-498K Power Valve Rebuild Kit; Sea-Doo 951 DI 00-07";163,68
WSM;002-046-09;WSM 002-046-09 Steering Cable: Sea-Doo 900 Spark 14-25;163,68
WSM;010-131;"WSM 010-131 Supercharger One Way Bearing; Yamaha 1800 11-21";163,68
WSM;500-320;"WSM 500-320 Gasket Kit, Powerhead; Mercury / Mariner / Yamaha 30 / 40 Hp 4-Stroke 01-21";163,75
WSM;007-675-01;"WSM 007-675-01 Top End Gasket Kit; Yamaha 1800 11-23";163,75
WSM;007-673-01;"WSM 007-673-01 Top End Gasket Kit; Yamaha 1800 FX HO / VXR / VXS 09-12";163,75
WSM;007-674-01;"WSM 007-674-01 Top End Gasket Kit; Yamaha 1800 FX SHO / FZR / FZS 08-10";163,75
WSM;007-676-01;"WSM 007-676-01 Top End Gasket Kit; Yamaha 1800 SHO / FZR / FZS 11-16";163,75
WSM;007-677-01;"WSM 007-677-01 Top End Gasket Kit; Yamaha 1800 SVHO / FZR / FZS / GP 14-20";163,75
WSM;365-1976;"WSM 365-1976 Rectifier / Regulator; Yamaha 200 - 300 Hp 2-Stroke 03-07";163,79
WSM;60-430-02;WSM 60-430-02 Strut, Front Gas: Polaris 250-400 85-99;164,2
WSM;PH600-0001;"WSM PH600-0001 Water Pump; Chrysler I/O";164,51
WSM;PH600-0002;"WSM PH600-0002 Water Pump; Mercruiser / OMC / Volvo Big Block GM";164,51
WSM;54-254-11;"WSM 54-254-11 Top End Rebuild Kit; Kawasaki / Suzuki 400 00-24 .25mm Over";164,86
WSM;54-254-12;"WSM 54-254-12 Top End Rebuild Kit; Kawasaki / Suzuki 400 00-24 .5mm Over";164,86
WSM;54-254-13;"WSM 54-254-13 Top End Rebuild Kit; Kawasaki / Suzuki 400 00-24 .75mm Over";164,86
WSM;54-254-14;"WSM 54-254-14 Top End Rebuild Kit; Kawasaki / Suzuki 400 00-24 1mm Over";164,86
WSM;54-254-10;"WSM 54-254-10 Top End Rebuild Kit; Kawasaki / Suzuki 400 00-24 Standard";164,86
WSM;PH500-M016;"WSM PH500-M016 Fuel Pump; Mercruiser";164,92
WSM;PH500-M051;"WSM PH500-M051 Fuel Pump; Mercruiser / OMC";164,92
WSM;PH140-0006;"WSM PH140-0006 Starter; Mercruiser 460 Magnet Gear Reduction 12 V 10 Tooth CW Rot";164,92
WSM;PH140-0004-CCW;"WSM PH140-0004-CCW Starter; OMC / Volvo Magnet Gear Reduction 12 V 10 Tooth CCW Rot";164,92
WSM;PH140-0005;"WSM PH140-0005 Starter; OMC Magnet Gear Reduction 12 V 10 Tooth CW Rot";164,92
WSM;PH400-0008;"WSM PH400-0008 Stator; Mercury / Mariner 6 - 20 Hp 2 Cyl 94-98";164,92
WSM;PH200-T006;"WSM PH200-T006 Trim / Tilt Motor; Johnson / Evinrude 130 / 200 - 250 Hp Looper 98-01";164,92
WSM;PH200-T020;"WSM PH200-T020 Trim / Tilt Motor; Johnson / Evinrude 70 - 235 Hp";164,92
WSM;PH200-T004;"WSM PH200-T004 Trim / Tilt Motor; Johnson / Evinrude 90 - 250 Hp";164,92
WSM;50-303-04K;"WSM 50-303-04K Piston Kit; Polaris 325 00-02 .25mm Over";165,17
WSM;50-303-05K;"WSM 50-303-05K Piston Kit; Polaris 325 00-02 .5mm Over";165,17
WSM;50-303-06K;"WSM 50-303-06K Piston Kit; Polaris 325 00-02 .75mm Over";165,17
WSM;50-303-07K;"WSM 50-303-07K Piston Kit; Polaris 325 00-02 1mm Over";165,17
WSM;50-303K;"WSM 50-303K Piston Kit; Polaris 325 00-02 Standard";165,17
WSM;004-814;"WSM 004-814 Fuel Pump, Kit; Kawasaki 1500 STX 160 20-23";165,65
WSM;444-330;WSM 444-330 Clutch Dog  Mercury / Mariner 110 - 250 Hp 12:21 Gear Ratio;166,31
WSM;600-117;"WSM 600-117 Fuel Pump; Mercury 30 - 60 Hp 4-Stroke EFI";166,58
WSM;002-046-03;WSM 002-046-03 Steering Cable: Sea-Doo 800 / 951 99-02;167,02
WSM;002-051-15;WSM 002-051-15 Steering Cable: Yamaha 1800 GP 17-20;167,02
WSM;010-820-11;"WSM 010-820-11 Top End Rebuild Kit; Kawasaki 750 92-95 .25mm Over";167,02
WSM;010-820-12;"WSM 010-820-12 Top End Rebuild Kit; Kawasaki 750 92-95 .5mm Over";167,02
WSM;010-820-13;"WSM 010-820-13 Top End Rebuild Kit; Kawasaki 750 92-95 .75mm Over";167,02
WSM;010-820-14;"WSM 010-820-14 Top End Rebuild Kit; Kawasaki 750 92-95 1mm Over";167,02
WSM;010-820-10;"WSM 010-820-10 Top End Rebuild Kit; Kawasaki 750 92-95 Standard";167,02
WSM;010-852-12;"WSM 010-852-12 Top End Rebuild Kit; Tiger Shark 900 Monte Carlo / Tigershark 95-96 .5mm Over";167,02
WSM;010-852-13;"WSM 010-852-13 Top End Rebuild Kit; Tiger Shark 900 Monte Carlo / Tigershark 95-96 .75mm Over";167,02
WSM;010-852-14;"WSM 010-852-14 Top End Rebuild Kit; Tiger Shark 900 Monte Carlo / Tigershark 95-96 1mm Over";167,02
WSM;361-7452K1;"WSM 361-7452K1 Switch Box; Mercury / Mariner 6 - 35 Hp 2 Cylinder 84-95";167,48
WSM;003-251;"WSM 003-251 Coupler Shaft; Yamaha 700 / 760 95-04";167,94
WSM;003-730;"WSM 003-730 Jet Pump Vein Stator; Yamaha 800 - 1300 99-18";167,94
WSM;600-131;"WSM 600-131 Fuel Pump; Mercury / Mariner / Yamaha 50 - 100 Hp 4-Stroke 05-22";168,23
WSM;363-6617K1;"WSM 363-6617K1 Stator; Mercury / Mariner 6 - 25 Hp 2 Cyl 94-98";168,23
WSM;PH100-KW02-G;"WSM PH100-KW02-G Starter; Kawasaki 400 - 550 76-95";168,3
WSM;010-801-11;"WSM 010-801-11 Top End Rebuild Kit; Yamaha 500 89-93; .25mm Over";168,74
WSM;010-801-12;"WSM 010-801-12 Top End Rebuild Kit; Yamaha 500 89-93; .5mm Over";168,74
WSM;010-801-13;"WSM 010-801-13 Top End Rebuild Kit; Yamaha 500 89-93; .75mm Over";168,74
WSM;010-801-14;"WSM 010-801-14 Top End Rebuild Kit; Yamaha 500 89-93; 1mm Over";168,74
WSM;010-801-10;"WSM 010-801-10 Top End Rebuild Kit; Yamaha 500 89-93; Standard";168,74
WSM;600-126;"WSM 600-126 Fuel Pump; Mercruiser With Cool Fuel System";169,98
WSM;385-215;"WSM 385-215 O2 Sensor; Honda 200 / 225 Hp BF 02-10";169,98
WSM;600-146-01;"WSM 600-146-01 Fuel Pump; Johnson / Evinrude 75 - 225 Hp FICHT Only";170
WSM;120-100-24;"WSM 120-100-24 Valve Stem Seal; Mercury / Yamaha 150 - 350 Hp 3.3 / 5.3L 4-Stroke 02-11 24 PK";170,27
WSM;600-101;"WSM 600-101 Fuel Pump; Universal  12V 72 GPH 5.75 PSI";170,77
WSM;500-350;"WSM 500-350 Gasket Kit, Powerhead; Yamaha 150 / 200 Hp V6 EFI 99-05";171,12
WSM;007-670-01;"WSM 007-670-01 Top End Gasket Kit; Yamaha 1000 FX 02-08";171,12
WSM;007-671-01;"WSM 007-671-01 Top End Gasket Kit; Yamaha 1100 FX HO 04-08";171,12
WSM;PH500-M029;"WSM PH500-M029 Fuel Pump; Mercury / Mariner / Yamaha 50 - 100 Hp 4-Stroke 05-22";172,21
WSM;PH200-T067B-K;WSM PH200-T067B-K LATE METAL BRACKET & WIRING KIT FOR MERCURY;172,21
WSM;PH375-0057;"WSM PH375-0057 Starter Solenoid; Mercury 12V";172,21
WSM;002-058-13;WSM 002-058-13 Reverse Cable: Yamaha 1800 FZR / FZS 09-10;173,44
WSM;010-821-11;"WSM 010-821-11 Top End Rebuild Kit; Kawasaki 750 95-02 .25mm Over";173,44
WSM;010-821-12;"WSM 010-821-12 Top End Rebuild Kit; Kawasaki 750 95-02 .5mm Over";173,44
WSM;010-821-13;"WSM 010-821-13 Top End Rebuild Kit; Kawasaki 750 95-02 .75mm Over";173,44
WSM;010-821-14;"WSM 010-821-14 Top End Rebuild Kit; Kawasaki 750 95-02 1mm Over";173,44
WSM;010-832-11;"WSM 010-832-11 Top End Rebuild Kit; Polaris 700 96-04 .25mm Over";173,44
WSM;010-832-12;"WSM 010-832-12 Top End Rebuild Kit; Polaris 700 96-04 .5mm Over";173,44
WSM;010-832-13;"WSM 010-832-13 Top End Rebuild Kit; Polaris 700 96-04 .75mm Over";173,44
WSM;010-832-14;"WSM 010-832-14 Top End Rebuild Kit; Polaris 700 96-04 1mm Over";173,44
WSM;010-832-10;"WSM 010-832-10 Top End Rebuild Kit; Polaris 700 96-04 Standard";173,44
WSM;010-835-11;"WSM 010-835-11 Top End Rebuild Kit; Polaris 800 Octane / Virage 02-04 .25mm Over";173,44
WSM;010-835-12;"WSM 010-835-12 Top End Rebuild Kit; Polaris 800 Octane / Virage 02-04 .5mm Over";173,44
WSM;010-835-13;"WSM 010-835-13 Top End Rebuild Kit; Polaris 800 Octane / Virage 02-04 .75mm Over";173,44
WSM;010-835-14;"WSM 010-835-14 Top End Rebuild Kit; Polaris 800 Octane / Virage 02-04 1mm Over";173,44
WSM;010-835-10;"WSM 010-835-10 Top End Rebuild Kit; Polaris 800 Octane / Virage 02-04 Standard";173,44
WSM;010-816-11P;"WSM 010-816-11P Top End Rebuild Kit; Sea-Doo 650 94-96 .25mm Over Platinum";173,44
WSM;010-816-12P;"WSM 010-816-12P Top End Rebuild Kit; Sea-Doo 650 94-96 .5mm Over Platinum";173,44
WSM;010-816-13P;"WSM 010-816-13P Top End Rebuild Kit; Sea-Doo 650 94-96 .75mm Over Platinum";173,44
WSM;010-816-14P;"WSM 010-816-14P Top End Rebuild Kit; Sea-Doo 650 94-96 1mm Over Platinum";173,44
WSM;010-816-10P;"WSM 010-816-10P Top End Rebuild Kit; Sea-Doo 650 94-96 Standard Platinum";173,44
WSM;010-817-11P;"WSM 010-817-11P Top End Rebuild Kit; Sea-Doo 720 95-03 .25mm Over Platinum";173,44
WSM;010-817-12P;"WSM 010-817-12P Top End Rebuild Kit; Sea-Doo 720 95-03 .5mm Over Platinum";173,44
WSM;010-817-13P;"WSM 010-817-13P Top End Rebuild Kit; Sea-Doo 720 95-03 .75mm Over Platinum";173,44
WSM;010-817-14P;"WSM 010-817-14P Top End Rebuild Kit; Sea-Doo 720 95-03 1mm Over Platinum";173,44
WSM;010-817-10P;"WSM 010-817-10P Top End Rebuild Kit; Sea-Doo 720 95-03 Standard Platinum";173,44
WSM;010-818-11P;"WSM 010-818-11P Top End Rebuild Kit; Sea-Doo 800 95-03 .25mm Over Platinum";173,44
WSM;010-818-12P;"WSM 010-818-12P Top End Rebuild Kit; Sea-Doo 800 95-03 .5mm Over Platinum";173,44
WSM;010-818-13P;"WSM 010-818-13P Top End Rebuild Kit; Sea-Doo 800 95-03 .75mm Over Platinum";173,44
WSM;010-818-14P;"WSM 010-818-14P Top End Rebuild Kit; Sea-Doo 800 95-03 1mm Over Platinum";173,44
WSM;010-818-10P;"WSM 010-818-10P Top End Rebuild Kit; Sea-Doo 800 95-03 Standard Platinum";173,44
WSM;010-808-11;"WSM 010-808-11 Top End Rebuild Kit; Sea-Doo 800 RFI 99-05; .25mm Over";173,44
WSM;010-808-12;"WSM 010-808-12 Top End Rebuild Kit; Sea-Doo 800 RFI 99-05; .5mm Over";173,44
WSM;010-808-13;"WSM 010-808-13 Top End Rebuild Kit; Sea-Doo 800 RFI 99-05; .75mm Over";173,44
WSM;010-808-14;"WSM 010-808-14 Top End Rebuild Kit; Sea-Doo 800 RFI 99-05; 1mm Over";173,44
WSM;010-808-10;"WSM 010-808-10 Top End Rebuild Kit; Sea-Doo 800 RFI 99-05; Standard";173,44
WSM;010-827-11;"WSM 010-827-11 Top End Rebuild Kit; Yamaha 700 94-04 .25mm Over";173,44
WSM;010-827-12;"WSM 010-827-12 Top End Rebuild Kit; Yamaha 700 94-04 .5mm Over";173,44
WSM;010-827-13;"WSM 010-827-13 Top End Rebuild Kit; Yamaha 700 94-04 .75mm Over";173,44
WSM;010-827-14;"WSM 010-827-14 Top End Rebuild Kit; Yamaha 700 94-04 1mm Over";173,44
WSM;010-827-10;"WSM 010-827-10 Top End Rebuild Kit; Yamaha 700 94-04 Standard";173,44
WSM;PH130-0006;"WSM PH130-0006 Starter; Johnson / Mercury / Nissan / Suzuki 15 - 70 Hp 80-08";173,68
WSM;PH130-0034;"WSM PH130-0034 Starter; Mercury / Mariner 8 - 15 Hp 4-Stroke 98-06";173,68
WSM;PH130-0084;"WSM PH130-0084 Starter; Yamaha 9.9 / 15 Hp 4-Stroke 12V CCW ROT 98-07";173,68
WSM;PH200-VB01;"WSM PH200-VB01 Tilt / Trim Valve Body; Force 90 / 120 / 150 Hp";173,68
WSM;PH200-VB02;"WSM PH200-VB02 Tilt / Trim Valve Body; OMC";173,68
WSM;PH200-T069;"WSM PH200-T069 Trim / Tilt Motor; Mercury / Yamaha 200 - 300 Hp";173,68
WSM;PH200-T057;"WSM PH200-T057 Trim / Tilt Motor; Nissan / Yamaha 115 - 225 Hp";173,68
WSM;PH200-T056;"WSM PH200-T056 Trim / Tilt Motor; OMC / Nissan / Tohatsu 70 - 140 Hp";173,68
WSM;500-355;"WSM 500-355 Gasket Kit, Powerhead; Yamaha 200 - 250 Hp V6 EFI 97-05";174,1
WSM;983-300;"WSM 983-300 Gimbal Bearing Puller; Mercruiser";174,1
WSM;010-862-05K;"WSM 010-862-05K Piston Kit; Sea-Doo 1503 4-Tec 04-17 .5mm Over";174,1
WSM;010-862-07K;"WSM 010-862-07K Piston Kit; Sea-Doo 1503 4-Tec 04-17 1mm Over";174,1
WSM;010-862K;"WSM 010-862K Piston Kit; Sea-Doo 1503 4-Tec 04-17 Standard";174,1
WSM;004-212;"WSM 004-212 CDI Box; Yamaha 650 / 700 90-95";174,11
WSM;004-203;"WSM 004-203 Armature / Stator Coil; Sea-Doo 1503 / 1630 4-Tec 06-17";174,12
WSM;004-203-02;"WSM 004-203-02 Armature / Stator Coil; Sea-Doo 1503 / 1630 4-Tec 18-26";174,12
WSM;600-119;"WSM 600-119 Fuel Pump; Mercury / Mariner 150 - 300 Hp 01-10";174,47
WSM;50-606AK;"WSM 50-606AK Piston Kit; Suzuki 750 King Quad 08-25 Standard A";175,07
WSM;50-606BK;"WSM 50-606BK Piston Kit; Suzuki 750 King Quad 08-25 Standard B";175,07
WSM;50-606CK;"WSM 50-606CK Piston Kit; Suzuki 750 King Quad 08-25 Standard C";175,07
WSM;600-114;"WSM 600-114 Fuel Pump, Hi-Pressure; Mercury / Mariner 75 - 300 Hp";175,37
WSM;600-089;"WSM 600-089 Fuel Pump; Mercury / Mariner / Mercruiser 65 - 450 Hp EFI / 4.5LMPI";175,37
WSM;600-113;"WSM 600-113 Fuel Pump; Mercury / Mariner 135 - 225 Hp DFI";175,37
WSM;010-813-12;"WSM 010-813-12 Top End Rebuild Kit; Kawasaki 550 SX 91-95 .5mm";177,06
WSM;010-813-14;"WSM 010-813-14 Top End Rebuild Kit; Kawasaki 550 SX 91-95 1mm";177,06
WSM;010-813-10;"WSM 010-813-10 Top End Rebuild Kit; Kawasaki 550 SX 91-95 Standard";177,06
WSM;003-176;"WSM 003-176 Drive Shaft; Yamaha 760 Wave Blaster 96-97";177,13
WSM;PH110-HN08;"WSM PH110-HN08 Starter; Honda 200 ATC / TRX 82-85";177,3
WSM;PH300-0003-HO;"WSM PH300-0003-HO Alternator; Delco";178,06
WSM;PH300-0004-HO;"WSM PH300-0004-HO Alternator; Delco";178,06
WSM;PH300-0022-HO;"WSM PH300-0022-HO Alternator; Mercruiser";178,06
WSM;PH300-0013-HO;"WSM PH300-0013-HO Alternator; Mercruiser / OMC";178,06
WSM;PH300-0007;"WSM PH300-0007 Alternator; OMC";178,06
WSM;PH300-0020;"WSM PH300-0020 Alternator; Yanmar 24 - 51 Hp 83-15";178,06
WSM;PH130-0008;"WSM PH130-0008 Starter; Johnson / Evinrude 130 - 300 Hp 85-17";178,06
WSM;010-802-11;"WSM 010-802-11 Top End Rebuild Kit; Yamaha 650 90-96; .25mm Over";178,12
WSM;010-802-12;"WSM 010-802-12 Top End Rebuild Kit; Yamaha 650 90-96; .5mm Over";178,12
WSM;010-802-13;"WSM 010-802-13 Top End Rebuild Kit; Yamaha 650 90-96; .75mm Over";178,12
WSM;010-802-14;"WSM 010-802-14 Top End Rebuild Kit; Yamaha 650 90-96; 1mm Over";178,12
WSM;010-802-10;"WSM 010-802-10 Top End Rebuild Kit; Yamaha 650 90-96; Standard";178,12
WSM;363-5454A26;"WSM 363-5454A26 Stator; Mercury / Mariner 75 - 85 Hp 4 Cyl Cross Flow 76-86";178,46
WSM;003-406-01;"WSM 003-406-01 Bearing Housing; Yamaha 1800 / 1900 08-26";178,57
WSM;002-051-07;"WSM 002-051-07 Steering Cable; Yamaha 1000 / 1100 FX 02-04";178,57
WSM;002-051-12;"WSM 002-051-12 Steering Cable; Yamaha 1800 FZR / FZS 09-10";178,57
WSM;010-815-21;"WSM 010-815-21 Top End Rebuild Kit; Sea-Doo 580 89-91 .25mm Over";178,57
WSM;010-815-22;"WSM 010-815-22 Top End Rebuild Kit; Sea-Doo 580 89-91 .5mm Over";178,57
WSM;010-815-23;"WSM 010-815-23 Top End Rebuild Kit; Sea-Doo 580 89-91 .75mm Over";178,57
WSM;010-815-24;"WSM 010-815-24 Top End Rebuild Kit; Sea-Doo 580 89-91 1mm Over";178,57
WSM;010-815-20;"WSM 010-815-20 Top End Rebuild Kit; Sea-Doo 580 89-91 Standard";178,57
WSM;54-520-11P;"WSM 54-520-11P Top End Rebuild Kit; Yamaha 350 Banshee 87-06 .25mm Over Platinum";178,57
WSM;54-520-12P;"WSM 54-520-12P Top End Rebuild Kit; Yamaha 350 Banshee 87-06 .5mm Over Platinum";178,57
WSM;54-520-13P;"WSM 54-520-13P Top End Rebuild Kit; Yamaha 350 Banshee 87-06 .75mm Over Platinum";178,57
WSM;54-520-14P;"WSM 54-520-14P Top End Rebuild Kit; Yamaha 350 Banshee 87-06 1mm Over Platinum";178,57
WSM;54-520-10P;"WSM 54-520-10P Top End Rebuild Kit; Yamaha 350 Banshee 87-06 Standard Platinum";178,57
WSM;PH100-YA07;"WSM PH100-YA07 Starter; Yamaha 1800 / 1900 08-26";178,58
WSM;PH100-YA05;"WSM PH100-YA05 Starter; Yamaha 500 89-93";178,58
WSM;600-111-01;"WSM 600-111-01 Fuel Pump; Johnson / Evinrude / Suzuki 40 - 70 Hp 4-Stroke";179,66
WSM;007-614;"WSM 007-614 Complete Gasket Kit; Yamaha 1200 Power Valve 99-01";179,87
WSM;007-615-02;"WSM 007-615-02 Complete Gasket Kit; Yamaha 1300 GP-R 05-08";179,87
WSM;003-508-01;"WSM 003-508-01 Jet Pump Housing; Yamaha 800 - 1800 99-19 Stainless";179,87
WSM;002-046-10;WSM 002-046-10 Steering Cable: Sea-Doo 1503 / 1630 18-25;179,87
WSM;002-051-02;"WSM 002-051-02 Steering Cable; Yamaha 800 / 1200 GP 00-03";179,87
WSM;010-820-11P;"WSM 010-820-11P Top End Rebuild Kit; Kawasaki 750 92-95 .25mm Over Platinum";179,87
WSM;010-820-12P;"WSM 010-820-12P Top End Rebuild Kit; Kawasaki 750 92-95 .5mm Over Platinum";179,87
WSM;010-820-13P;"WSM 010-820-13P Top End Rebuild Kit; Kawasaki 750 92-95 .75mm Over Platinum";179,87
WSM;010-820-14P;"WSM 010-820-14P Top End Rebuild Kit; Kawasaki 750 92-95 1mm Over Platinum";179,87
WSM;010-820-10P;"WSM 010-820-10P Top End Rebuild Kit; Kawasaki 750 92-95 Standard Platinum";179,87
WSM;010-808-11P;"WSM 010-808-11P Top End Rebuild Kit; Sea-Doo 800 RFI 99-05; .25mm Over Platinum";179,87
WSM;010-808-12P;"WSM 010-808-12P Top End Rebuild Kit; Sea-Doo 800 RFI 99-05; .5mm Over Platinum";179,87
WSM;010-808-13P;"WSM 010-808-13P Top End Rebuild Kit; Sea-Doo 800 RFI 99-05; .75mm Over Platinum";179,87
WSM;010-808-14P;"WSM 010-808-14P Top End Rebuild Kit; Sea-Doo 800 RFI 99-05; 1mm Over Platinum";179,87
WSM;010-808-10P;"WSM 010-808-10P Top End Rebuild Kit; Sea-Doo 800 RFI 99-05; Standard Platinum";179,87
WSM;010-850-11;"WSM 010-850-11 Top End Rebuild Kit; Tiger Shark 640 94-99 .25mm Over";179,87
WSM;010-850-12;"WSM 010-850-12 Top End Rebuild Kit; Tiger Shark 640 94-99 .5mm Over";179,87
WSM;010-850-13;"WSM 010-850-13 Top End Rebuild Kit; Tiger Shark 640 94-99 .75mm Over";179,87
WSM;010-850-14;"WSM 010-850-14 Top End Rebuild Kit; Tiger Shark 640 94-99 1mm Over";179,87
WSM;010-850-10;"WSM 010-850-10 Top End Rebuild Kit; Tiger Shark 640 94-99 Standard";179,87
WSM;010-851-11;"WSM 010-851-11 Top End Rebuild Kit; Tiger Shark 770 96-99 .25mm Over";179,87
WSM;010-851-12;"WSM 010-851-12 Top End Rebuild Kit; Tiger Shark 770 96-99 .5mm Over";179,87
WSM;010-851-13;"WSM 010-851-13 Top End Rebuild Kit; Tiger Shark 770 96-99 .75mm Over";179,87
WSM;010-851-14;"WSM 010-851-14 Top End Rebuild Kit; Tiger Shark 770 96-99 1mm Over";179,87
WSM;010-851-10;"WSM 010-851-10 Top End Rebuild Kit; Tiger Shark 770 96-99 Standard";179,87
WSM;010-825-21;"WSM 010-825-21 Top End Rebuild Kit; Yahama 700 Super Jet 96-20 .25mm Over";179,87
WSM;010-825-22;"WSM 010-825-22 Top End Rebuild Kit; Yahama 700 Super Jet 96-20 .50mm Over";179,87
WSM;010-825-23;"WSM 010-825-23 Top End Rebuild Kit; Yahama 700 Super Jet 96-20 .75mm Over";179,87
WSM;010-825-24;"WSM 010-825-24 Top End Rebuild Kit; Yahama 700 Super Jet 96-20 1mm Over";179,87
WSM;010-825-20;"WSM 010-825-20 Top End Rebuild Kit; Yahama 700 Super Jet 96-20 Standard";179,87
WSM;010-825-11;"WSM 010-825-11 Top End Rebuild Kit; Yamaha 700 93-97 .25mm Over";179,87
WSM;010-825-12;"WSM 010-825-12 Top End Rebuild Kit; Yamaha 700 93-97 .5mm Over";179,87
WSM;010-825-13;"WSM 010-825-13 Top End Rebuild Kit; Yamaha 700 93-97 .75mm Over";179,87
WSM;010-825-14;"WSM 010-825-14 Top End Rebuild Kit; Yamaha 700 93-97 1mm Over";179,87
WSM;010-825-10;"WSM 010-825-10 Top End Rebuild Kit; Yamaha 700 93-97 Standard";179,87
WSM;010-826-11;"WSM 010-826-11 Top End Rebuild Kit; Yamaha 760 96-00 .25mm Over";179,87
WSM;010-826-12;"WSM 010-826-12 Top End Rebuild Kit; Yamaha 760 96-00 .5mm Over";179,87
WSM;010-826-13;"WSM 010-826-13 Top End Rebuild Kit; Yamaha 760 96-00 .75mm Over";179,87
WSM;010-826-14;"WSM 010-826-14 Top End Rebuild Kit; Yamaha 760 96-00 1mm Over";179,87
WSM;010-826-10;"WSM 010-826-10 Top End Rebuild Kit; Yamaha 760 96-00 Standard";179,87
WSM;003-186;"WSM 003-186 Drive Shaft; Yamaha 1050 VX 21-26";179,94
WSM;500-221-03;"WSM 500-221-03 Gasket Kit, Powerhead; Mercury 210 Hp V6 Sport Jet";180,07
WSM;361-5713;"WSM 361-5713 Switch Box; Mercury / Mariner 6 - 25 Hp 2 Cylinder 99-06";180,86
WSM;50-616AK;"WSM 50-616AK Piston Kit; Suzuki 700 King Quad 05-07 Standard A";180,9
WSM;50-616BK;"WSM 50-616BK Piston Kit; Suzuki 700 King Quad 05-07 Standard B";180,9
WSM;50-616CK;"WSM 50-616CK Piston Kit; Suzuki 700 King Quad 05-07 Standard C";180,9
WSM;010-810-11;"WSM 010-810-11 Top End Rebuild Kit; Kawasaki 650 86-96 .25mm Over";181,26
WSM;010-810-12;"WSM 010-810-12 Top End Rebuild Kit; Kawasaki 650 86-96 .5mm Over";181,26
WSM;010-810-13;"WSM 010-810-13 Top End Rebuild Kit; Kawasaki 650 86-96 .75mm Over";181,26
WSM;010-810-14;"WSM 010-810-14 Top End Rebuild Kit; Kawasaki 650 86-96 1mm Over";181,26
WSM;010-810-10;"WSM 010-810-10 Top End Rebuild Kit; Kawasaki 650 86-96 Standard";181,26
WSM;363-6453;"WSM 363-6453 Trigger; Mercury / Mariner 50 - 70 Hp 3 Cylinder Cross Flow 76-90";181,38
WSM;002-051-08;"WSM 002-051-08 Steering Cable; Yamaha 1050 / 1100 / 1800 10-20";181,55
WSM;PH500-M028;"WSM PH500-M028 Fuel Pump; Mercury / Mariner 30 - 60 Hp 4-Stroke 02-06";182,44
WSM;PH140-0013;"WSM PH140-0013 Starter; Chris Craft / Mercruiser / OMC / Volvo 12 V 9 Tooth CW Rot";182,44
WSM;PH140-0015;"WSM PH140-0015 Starter; Mercruiser / OMC / Volvo 12 V 9 Tooth CW Rot";182,44
WSM;002-051-09;"WSM 002-051-09 Steering Cable; Yamaha 1100 VX 05-09";183,02
WSM;600-123;"WSM 600-123 Fuel Pump; Mercruiser";183,85
WSM;983-125-01;"WSM 983-125-01 Thread Chaser / Nut Installer Tool; Yamaha F300 / F350 5.3 Liter";183,9
WSM;120-110-16;"WSM 120-110-16 Valve Stem Seal; Mercury 80 - 400 Hp 4-Stroke Pack of 16";183,9
WSM;004-209-02;"WSM 004-209-02 CDI Box; Kawasaki 750 ZXI 1995";184,14
WSM;79-130;"WSM 79-130 Carburetor; Honda 450 TRX-FM / FE 02-04";184,3
WSM;003-160;"WSM 003-160 Drive Shaft; Kawasaki 650 SX 87-93";185,99
WSM;004-360;"WSM 004-360 Starter Gear; Sea-Doo 1503 4-Tec 04-19";185,99
WSM;002-051-06;"WSM 002-051-06 Steering Cable; Yamaha 1300 GP-R 03-08";185,99
WSM;010-865-05PK;"WSM 010-865-05PK Piston Kit; Sea-Doo 1630 4-Tec 300 Hp 16-26 .5mm Over Platinum";186,06
WSM;010-865-07PK;"WSM 010-865-07PK Piston Kit; Sea-Doo 1630 4-Tec 300 Hp 16-26 1mm Over Platinum";186,06
WSM;010-865PK;"WSM 010-865PK Piston Kit; Sea-Doo 1630 4-Tec 300 Hp 16-26 Standard Platinum";186,06
WSM;PH500-M031;"WSM PH500-M031 Fuel Pump; OMC / Volvo";186,11
WSM;010-821-11P;"WSM 010-821-11P Top End Rebuild Kit; Kawasaki 750 95-02 .25mm Over Platinum";186,29
WSM;010-821-12P;"WSM 010-821-12P Top End Rebuild Kit; Kawasaki 750 95-02 .5mm Over Platinum";186,29
WSM;010-821-13P;"WSM 010-821-13P Top End Rebuild Kit; Kawasaki 750 95-02 .75mm Over Platinum";186,29
WSM;010-821-14P;"WSM 010-821-14P Top End Rebuild Kit; Kawasaki 750 95-02 1mm Over Platinum";186,29
WSM;010-821-10P;"WSM 010-821-10P Top End Rebuild Kit; Kawasaki 750 95-02 Standard Platinum";186,29
WSM;010-832-11P;"WSM 010-832-11P Top End Rebuild Kit; Polaris 700 96-04 .25mm Over Platinum";186,29
WSM;010-832-12P;"WSM 010-832-12P Top End Rebuild Kit; Polaris 700 96-04 .5mm Over Platinum";186,29
WSM;010-832-13P;"WSM 010-832-13P Top End Rebuild Kit; Polaris 700 96-04 .701.5515.1505mm Over Platinum";186,29
WSM;010-832-14P;"WSM 010-832-14P Top End Rebuild Kit; Polaris 700 96-04 1mm Over Platinum";186,29
WSM;010-832-10P;"WSM 010-832-10P Top End Rebuild Kit; Polaris 700 96-04 Standard Platinum";186,29
WSM;010-835-11P;"WSM 010-835-11P Top End Rebuild Kit; Polaris 800 Octane / Virage 02-04 .25mm Over Platinum";186,29
WSM;010-835-12P;"WSM 010-835-12P Top End Rebuild Kit; Polaris 800 Octane / Virage 02-04 .5mm Over Platinum";186,29
WSM;010-835-13P;"WSM 010-835-13P Top End Rebuild Kit; Polaris 800 Octane / Virage 02-04 .75mm Over Platinum";186,29
WSM;010-835-14P;"WSM 010-835-14P Top End Rebuild Kit; Polaris 800 Octane / Virage 02-04 1mm Over Platinum";186,29
WSM;010-835-10P;"WSM 010-835-10P Top End Rebuild Kit; Polaris 800 Octane / Virage 02-04 Standard Platinum";186,29
WSM;010-827-11P;"WSM 010-827-11P Top End Rebuild Kit; Yamaha 700 94-04 .25mm Over Platinum";186,29
WSM;010-827-12P;"WSM 010-827-12P Top End Rebuild Kit; Yamaha 700 94-04 .5mm Over Platinum";186,29
WSM;010-827-13P;"WSM 010-827-13P Top End Rebuild Kit; Yamaha 700 94-04 .75mm Over Platinum";186,29
WSM;010-827-14P;"WSM 010-827-14P Top End Rebuild Kit; Yamaha 700 94-04 1mm Over Platinum";186,29
WSM;010-827-10P;"WSM 010-827-10P Top End Rebuild Kit; Yamaha 700 94-04 Standard Platinum";186,29
WSM;PH300-0010;"WSM PH300-0010 Alternator; Mercruiser / OMC";186,8
WSM;600-124;"WSM 600-124 Fuel Pump; Mercruiser 4.3 - 8.1L";186,8
WSM;PH200-T066-K;"WSM PH200-T066-K Mounting Bracket Kit, Stainless Steel; Mercruiser";186,8
WSM;PH140-0016-HT;"WSM PH140-0016-HT Starter; Mercruiser / OMC / Volvo Hi Torque 12 V 11 Tooth CW Rot";186,8
WSM;PH140-0017-D;"WSM PH140-0017-D Starter; Mercruiser 305 - 502 8 Cylinder PMGR 12 V 11 Tooth CW Rot";186,8
WSM;PH140-0020-HD;"WSM PH140-0020-HD Starter; Mercruiser PMGR 12 V 9 Tooth CW Rot";186,8
WSM;PH140-0020-D;"WSM PH140-0020-D Starter; Mercruiser/ OMC / Volvo PMGR 12 V 11 Tooth CW Rot";186,8
WSM;PH140-0017-HD;"WSM PH140-0017-HD Starter; Mercury / OMC /  Volvo 12 V 11 Tooth CW Rot";186,8
WSM;PH160-PL03;"WSM PH160-PL03 Starter; Polaris 750 MSX 110 / 150 2004 4-Stroke - OE Replacement";186,8
WSM;PH200-T021;"WSM PH200-T021 Trim / Tilt Motor; Johnson / Evinrude / Honda 25 - 50 Hp";186,8
WSM;PH200-T022;"WSM PH200-T022 Trim / Tilt Motor; Johnson / Evinrude 40 / 50 Hp Looper 89-92";186,8
WSM;PH200-T071;"WSM PH200-T071 Trim / Tilt Motor; Johnson / Suzuki 60 - 300 Hp 4-Stroke 98-21";186,8
WSM;PH200-T074;"WSM PH200-T074 Trim / Tilt Motor; OMC";186,8
WSM;PH200-T023;"WSM PH200-T023 Trim / Tilt Motor; OMC / Volvo";186,8
WSM;PH200-T012;"WSM PH200-T012 Trim / Tilt Motor; Volvo Penta";186,8
WSM;003-179;"WSM 003-179 Drive Shaft; Yamaha 1200 GP / XL 97-99";187,08
WSM;778-063;"WSM 778-063 Sender / Sensor, Trim; Volvo";187,16
WSM;778-065;"WSM 778-065 Sender / Sensor, Trim; Volvo";187,16
WSM;500-369;"WSM 500-369 Gasket Kit, Powerhead; Yamaha 75 / 90 Hp 4-Stroke";187,24
WSM;500-221-01;"WSM 500-221-01 Gasket Kit, Powerhead; Mercury 175 Hp V6 Sport Jet 00-05";187,32
WSM;500-221;"WSM 500-221 Gasket Kit, Powerhead; Mercury 175 Hp V6 Sport Jet 97-99";187,32
WSM;500-221-04;"WSM 500-221-04 Gasket Kit, Powerhead; Mercury 240 Hp V6 Sport Jet";187,56
WSM;003-145;"WSM 003-145 Drive Shaft; Sea-Doo 720 HX 1996";188,15
WSM;PH500-M008;"WSM PH500-M008 Fuel Pump; Mercruiser";188,27
WSM;PH500-M030;"WSM PH500-M030 Fuel Pump; OMC / Volvo";188,27
WSM;PH500-M009;"WSM PH500-M009 Fuel Pump; Volvo Low Pressure";188,27
WSM;600-200;WSM 600-200 Fuel Pump: Honda / Nissan  75 - 250 Hp 4-Stroke 1997-Up;188,4
WSM;365-3689;"WSM 365-3689 Rectifier / Regulator; Johnson / Evinrude 185 - 300 Hp 85-92";188,6
WSM;610-262;"WSM 610-262 Fuel Injector; Mercruiser MPI 8.1L V-8";188,94
WSM;003-253;"WSM 003-253 Coupler Shaft; Yamaha 800 / 1200 99-01";188,98
WSM;PH300-0028;"WSM PH300-0028 Alternator; Chrysler";189,73
WSM;PH300-0011;"WSM PH300-0011 Alternator; Mercruiser 262 96-98";189,73
WSM;PH300-0005;"WSM PH300-0005 Alternator; Yanmar 9 - 60 Hp 83-15";189,73
WSM;449-112;"WSM 449-112 Propeller Shaft; Johnson 100 - 300 Hp";191,5
WSM;003-730K;"WSM 003-730K Jet Pump Vein Stator; Yamaha 800 - 1300 99-18";191,94
WSM;007-672;"WSM 007-672 Complete Gasket Kit; Yamaha 1100 VX 05-15";192,72
WSM;007-615;"WSM 007-615 Complete Gasket Kit; Yamaha 1300 GP-R 03-04";192,72
WSM;600-126-01;"WSM 600-126-01 Fuel Pump; Mercruiser With Cool Fuel System, Includes Cooler";192,72
WSM;002-051-14;WSM 002-051-14 Steering Cable: Yamaha 1800 / 1900 HO 11-26;192,72
WSM;002-051-13;WSM 002-051-13 Steering Cable: Yamaha 1800 FZR / FZS 11-16;192,72
WSM;010-825-21P;"WSM 010-825-21P Top End Rebuild Kit; Yahama 700 Super Jet 96-20 .25mm Over Platinum";192,72
WSM;010-825-22P;"WSM 010-825-22P Top End Rebuild Kit; Yahama 700 Super Jet 96-20 .50mm Over Platinum";192,72
WSM;010-825-23P;"WSM 010-825-23P Top End Rebuild Kit; Yahama 700 Super Jet 96-20 .75mm Over Platinum";192,72
WSM;010-825-24P;"WSM 010-825-24P Top End Rebuild Kit; Yahama 700 Super Jet 96-20 1mm Over Platinum";192,72
WSM;010-825-20P;"WSM 010-825-20P Top End Rebuild Kit; Yahama 700 Super Jet 96-20 Standard Platinum";192,72
WSM;010-825-11P;"WSM 010-825-11P Top End Rebuild Kit; Yamaha 700 93-97 .25mm Over Platinum";192,72
WSM;010-825-12P;"WSM 010-825-12P Top End Rebuild Kit; Yamaha 700 93-97 .5mm Over Platinum";192,72
WSM;010-825-13P;"WSM 010-825-13P Top End Rebuild Kit; Yamaha 700 93-97 .75mm Over Platinum";192,72
WSM;010-825-14P;"WSM 010-825-14P Top End Rebuild Kit; Yamaha 700 93-97 1mm Over Platinum";192,72
WSM;010-825-10P;"WSM 010-825-10P Top End Rebuild Kit; Yamaha 700 93-97 Standard Platinum";192,72
WSM;010-826-11P;"WSM 010-826-11P Top End Rebuild Kit; Yamaha 760 96-00 .25mm Over Platinum";192,72
WSM;010-826-12P;"WSM 010-826-12P Top End Rebuild Kit; Yamaha 760 96-00 .5mm Over Platinum";192,72
WSM;010-826-13P;"WSM 010-826-13P Top End Rebuild Kit; Yamaha 760 96-00 .75mm Over Platinum";192,72
WSM;010-826-14P;"WSM 010-826-14P Top End Rebuild Kit; Yamaha 760 96-00 1mm Over Platinum";192,72
WSM;010-826-10P;"WSM 010-826-10P Top End Rebuild Kit; Yamaha 760 96-00 Standard Platinum";192,72
WSM;600-160-16-24;"WSM 600-160-16-24 Gasket, Fuel Injector; Yamaha 150 - 300 Hp HPDI 00-14 Pack of 24";192,78
WSM;004-202;"WSM 004-202 Armature / Stator Coil; Sea-Doo 580 - 720 95-05";193,46
WSM;007-670;"WSM 007-670 Complete Gasket Kit; Yamaha 1000 FX 02-08";193,46
WSM;007-671;"WSM 007-671 Complete Gasket Kit; Yamaha 1100 FX HO 04-08";193,46
WSM;003-158-06;"WSM 003-158-06 Drive Shaft; Sea-Doo 1503 RXP 07-08";193,46
WSM;003-143;"WSM 003-143 Drive Shaft; Sea-Doo 800 / 951 98-07";193,46
WSM;003-144;"WSM 003-144 Drive Shaft; Sea-Doo 800 XP 1997";193,46
WSM;500-153;"WSM 500-153 Gasket Kit, Powerhead; Evinrude 150 - 200 Hp E-Tec";193,46
WSM;003-700;"WSM 003-700 Jet Pump; Sea-Doo 580 - 800 89-02";193,46
WSM;003-710;"WSM 003-710 Jet Pump; Sea-Doo 720 - 951 02-07";193,46
WSM;363-5456;"WSM 363-5456 Stator; Mercury / Mariner 90 / 115 Hp 9 Amp 80-88";193,46
WSM;010-815-21P;"WSM 010-815-21P Top End Rebuild Kit; Sea-Doo 580 89-91 .25mm Over Platinum";193,46
WSM;010-815-22P;"WSM 010-815-22P Top End Rebuild Kit; Sea-Doo 580 89-91 .5mm Over Platinum";193,46
WSM;010-815-23P;"WSM 010-815-23P Top End Rebuild Kit; Sea-Doo 580 89-91 .75mm Over Platinum";193,46
WSM;010-815-24P;"WSM 010-815-24P Top End Rebuild Kit; Sea-Doo 580 89-91 1mm Over Platinum";193,46
WSM;010-815-20P;"WSM 010-815-20P Top End Rebuild Kit; Sea-Doo 580 89-91 Standard Platinum";193,46
WSM;007-673;"WSM 007-673 Complete Gasket Kit; Yamaha 1800 09-13";193,51
WSM;007-676;"WSM 007-676 Complete Gasket Kit; Yamaha 1800 11-26";193,51
WSM;007-675;"WSM 007-675 Complete Gasket Kit; Yamaha 1800 13-23";193,51
WSM;007-674;"WSM 007-674 Complete Gasket Kit; Yamaha 1800 FX SHO / FZR / FZS 08-10";193,51
WSM;007-677;"WSM 007-677 Complete Gasket Kit; Yamaha 1800 SVHO / FZR / FZS / GP 14-20";193,51
WSM;003-162;"WSM 003-162 Drive Shaft; Sea-Doo 1503 Challenger / Speedster 06-12";195,54
WSM;003-156;"WSM 003-156 Drive Shaft; Sea-Doo 1503 GTX 02-04";196,74
WSM;610-267;"WSM 610-267 Fuel Injector; Mercruiser TBI V8";196,97
WSM;54-234-11;"WSM 54-234-11 Top End Rebuild Kit; Honda 680 / 700 TRX / Big Red / Pioneer .25mm Over";197,02
WSM;54-234-12;"WSM 54-234-12 Top End Rebuild Kit; Honda 680 / 700 TRX / Big Red / Pioneer .5mm Over";197,02
WSM;54-234-13;"WSM 54-234-13 Top End Rebuild Kit; Honda 680 / 700 TRX / Big Red / Pioneer .75mm Over";197,02
WSM;54-234-14;"WSM 54-234-14 Top End Rebuild Kit; Honda 680 / 700 TRX / Big Red / Pioneer 1mm Over";197,02
WSM;54-234-10;"WSM 54-234-10 Top End Rebuild Kit; Honda 680 / 700 TRX / Big Red / Pioneer Standard";197,02
WSM;PH300-0008-D;"WSM PH300-0008-D Alternator; Volvo Penta";197,03
WSM;PH300-0002;"WSM PH300-0002 Alternator; Yanmar 22 - 420 Hp 83-15";197,03
WSM;PH500-M014;"WSM PH500-M014 Fuel Pump; Mercruiser";197,03
WSM;PH130-0087;"WSM PH130-0087 Starter; Honda 8 / 9.9 Hp 12V CCW ROT 01-13";197,03
WSM;PH130-0007;"WSM PH130-0007 Starter; Suzuki / Yamaha 40 - 65 Hp 77-95";197,03
WSM;PH130-0083;"WSM PH130-0083 Starter; Suzuki 25 / 30 Hp 4-Stroke Hitachi Style 00-07";197,03
WSM;PH200-VB03;"WSM PH200-VB03 Tilt / Trim Valve Body; Chrysler / Force 50 - 150 Hp";197,03
WSM;PH200-T002;"WSM PH200-T002 Trim / Tilt Motor; Force / Mercury / Mariner 25 - 50 Hp";197,03
WSM;PH200-T042;"WSM PH200-T042 Trim / Tilt Motor; Johnson / Evinrude 50 - 115 / 250 / 300 Hp";197,03
WSM;PH200-T010;"WSM PH200-T010 Trim / Tilt Motor; Mercury / Mariner 105 - 300 Hp";197,03
WSM;PH200-T030;"WSM PH200-T030 Trim / Tilt Motor; Yamaha 115 - 225 Hp 92-96";197,03
WSM;PH200-T029;"WSM PH200-T029 Trim / Tilt Motor; Yamaha 40 - 90 Hp";197,03
WSM;PH100-YA07-G;"WSM PH100-YA07-G Starter; Yamaha 1800 / 1900 08-26";197,86
WSM;PH100-YA05-G;"WSM PH100-YA05-G Starter; Yamaha 500 89-93";197,86
WSM;PH300-0034-HO;"WSM PH300-0034-HO Alternator; Mercruiser 4.3L - 5.7L 140 Amp";198
WSM;600-088;"WSM 600-088 Fuel Pump; Mercury / Mercruiser 65 - 150 Hp EFI / 4.5LMPI";198,31
WSM;010-467;"WSM 010-467 Output Sleeve; Crankshaft Sea Doo 900 17-21";198,31
WSM;PH140-0022;"WSM PH140-0022 Starter; Mercruiser / OMC / Volvo / Crusader PMGR 12 V 9 Tooth CW Rot";198,48
WSM;PH140-0022-CCW;"WSM PH140-0022-CCW Starter; Mercruiser / Volvo / Crusader PMGR 12 V 9 Tooth CCW Rot";198,48
WSM;PH140-0021;"WSM PH140-0021 Starter; Mercuriser / Pleasure Craft 6.0L CW Rot";198,48
WSM;PH130-0066;"WSM PH130-0066 Starter; Mercury / Johnson 75 - 300 Hp 12V CCW ROT 01-17";198,48
WSM;PH140-0017-HT;"WSM PH140-0017-HT Starter; Mercury High Torque PMGR 12 V 11 Tooth CW Rot";198,48
WSM;PH140-0023;"WSM PH140-0023 Starter; Volvo Penta PMGR 12 V 9 Tooth CW Rot";198,48
WSM;PH130-0005;"WSM PH130-0005 Starter; Yamaha 40 / 50 / 115 - 200 Hp 84-02";198,48
WSM;779-160;"WSM 779-160 Valve, IAC; Johnson / Suzuki 90 - 140 Hp 2001-21";200,32
WSM;003-162-01;"WSM 003-162-01 Drive Shaft; Sea-Doo 1503 Speedster / Sportster 05-07";200,89
WSM;003-178;"WSM 003-178 Drive Shaft; Yamaha 800 / 1200 / 1300 99-08";200,89
WSM;600-121-W;"WSM 600-121-W Fuel Pump; Mercury / Mariner 75 - 350 Hp 4-Stroke Verado Lift Pump";200,98
WSM;500-336;"WSM 500-336 Gasket Kit, Powerhead; Mercury / Mariner / Yamaha 75 - 115 Hp 4-Stroke 99-21";201,05
WSM;363-5704A7;"WSM 363-5704A7 Stator; Mercury / Mariner 50 - 70 Hp 3 Cyl Cross Flow 80-90";201,34
WSM;003-161-01;"WSM 003-161-01 Drive Shaft; Kawasaki 750 93-99";201,64
WSM;003-161;"WSM 003-161 Drive Shaft; Kawasaki 750 SX / SXI 92-95";201,64
WSM;600-120-05;"WSM 600-120-05 Fuel Pump; Mercury 135 - 200 Hp 4 Cyl 4-Stroke Verado";201,64
WSM;385-205;"WSM 385-205 O2 Sensor; Honda / Tohatsu 115 - 150 Hp BF 04-12";201,7
WSM;600-117-W;"WSM 600-117-W Fuel Pump; Mercury 30 - 60 Hp 4-Stroke EFI";202,36
WSM;60-440-02;WSM 60-440-02 Strut, Front Gas: Polaris 250 - 700 94-09;202,5
WSM;PH500-M044;"WSM PH500-M044 Fuel Pump; Mercruiser";202,87
WSM;010-310;"WSM 010-310 Crankshaft Rebuild Kit; Kawasaki 650 SX / X2 86-88";203,14
WSM;010-332;"WSM 010-332 Crankshaft Rebuild Kit; Polaris 700 96-97";203,14
WSM;010-332-01;"WSM 010-332-01 Crankshaft Rebuild Kit; Polaris 700 98-04";203,14
WSM;010-816-21;"WSM 010-816-21 Top End Rebuild Kit; Sea-Doo 650 XP 1993 .25mm Over";203,14
WSM;010-816-22;"WSM 010-816-22 Top End Rebuild Kit; Sea-Doo 650 XP 1993 .5mm Over";203,14
WSM;010-816-23;"WSM 010-816-23 Top End Rebuild Kit; Sea-Doo 650 XP 1993 .75mm Over";203,14
WSM;010-816-24;"WSM 010-816-24 Top End Rebuild Kit; Sea-Doo 650 XP 1993 1mm Over";203,14
WSM;385-110;"WSM 385-110 O2 Sensor; Yamaha 150 - 250 Hp 97-14";203,57
WSM;PH300-0035-HO;"WSM PH300-0035-HO Alternator; Mercruiser 4.3L - 5.7L 140 Amp";204
WSM;WSM-236;"WSM WSM-236 Intake Grate; Kawasaki 1500 Ultra 300 / 310 11-26";204,26
WSM;WSM-244;"WSM WSM-244 Intake Grate; Sea-Doo 900 Spark 14-26";204,26
WSM;WSM-232;"WSM WSM-232 Intake Grate; Yamaha 1800 FX SHO 08-11";204,26
WSM;WSM-233;"WSM WSM-233 Intake Grate; Yamaha 1800 FZR / FZS 09-16";204,26
WSM;WSM-245;"WSM WSM-245 Intake Grate; Yamaha 1800 FZR / FZS 14-16";204,26
WSM;WSM-240;"WSM WSM-240 Intake Grate; Yamaha 1800 VXR / VXS 11-14";204,26
WSM;54-307-12;"WSM 54-307-12 Top End Rebuild Kit; Polaris 400 Sportsman 03-14 .5mm Over";204,31
WSM;54-307-14;"WSM 54-307-14 Top End Rebuild Kit; Polaris 400 Sportsman 03-14 1mm Over";204,31
WSM;54-307-10;"WSM 54-307-10 Top End Rebuild Kit; Polaris 400 Sportsman 03-14 Standard";204,31
WSM;010-816-20;"WSM 010-816-20 Top End Rebuild Kit; Sea-Doo 650 XP 1993 Standard";204,9
WSM;995-175K;WSM 995-175K Vacuum / Pressure Tester;204,95
WSM;007-622;"WSM 007-622 Complete Gasket Kit; Sea-Doo 900 14-25";205,57
WSM;007-614-02;"WSM 007-614-02 Complete Gasket Kit; Yamaha 1200 XL / XLT 01-05";205,57
WSM;003-158-12;"WSM 003-158-12 Drive Shaft; Sea Doo 1630 Ace 20-21";205,57
WSM;002-051-11;"WSM 002-051-11 Steering Cable; Yamaha 1000 / 1100 / 1800 05-10";205,57
WSM;010-853-11;"WSM 010-853-11 Top End Rebuild Kit; Tiger Shark 1000 97-98 .25 Over";205,57
WSM;010-853-12;"WSM 010-853-12 Top End Rebuild Kit; Tiger Shark 1000 97-98 .5mm Over";205,57
WSM;010-853-13;"WSM 010-853-13 Top End Rebuild Kit; Tiger Shark 1000 97-98 .75mm Over";205,57
WSM;010-853-14;"WSM 010-853-14 Top End Rebuild Kit; Tiger Shark 1000 97-98 1mm Over";205,57
WSM;010-853-10;"WSM 010-853-10 Top End Rebuild Kit; Tiger Shark 1000 97-98 Standard";205,57
WSM;010-828-11P;"WSM 010-828-11P Top End Rebuild Kit; Yamaha 800 98-05 .25mm Over Platinum";205,57
WSM;010-828-12P;"WSM 010-828-12P Top End Rebuild Kit; Yamaha 800 98-05 .5mm Over Platinum";205,57
WSM;010-828-13P;"WSM 010-828-13P Top End Rebuild Kit; Yamaha 800 98-05 .75mm Over Platinum";205,57
WSM;010-828-14P;"WSM 010-828-14P Top End Rebuild Kit; Yamaha 800 98-05 1mm Over Platinum";205,57
WSM;010-828-10P;"WSM 010-828-10P Top End Rebuild Kit; Yamaha 800 98-05 Standard Platinum";205,57
WSM;003-185;"WSM 003-185 Drive Shaft; Yamaha 1050 EX 17-24";206,34
WSM;003-190;"WSM 003-190 Drive Shaft; Tiger Shark 640 / 770 1996";206,92
WSM;003-191;"WSM 003-191 Drive Shaft; Tiger Shark 640 94-96";206,92
WSM;003-192;"WSM 003-192 Drive Shaft; Tiger Shark 650 1993";206,92
WSM;PH300-0016;"WSM PH300-0016 Alternator; Mercruiser";207,24
WSM;PH500-M064;"WSM PH500-M064 Fuel Pump; OMC / Volvo Ford V8";207,24
WSM;PH400-0005;"WSM PH400-0005 Stator; Mercury / Mariner 40 - 85 Hp 3 / 4 Cyl 76-97 9 Amp";207,24
WSM;PH400-0006;"WSM PH400-0006 Stator; Mercury / Mariner 50 - 70 Hp 3 Cyl Cross Flow 80-90";207,24
WSM;PH200-T047;"WSM PH200-T047 Trim / Tilt Motor; Yamaha 115 - 225 Hp 87-91";207,24
WSM;004-212-01;"WSM 004-212-01 CDI Box; Yamaha 650 / 700 90-95";208,33
WSM;004-212-02;"WSM 004-212-02 CDI Box; Yamaha 650 / 700 90-95";208,33
WSM;500-218;"WSM 500-218 Gasket Kit, Powerhead; Mercury 135 / 150 Hp 2.5L Optimax 98-00";208,33
WSM;500-357;"WSM 500-357 Gasket Kit, Powerhead; Yamaha 150 - 200 Hp V6 HPDI 00-15";208,33
WSM;385-100;"WSM 385-100 O2 Sensor; Yamaha 150 / 200 Hp 99-05";208,33
WSM;002-058-16;WSM 002-058-16 Reverse Cable: Yamaha 1800 FZR / FZS 11-16;208,33
WSM;54-256-11;"WSM 54-256-11 Top End Rebuild Kit; Kawasaki 650 Brute Force / Prairie 02-13 .25mm Over";208,33
WSM;54-256-12;"WSM 54-256-12 Top End Rebuild Kit; Kawasaki 650 Brute Force / Prairie 02-13 .5mm Over";208,33
WSM;54-256-13;"WSM 54-256-13 Top End Rebuild Kit; Kawasaki 650 Brute Force / Prairie 02-13 .75mm Over";208,33
WSM;54-256-14;"WSM 54-256-14 Top End Rebuild Kit; Kawasaki 650 Brute Force / Prairie 02-13 1mm Over";208,33
WSM;54-256-10;"WSM 54-256-10 Top End Rebuild Kit; Kawasaki 650 Brute Force / Prairie 02-13 Standard";208,33
WSM;54-258-11;"WSM 54-258-11 Top End Rebuild Kit; Kawasaki 750 Brute Force / Teryx 05-11 .25mm Over";208,33
WSM;54-258-12;"WSM 54-258-12 Top End Rebuild Kit; Kawasaki 750 Brute Force / Teryx 05-11 .5mm Over";208,33
WSM;54-258-13;"WSM 54-258-13 Top End Rebuild Kit; Kawasaki 750 Brute Force / Teryx 05-11 .75mm Over";208,33
WSM;54-258-14;"WSM 54-258-14 Top End Rebuild Kit; Kawasaki 750 Brute Force / Teryx 05-11 1mm Over";208,33
WSM;54-258-10;"WSM 54-258-10 Top End Rebuild Kit; Kawasaki 750 Brute Force / Teryx 05-11 Standard";208,33
WSM;003-158-01;"WSM 003-158-01 Drive Shaft; Sea-Doo 1503 / 1630 4-Tec 05-20";208,34
WSM;003-158;"WSM 003-158 Drive Shaft; Sea-Doo 1503 RXP 04-11";208,34
WSM;501-220;"WSM 501-220 Gasket Kit, Head; 5.0L 305 CI.";208,38
WSM;501-224;"WSM 501-224 Gasket Kit, Head; 5.0L 305 CI.";208,38
WSM;501-214;"WSM 501-214 Gasket Kit, Head; 5.7L 350 CI.";208,38
WSM;501-230;"WSM 501-230 Gasket Kit, Head; 5.7L 350 CI.";208,38
WSM;003-159-01;"WSM 003-159-01 Drive Shaft; Sea Doo 900 Spark 14-21";209,6
WSM;011-1002;"WSM 011-1002 Sling, PWC; 1,500 LB Capacity";210,12
WSM;330-390;"WSM 330-390 Jack Plate Motor;";210,37
WSM;010-315;"WSM 010-315 Crankshaft Rebuild Kit; Sea-Doo 580 89-94";210,94
WSM;010-315-01;"WSM 010-315-01 Crankshaft Rebuild Kit; Sea-Doo 580 95-96";210,94
WSM;010-316-01;"WSM 010-316-01 Crankshaft Rebuild Kit; Sea-Doo 650 94-95";210,94
WSM;010-316;"WSM 010-316 Crankshaft Rebuild Kit; Sea-Doo 650 XP 1993";210,94
WSM;600-179;"WSM 600-179 Fuel Pump; Mercury / Mariner 115 - 250 Hp V6 DFI";212,47
WSM;004-209-03;"WSM 004-209-03 CDI Box; Kawasaki 750 / 800 94-03";212,82
WSM;004-209;"WSM 004-209 CDI Box; Kawasaki 750 92-98";212,83
WSM;PH300-0009;"WSM PH300-0009 Alternator; Crusader";213,1
WSM;PH300-0032;"WSM PH300-0032 Alternator; Crusader / Pleasure Craft";213,1
WSM;PH300-0041;"WSM PH300-0041 Alternator; Crusader / Pleasurecraft";213,1
WSM;PH300-0043;"WSM PH300-0043 Alternator; Crusader / Pleasurecraft";213,1
WSM;PH300-0034;"WSM PH300-0034 Alternator; Mercruiser - Large Pulley";213,1
WSM;PH300-0033;"WSM PH300-0033 Alternator; Mercruiser 12V 70 Amp";213,1
WSM;PH300-0012;"WSM PH300-0012 Alternator; Mercruiser 96-98";213,1
WSM;PH300-0014;"WSM PH300-0014 Alternator; Volvo Penta";213,1
WSM;PH500-M043;"WSM PH500-M043 Fuel Pump; Mercruiser / OMC";213,1
WSM;PH140-0013-CCW;"WSM PH140-0013-CCW Starter; Chris Craft / Volvo 12 V 9 Tooth CCW Rot";213,1
WSM;003-158-09;"WSM 003-158-09 Drive Shaft; Sea-Doo 1630 RXP 2021";213,65
WSM;985-175;"WSM 985-175 Flywheel Puller / Lifting Eye; Mercury Verado";214,81
WSM;010-312;"WSM 010-312 Crankshaft Rebuild Kit; Kawasaki 440/550";215,86
WSM;010-131K;"WSM 010-131K Supercharger Bearing Kit; Yamaha 1800 11-21";215,86
WSM;600-120-W;"WSM 600-120-W Fuel Pump; Mercury / Mariner 75 - 350 Hp 4-Stroke Verado 05-14";215,87
WSM;003-158-10;"WSM 003-158-10 Drive Shaft; Sea Doo 1503 / 1630 Ace 18-19";215,94
WSM;003-158-11;"WSM 003-158-11 Drive Shaft; Sea Doo 1630 Ace 20-21";215,94
WSM;003-161-04;"WSM 003-161-04 Drive Shaft; Kawasaki 1100 ZXI 96-03";217,27
WSM;003-161-03;"WSM 003-161-03 Drive Shaft; Kawasaki 1200 Ultra 150 99-05";217,27
WSM;007-645-06;"WSM 007-645-06 Top End Gasket Kit; Kawasaki 1200 / 1500 STX-F 03-19";217,32
WSM;PH500-M039;"WSM PH500-M039 Fuel Pump; Crusader";217,45
WSM;PH500-M062;"WSM PH500-M062 Fuel Pump; Mercruiser 305 - 500 Hp Gen 3 Low-Pressure";217,45
WSM;003-158-15;"WSM 003-158-15 Drive Shaft; Sea Doo 1630 Ace 130 / 230 / 300 22-26";217,7
WSM;79-125;"WSM 79-125 Carburetor; Honda 300 TRX 88-90";218,32
WSM;010-843-11;"WSM 010-843-11 Top End Rebuild Kit; Kawasaki 800 SX-R 03-11 .25mm Over";218,42
WSM;010-843-12;"WSM 010-843-12 Top End Rebuild Kit; Kawasaki 800 SX-R 03-11 .5mm Over";218,42
WSM;010-843-13;"WSM 010-843-13 Top End Rebuild Kit; Kawasaki 800 SX-R 03-11 .75mm Over";218,42
WSM;010-843-14;"WSM 010-843-14 Top End Rebuild Kit; Kawasaki 800 SX-R 03-11 1mm Over";218,42
WSM;010-843-10;"WSM 010-843-10 Top End Rebuild Kit; Kawasaki 800 SX-R 03-11 Standard";218,42
WSM;003-157;"WSM 003-157 Drive Shaft; Sea-Doo 1503 4-Tec 06-08";218,76
WSM;010-816-23P;"WSM 010-816-23P Top End Rebuild Kit; Sea-Doo 650 XP 1993 .75mm Over Platinum";218,76
WSM;010-816-20P;"WSM 010-816-20P Top End Rebuild Kit; Sea-Doo 650 XP 1993 Standard Platinum";218,76
WSM;WSM-239;"WSM WSM-239 Intake Grate; Yamaha 1100 VX 110 07-09";218,84
WSM;WSM-237;"WSM WSM-237 Intake Grate; Yamaha 1800 FX HO / SHO 12-23";218,84
WSM;PH300-0008-DHO;"WSM PH300-0008-DHO Alternator; Volvo Penta";218,93
WSM;PH500-M026;"WSM PH500-M026 Fuel Pump; Mercury / Mariner 75 - 350 Hp 4-Stroke Verado Lift Pump";218,93
WSM;PH130-0049;"WSM PH130-0049 Starter; Mariner / Yamaha 25 - 40 Hp 84-97";218,93
WSM;PH130-0085;"WSM PH130-0085 Starter; Tohatsu / Yamaha 8 - 15 Hp 12V CCW ROT 81-07";218,93
WSM;PH400-0004;"WSM PH400-0004 Stator; Mercury / Mariner 135 - 200 Hp 76-93 16 Amp";218,93
WSM;PH200-T079;"WSM PH200-T079 Trim / Tilt Motor; Honda 40 / 50 Hp BF 04-21";218,93
WSM;PH200-T061;"WSM PH200-T061 Trim / Tilt Motor; Johnson / Evinrude 40 / 115 Hp Looper 01-12";218,93
WSM;PH200-T032;"WSM PH200-T032 Trim / Tilt Motor; Mercury / Mariner 75 - 225 Hp 90-98";218,93
WSM;PH200-T024;"WSM PH200-T024 Trim / Tilt Motor; Suzuki / Tohatsu 40 / 50 / 90 - 225 Hp";218,93
WSM;PH200-T025;"WSM PH200-T025 Trim / Tilt Motor; Suzuki 150 / 200 Hp DT 1986";218,93
WSM;PH200-T070;"WSM PH200-T070 Trim / Tilt Motor; Suzuki 40 / 50 Hp 4-Stroke 99-10";218,93
WSM;PH200-T053;"WSM PH200-T053 Trim / Tilt Motor; Volvo Penta";218,93
WSM;PH200-T073;"WSM PH200-T073 Trim / Tilt Motor; Yamaha 25 - 40 Hp 4 Stroke 98-21";218,93
WSM;PH200-T048;"WSM PH200-T048 Trim / Tilt Motor; Yamaha 40 / 50 Hp 84-97";218,93
WSM;PH200-T035;"WSM PH200-T035 Trim / Tilt Motor; Yamaha 40 / 50 Hp 95-01";218,93
WSM;600-148;"WSM 600-148 Fuel Pump; Yamaha 150 - 350 Hp 4-Stroke";219,48
WSM;006-105;"WSM 006-105 Throttle Body; Sea-Doo 1503 / 1630 4-Tec 09-26";219,56
WSM;002-218;"WSM 002-218 Reverse Cable; Yamaha 1050 / 1800 / 1900 Jet Boat 19-26";220,24
WSM;500-370;"WSM 500-370 Gasket Kit, Powerhead; Yamaha 115 Hp 1.8 Liter 4-Stroke";220,33
WSM;600-111;"WSM 600-111 Fuel Pump; Johnson / Mercury / Suzuki / Yamaha 70 - 300 Hp 4-Stroke";220,36
WSM;500-255;"WSM 500-255 Gasket Kit, Powerhead; Mercury 200 - 300 Hp Verado";220,45
WSM;500-260;"WSM 500-260 Gasket Kit, Powerhead; Mercury 300 - 400 Hp Verado";220,45
WSM;003-183;"WSM 003-183 Drive Shaft; Yamaha 1100 VX 05-09";221,74
WSM;980-100L;WSM 980-100L Heavy Duty Floor Stand;221,81
WSM;361-5772;"WSM 361-5772 Switch Box; Chrysler / Mercury / Mariner 40 - 125 Hp 4 Cylinder 76-98";222,43
WSM;983-240;"WSM 983-240 Bearing Carrier Puller; Mercury L3 / L4 / Yamaha 90 - 115 Hp";223,22
WSM;003-156-01;"WSM 003-156-01 Drive Shaft; Sea-Doo 1503 4-Tec 09-17";223,22
WSM;003-156-03;"WSM 003-156-03 Drive Shaft; Sea-Doo 1503 GTI 09-10";223,22
WSM;983-225;WSM 983-225 Lower Unit Bearing Carrier Puller;223,22
WSM;983-226;"WSM 983-226 Lower Unit Bearing Carrier Puller; Mercury Verado";223,22
WSM;501-210;"WSM 501-210 Gasket Kit, Head; 4.3L V6 262 CI.";223,27
WSM;PH300-0042;"WSM PH300-0042 Alternator; Crusader / Pleasurecraft";223,28
WSM;PH300-0044;"WSM PH300-0044 Alternator; Crusader / Pleasurecraft";223,28
WSM;PH300-0035;"WSM PH300-0035 Alternator; Mercruiser - Small Pulley";223,28
WSM;PH300-0015;"WSM PH300-0015 Alternator; Mercruiser / Volvo Penta / Crusader";223,28
WSM;010-317;"WSM 010-317 Crankshaft Rebuild Kit; Sea-Doo 720 95-03";223,44
WSM;54-315-10;"WSM 54-315-10 Top End Rebuild Kit; Polaris 800 Ranger / RZR / Sportsman 05-16 Standard";223,56
WSM;600-180;"WSM 600-180 Fuel Pump; Yamaha 150 - 350 Hp 4-Stroke 10-21";223,61
WSM;003-172;"WSM 003-172 Drive Shaft; Yamaha 700 Wave Blaster 93-96";226,2
WSM;54-303-11;"WSM 54-303-11 Top End Rebuild Kit; Polaris 325 Trail Boss 99-02 .25mm Over";226,2
WSM;54-303-10;"WSM 54-303-10 Top End Rebuild Kit; Polaris 325 Trail Boss 99-02 Standard";226,2
WSM;750-820;"WSM 750-820 Sea Water Pump; Volvo V6 / V8";226,79
WSM;PH300-0019;"WSM PH300-0019 Alternator; Mercury / Mariner 225 - 300 Hp 94-04";227,66
WSM;PH300-0037;"WSM PH300-0037 Alternator; Volvo Penta";227,66
WSM;363-2075K2;"WSM 363-2075K2 Stator; Force / Mercury / Mariner 30 - 125 Hp 16 Amp";227,66
WSM;PH400-0002;"WSM PH400-0002 Stator; Force / Mercury / Mariner 30 - 125 Hp 93-04 16 Amp";227,66
WSM;004-209-01;"WSM 004-209-01 CDI Box; Kawasaki 750 SX 92-95";227,69
WSM;003-170;"WSM 003-170 Drive Shaft; Yamaha 650 / 700 Super Jet 90-07";229,18
WSM;003-175;"WSM 003-175 Drive Shaft; Yamaha 700 / 760 Wave Venture / XL 97-03";229,18
WSM;PH300-0051;"WSM PH300-0051 Alternator; Mercury / Mariner 135 / 150 Hp 55 Amp 12V Denso";230,05
WSM;363-5456-16;"WSM 363-5456-16 Stator; Mercury / Mariner 135 - 200 Hp 16 Amp 76-93";230,52
WSM;003-183-01;"WSM 003-183-01 Drive Shaft; Yamaha 1100 V1 / VX 10-15";230,66
WSM;600-074;"WSM 600-074 Fuel Pump; Johnson / Suzuki 150 - 350 Hp 4-Stroke Low Pressure Lift Pump";231,07
WSM;750-800;"WSM 750-800 Sea Water Pump; OMC / Volvo";231,28
WSM;010-843-11P;"WSM 010-843-11P Top End Rebuild Kit; Kawasaki 800 SX-R 03-11 .25mm Over Platinum";231,28
WSM;010-843-12P;"WSM 010-843-12P Top End Rebuild Kit; Kawasaki 800 SX-R 03-11 .5mm Over Platinum";231,28
WSM;010-843-13P;"WSM 010-843-13P Top End Rebuild Kit; Kawasaki 800 SX-R 03-11 .75mm Over Platinum";231,28
WSM;010-843-14P;"WSM 010-843-14P Top End Rebuild Kit; Kawasaki 800 SX-R 03-11 1mm Over Platinum";231,28
WSM;010-843-10P;"WSM 010-843-10P Top End Rebuild Kit; Kawasaki 800 SX-R 03-11 Standard Platinum";231,28
WSM;010-809-11;"WSM 010-809-11 Top End Rebuild Kit; Sea-Doo 951 DI 00-06 .25mm Over";231,28
WSM;010-809-12;"WSM 010-809-12 Top End Rebuild Kit; Sea-Doo 951 DI 00-06 .5mm Over";231,28
WSM;010-809-13;"WSM 010-809-13 Top End Rebuild Kit; Sea-Doo 951 DI 00-06 .75mm over";231,28
WSM;010-809-14;"WSM 010-809-14 Top End Rebuild Kit; Sea-Doo 951 DI 00-06 1mm Over";231,28
WSM;010-809-10;"WSM 010-809-10 Top End Rebuild Kit; Sea-Doo 951 DI 00-06 Standard";231,28
WSM;PH400-0003;"WSM PH400-0003 Stator; Mercury / Mariner 90 - 300 Hp 73-88 9 Amp";231,43
WSM;PH500-M047;"WSM PH500-M047 Fuel Pump; Crusader";232,06
WSM;PH500-M049;"WSM PH500-M049 Fuel Pump; OMC";232,06
WSM;PH500-M080;"WSM PH500-M080 Fuel Pump; Volvo High Pressure";232,06
WSM;PH500-M081;"WSM PH500-M081 Fuel Pump; Volvo Low Pressure";232,06
WSM;PH200-T003;"WSM PH200-T003 Trim / Tilt Motor; Force / Mercury / Mariner 30 - 150 Hp";232,06
WSM;003-161-02;"WSM 003-161-02 Drive Shaft; Kawasaki 900 - 1200 97-06";232,9
WSM;362-302;"WSM 362-302 Ignition Switch; Yamaha 115 - 300 Hp Twin Engine Panel";233,44
WSM;003-504;"WSM 003-504 Jet Pump Housing; Yamaha 1800 14-19";233,5
WSM;003-180;"WSM 003-180 Drive Shaft; Yamaha 800 GP 1998";233,64
WSM;003-230;"WSM 003-230 Coupler; Kawasaki 1500 Ultra 250 / 260 07-10";233,7
WSM;010-336;"WSM 010-336 Crankshaft Rebuild Kit; Polaris 800 Virage 00-04";234,38
WSM;003-171;"WSM 003-171 Drive Shaft; Yamaha 650 VXR 91-95";235,13
WSM;002-052-12;WSM 002-052-12 Nozzle Cable: Yamaha 1800 FX 12-14;236,09
WSM;PH300-0022-CHO;"WSM PH300-0022-CHO Alternator; Mercruiser";236,42
WSM;PH300-0013-CHO;"WSM PH300-0013-CHO Alternator; Mercruiser / OMC";236,42
WSM;600-112-W;"WSM 600-112-W Fuel Pump, Boost; Mercury / Mariner 75 - 300 Hp";236,69
WSM;010-830-11;"WSM 010-830-11 Top End Rebuild Kit; Polaris 750 SL / SLT 93-95 .25mm Over";237,7
WSM;010-830-12;"WSM 010-830-12 Top End Rebuild Kit; Polaris 750 SL / SLT 93-95 .5mm Over";237,7
WSM;010-830-13;"WSM 010-830-13 Top End Rebuild Kit; Polaris 750 SL / SLT 93-95 .75mm Over";237,7
WSM;010-830-14;"WSM 010-830-14 Top End Rebuild Kit; Polaris 750 SL / SLT 93-95 1mm Over";237,7
WSM;010-830-10;"WSM 010-830-10 Top End Rebuild Kit; Polaris 750 SL / SLT 93-95 Standard";237,7
WSM;010-819-11;"WSM 010-819-11 Top End Rebuild Kit; Sea-Doo 951 98-03 .25mm Over";237,7
WSM;010-819-12;"WSM 010-819-12 Top End Rebuild Kit; Sea-Doo 951 98-03 .5mm Over";237,7
WSM;010-819-13;"WSM 010-819-13 Top End Rebuild Kit; Sea-Doo 951 98-03 .75mm Over";237,7
WSM;010-819-14;"WSM 010-819-14 Top End Rebuild Kit; Sea-Doo 951 98-03 1mm Over";237,7
WSM;010-819-10;"WSM 010-819-10 Top End Rebuild Kit; Sea-Doo 951 98-03 Standard";237,7
WSM;999-250;"WSM 999-250 Carburetor Synchronizer Kit; 4 Cylinder";238,1
WSM;003-158-03;"WSM 003-158-03 Drive Shaft; Sea-Doo 1503 RXP X 255 09-10";238,1
WSM;003-170-01;"WSM 003-170-01 Drive Shaft; Yamaha 700 Super Jet 08-20";238,1
WSM;003-181;"WSM 003-181 Drive Shaft; Yamaha 800 - 1200 01-21";238,1
WSM;007-646-01;"WSM 007-646-01 Top End Gasket Kit; Kawasaki 1500 Ultra 250 / 260 07-10";238,1
WSM;007-646-03;"WSM 007-646-03 Top End Gasket Kit; Kawasaki 1500 Ultra 300 11-14";238,1
WSM;501-240;"WSM 501-240 Gasket Kit, Head; Gen IV 7.4L 454 CI.";238,16
WSM;501-241;"WSM 501-241 Gasket Kit, Head; Gen IV 7.4L 454 CI.";238,16
WSM;600-122-01;"WSM 600-122-01 Fuel Pump; Mercury / Yamaha 200 - 250 Hp 4-Stroke";239,34
WSM;003-184;"WSM 003-184 Drive Shaft; Yamaha 1800 14-26 SVHO";239,94
WSM;010-318;"WSM 010-318 Crankshaft Rebuild Kit; Sea-Doo 800 95-03";240,71
WSM;010-319;"WSM 010-319 Crankshaft Rebuild Kit; Sea-Doo 951 97-03";240,71
WSM;PH500-M048;"WSM PH500-M048 Fuel Pump; Crusader";240,82
WSM;PH500-M069;"WSM PH500-M069 Fuel Pump; Yamaha 225 / 250 Hp 4-Stroke";240,82
WSM;PH200-T067-K;WSM PH200-T067-K STAINLESS LATE BRACKET & WIRING HARNESS FOR MERCURY;240,82
WSM;PH130-0062;"WSM PH130-0062 Starter; Mariner / Yamaha 6 - 9.9 / 25 - 50 Hp 12V CCW ROT 85-22";240,82
WSM;PH130-0048;"WSM PH130-0048 Starter; Nissan / Tohatsu 70 - 140 Hp 02-14";240,82
WSM;PH130-0050;"WSM PH130-0050 Starter; Yamaha 60 / 70 Hp 84-08";240,82
WSM;PH200-T049;"WSM PH200-T049 Trim / Tilt Motor; Evinrude 20 - 75 Hp";240,82
WSM;PH200-T026;"WSM PH200-T026 Trim / Tilt Motor; Mercruiser / Mercury / Mariner / Volvo 35 - 200 Hp";240,82
WSM;PH200-T045;"WSM PH200-T045 Trim / Tilt Motor; Yamaha / Mercury 50 / 60 Hp 4-Stroke 05-24";240,82
WSM;PH200-T037;"WSM PH200-T037 Trim / Tilt Motor; Yamaha 50 - 90 / 115 / 150 - 220 Hp";240,82
WSM;PH200-T041;"WSM PH200-T041 Trim / Tilt Motor; Yamaha 60 - 90 Hp 87-91";240,82
WSM;PH200-T044;"WSM PH200-T044 Trim / Tilt Motor; Yamaha 75 - 100 Hp 4-Stroke";240,82
WSM;002-052-06;WSM 002-052-06 Trim Cable: Yamaha 1000 / 1100 / 1800 08-11;241,49
WSM;002-052-05;WSM 002-052-05 Trim Cable: Yamaha 1800 FZR / FZS 09-16;241,49
WSM;010-301;"WSM 010-301 Crankshaft Rebuild Kit; Yamaha 500 87-93";242,28
WSM;372-130;"WSM 372-130 Distributor; Mercruiser / Volvo 4.3 Liter V-6 Vortec";243,76
WSM;85-105;"WSM 85-105 Cylinder Kit; Honda 50 CRF-F 11-21 Big Bore";244,13
WSM;010-840-11;"WSM 010-840-11 Top End Rebuild Kit; Kawasaki 900 STS / ZXi 95-06 .25mm Over";244,13
WSM;010-840-12;"WSM 010-840-12 Top End Rebuild Kit; Kawasaki 900 STS / ZXi 95-06 .5mm Over";244,13
WSM;010-840-13;"WSM 010-840-13 Top End Rebuild Kit; Kawasaki 900 STS / ZXi 95-06 .75mm Over";244,13
WSM;010-840-14;"WSM 010-840-14 Top End Rebuild Kit; Kawasaki 900 STS / ZXi 95-06 1mm Over";244,13
WSM;010-840-10;"WSM 010-840-10 Top End Rebuild Kit; Kawasaki 900 STS / ZXi 95-06 Standard";244,13
WSM;010-840-21;"WSM 010-840-21 Top End Rebuild Kit; Kawasaki 900 STX 97-06 .25mm Over";244,13
WSM;010-840-22;"WSM 010-840-22 Top End Rebuild Kit; Kawasaki 900 STX 97-06 .5mm Over";244,13
WSM;010-840-23;"WSM 010-840-23 Top End Rebuild Kit; Kawasaki 900 STX 97-06 .75mm Over";244,13
WSM;010-840-24;"WSM 010-840-24 Top End Rebuild Kit; Kawasaki 900 STX 97-06 1mm Over";244,13
WSM;010-840-20;"WSM 010-840-20 Top End Rebuild Kit; Kawasaki 900 STX 97-06 Standard";244,13
WSM;010-809-11P;"WSM 010-809-11P Top End Rebuild Kit; Sea-Doo 951 DI 00-06 .25mm Over Platinum";244,13
WSM;010-809-12P;"WSM 010-809-12P Top End Rebuild Kit; Sea-Doo 951 DI 00-06 .5mm Over Platinum";244,13
WSM;010-809-13P;"WSM 010-809-13P Top End Rebuild Kit; Sea-Doo 951 DI 00-06 .75mm Over Platinum";244,13
WSM;010-809-14P;"WSM 010-809-14P Top End Rebuild Kit; Sea-Doo 951 DI 00-06 1mm Over Platinum";244,13
WSM;010-809-10P;"WSM 010-809-10P Top End Rebuild Kit; Sea-Doo 951 DI 00-06 Standard Platinum";244,13
WSM;PH300-0040;"WSM PH300-0040 Alternator; Delco Marine Power";245,18
WSM;PH300-0039;"WSM PH300-0039 Alternator; Mercruiser";245,18
WSM;PH300-0030;"WSM PH300-0030 Alternator; Mercury / Mariner / Mercruiser 115 - 240 Hp";245,18
WSM;PH300-0031;"WSM PH300-0031 Alternator; Mercury / Mariner 75 - 250 Hp 01-09";245,18
WSM;PH300-0038;"WSM PH300-0038 Alternator; Pleasurecraft";245,18
WSM;PH300-0018;"WSM PH300-0018 Alternator; Yanmar 250 / 300 Hp 97-01";245,18
WSM;501-212;"WSM 501-212 Gasket Kit, Head; 4.3L V6 262 CI. With Gen + Plastic S";245,62
WSM;007-646-05;"WSM 007-646-05 Top End Gasket Kit; Kawasaki 1500 Ultra 310 14-26";247,96
WSM;WSM-241;"WSM WSM-241 Intake Grate; Yamaha 1050 / 1100 / 1800 15-26";248,03
WSM;PH300-0036;"WSM PH300-0036 Alternator; Volvo Penta";248,11
WSM;PH300-0017;"WSM PH300-0017 Alternator; Volvo Penta 65 Amp";248,11
WSM;PH500-M060;"WSM PH500-M060 Fuel Pump; Mercury / Mariner 150 - 300 Hp 01-10";248,11
WSM;PH400-0007;"WSM PH400-0007 Stator; Mercury / Mariner 150 - 225 Hp V6 76-88 9 Amp";248,11
WSM;363-5454A7;"WSM 363-5454A7 Stator; Mercury / Mariner 150 - 225 Hp V6 9 Amp 76-88";248,11
WSM;PH200-T001;"WSM PH200-T001 Trim / Tilt Motor; Mercury / Mariner 35  -220 Hp 2 Wire W/Harness";248,11
WSM;PH200-T051;"WSM PH200-T051 Trim / Tilt Motor; OMC";248,11
WSM;54-520-64;"WSM 54-520-64 Top End Rebuild Kit; Yamaha 350 Banshee 87-06";248,23
WSM;54-520-645;"WSM 54-520-645 Top End Rebuild Kit; Yamaha 350 Banshee 87-06";248,23
WSM;54-520-65;"WSM 54-520-65 Top End Rebuild Kit; Yamaha 350 Banshee 87-06";248,23
WSM;54-520-655;"WSM 54-520-655 Top End Rebuild Kit; Yamaha 350 Banshee 87-06";248,23
WSM;54-520-66;"WSM 54-520-66 Top End Rebuild Kit; Yamaha 350 Banshee 87-06";248,23
WSM;54-520-665;"WSM 54-520-665 Top End Rebuild Kit; Yamaha 350 Banshee 87-06";248,23
WSM;003-177;"WSM 003-177 Drive Shaft; Yamaha 1100 Wave Raider / Wave Venture 95-97";250,01
WSM;003-174;"WSM 003-174 Drive Shaft; Yamaha 650 - 760 90-97";250,01
WSM;366-105;"WSM 366-105 Power Pack; Yamaha 60 / 70 Hp 3 Cyl 84-00";250,01
WSM;010-819-11P;"WSM 010-819-11P Top End Rebuild Kit; Sea-Doo 951 98-03 .25mm Over Platinum";250,55
WSM;010-819-12P;"WSM 010-819-12P Top End Rebuild Kit; Sea-Doo 951 98-03 .5mm Over Platinum";250,55
WSM;010-819-13P;"WSM 010-819-13P Top End Rebuild Kit; Sea-Doo 951 98-03 .75mm Over Platinum";250,55
WSM;010-819-14P;"WSM 010-819-14P Top End Rebuild Kit; Sea-Doo 951 98-03 1mm Over Platinum";250,55
WSM;010-819-10P;"WSM 010-819-10P Top End Rebuild Kit; Sea-Doo 951 98-03 Standard Platinum";250,55
WSM;010-832-21;"WSM 010-832-21 Top End Rebuild Kit; Polaris 1050 96-02 .25mm Over";251,58
WSM;010-832-22;"WSM 010-832-22 Top End Rebuild Kit; Polaris 1050 96-02 .5mm Over";251,58
WSM;010-832-23;"WSM 010-832-23 Top End Rebuild Kit; Polaris 1050 96-02 .75mm Over";251,58
WSM;010-832-24;"WSM 010-832-24 Top End Rebuild Kit; Polaris 1050 96-02 1mm Over";251,58
WSM;010-832-20;"WSM 010-832-20 Top End Rebuild Kit; Polaris 1050 96-02 Standard";251,58
WSM;600-146;"WSM 600-146 Fuel Pump, Assembly; Johnson / Evinrude 75 - 225 Hp FICHT";251,6
WSM;600-110;"WSM 600-110 Fuel Pump; Mercury / Mariner / Mercruiser / Yamaha 150 - 300 Hp";251,74
WSM;600-110-01;"WSM 600-110-01 Fuel Pump; Yamaha 150 - 250 Hp 99-05";251,74
WSM;003-182-02;"WSM 003-182-02 Drive Shaft; Yamaha 1800 FZR / FZS 14-16";251,94
WSM;PH130-0061;"WSM PH130-0061 Starter; Mercury / Nissan / Evinrude / Yamaha 8 - 25 Hp 12V CCW 84-08";252,49
WSM;PH130-0052;"WSM PH130-0052 Starter; Suzuki / Nissan / Tohatsu 90 - 225 Hp 12V CW ROT 87-03";252,49
WSM;PH130-0053;"WSM PH130-0053 Starter; Suzuki 115 / 140 Hp 4 Cyl DT 12V CCW ROT 86-01";252,49
WSM;PH130-0063;"WSM PH130-0063 Starter; Yamaha 40 / 50 Hp 12V CCW ROT 84-88";252,49
WSM;010-4018;"WSM 010-4018 Balance Shaft Assembly; Sea-Doo 800 96-05";253
WSM;003-161-06;"WSM 003-161-06 Drive Shaft; Kawasaki 1500 Ultra 250 / 260 07-09";253
WSM;003-182;"WSM 003-182 Drive Shaft; Yamaha 1800 / 1900 08-26";253
WSM;003-182-01;"WSM 003-182-01 Drive Shaft; Yamaha 1800 FZR / FZS 09-16";253
WSM;500-359;"WSM 500-359 Gasket Kit, Powerhead; Yamaha 225 - 300 Hp V6 HPDI 03-15";253
WSM;010-831-11;"WSM 010-831-11 Top End Rebuild Kit; Polaris 650 SL 92-95 .25mm Over";253
WSM;010-831-12;"WSM 010-831-12 Top End Rebuild Kit; Polaris 650 SL 92-95 .5mm Over";253
WSM;010-831-13;"WSM 010-831-13 Top End Rebuild Kit; Polaris 650 SL 92-95 .75mm Over";253
WSM;010-831-14;"WSM 010-831-14 Top End Rebuild Kit; Polaris 650 SL 92-95 1mm Over";253
WSM;010-831-10;"WSM 010-831-10 Top End Rebuild Kit; Polaris 650 SL 92-95 Standard";253
WSM;501-206;"WSM 501-206 Gasket Kit, Head; 5.0L 305 CI. With Gen + Plastic Intake Manifold";253,06
WSM;501-242;"WSM 501-242 Gasket Kit, Head; Gen V & VI 7.4L 454 CI.";253,06
WSM;501-243;"WSM 501-243 Gasket Kit, Head; Gen V 7.4L 454 CI.";253,06
WSM;501-201;"WSM 501-201 Gasket Kit, Head; Gen VI 7.4L 454 CI.";253,06
WSM;501-232;"WSM 501-232 Gasket Kit, Head; Mercuriser 5.7L / 6.2L GM";253,06
WSM;54-262-10;"WSM 54-262-10 Top End Rebuild Kit; Kawasaki 800 Teryx 14-25 Standard";253,12
WSM;500-342;"WSM 500-342 Gasket Kit, Powerhead; Yamaha 150 Hp 4-Stroke 04-24";253,75
WSM;363-5255;"WSM 363-5255 Stator; Mercury 40 Hp 2 Cyl 72-83";254,99
WSM;950-112;"WSM 950-112 Supercharger Tool; Sea-Doo 1630 4-Tec 300 Hp";254,99
WSM;54-314-10;"WSM 54-314-10 Top End Rebuild Kit; Polaris 850 Scrambler / Sportsman 09-22 Standard";255,37
WSM;361-9052;"WSM 361-9052 Switch Box; Mercury / Mariner 50 - 60 Hp 3 Cylinder 91-97";255,89
WSM;600-089-W;"WSM 600-089-W Fuel Pump; Mercury / Mariner / Mercruiser 65 - 425 Hp EFI / 4.5LMPI";255,95
WSM;79-230;"WSM 79-230 Carburetor; Yamaha 400 Kodiak 00-01";256,33
WSM;79-200;"WSM 79-200 Carburetor; Yamaha 250 Bear Tracker 1999";256,98
WSM;007-645-05;"WSM 007-645-05 Complete Gasket Kit; Kawasaki 1200 / 1500 STX-F 03-19";256,98
WSM;010-821-21;"WSM 010-821-21 Top End Rebuild Kit; Kawasaki 1100 STX / ZXI 96-03 .25mm Over";256,98
WSM;010-821-22;"WSM 010-821-22 Top End Rebuild Kit; Kawasaki 1100 STX / ZXI 96-03 .5mm Over";256,98
WSM;010-821-23;"WSM 010-821-23 Top End Rebuild Kit; Kawasaki 1100 STX / ZXI 96-03 .75mm Over";256,98
WSM;010-821-24;"WSM 010-821-24 Top End Rebuild Kit; Kawasaki 1100 STX / ZXI 96-03 1mm Over";256,98
WSM;010-821-20;"WSM 010-821-20 Top End Rebuild Kit; Kawasaki 1100 STX / ZXi 96-03 Standard";256,98
WSM;010-835-21;"WSM 010-835-21 Top End Rebuild Kit; Polaris 1200 00-04 .25mm Over";256,98
WSM;010-835-22;"WSM 010-835-22 Top End Rebuild Kit; Polaris 1200 00-04 .5mm Over";256,98
WSM;010-835-23;"WSM 010-835-23 Top End Rebuild Kit; Polaris 1200 00-04 .75mm Over";256,98
WSM;010-835-24;"WSM 010-835-24 Top End Rebuild Kit; Polaris 1200 00-04 1mm Over";256,98
WSM;010-835-20;"WSM 010-835-20 Top End Rebuild Kit; Polaris 1200 00-04 Standard";256,98
WSM;010-834-11;"WSM 010-834-11 Top End Rebuild Kit; Polaris 780 SL / SLT / SLX 95-97 .25mm Over";256,98
WSM;010-834-12;"WSM 010-834-12 Top End Rebuild Kit; Polaris 780 SL / SLT / SLX 95-97 .5mm Over";256,98
WSM;010-834-13;"WSM 010-834-13 Top End Rebuild Kit; Polaris 780 SL / SLT / SLX 95-97 .75mm Over";256,98
WSM;010-834-14;"WSM 010-834-14 Top End Rebuild Kit; Polaris 780 SL / SLT / SLX 95-97 1mm Over";256,98
WSM;010-834-10;"WSM 010-834-10 Top End Rebuild Kit; Polaris 780 SL / SLT / SLX 95-97 Standard";256,98
WSM;010-827-21;"WSM 010-827-21 Top End Rebuild Kit; Yamaha 1100 95-97 .25mm Over";256,98
WSM;010-827-22;"WSM 010-827-22 Top End Rebuild Kit; Yamaha 1100 95-97 .5mm Over";256,98
WSM;010-827-23;"WSM 010-827-23 Top End Rebuild Kit; Yamaha 1100 95-97 .75mm Over";256,98
WSM;010-827-24;"WSM 010-827-24 Top End Rebuild Kit; Yamaha 1100 95-97 1mm Over";256,98
WSM;010-827-20;"WSM 010-827-20 Top End Rebuild Kit; Yamaha 1100 95-97 Standard";256,98
WSM;PH130-0054;"WSM PH130-0054 Starter; Honda 35 - 50 Hp BF 12V CW ROT 95-01";257
WSM;PH200-T031;"WSM PH200-T031 Trim / Tilt Motor; Evinrude / Chrysler / Force 50 - 140 Hp";261,25
WSM;PH200-T046;"WSM PH200-T046 Trim / Tilt Motor; Honda / Johnson / Evinrude / Suzuki 40 / 50 Hp 4-Stroke";261,25
WSM;PH200-T062;"WSM PH200-T062 Trim / Tilt Motor; Johnson / Evinrude  40 / 50 Hp 4-Stroke";261,25
WSM;PH200-T054;"WSM PH200-T054 Trim / Tilt Motor; Volvo Penta";261,25
WSM;PH200-T055;"WSM PH200-T055 Trim / Tilt Motor; Volvo Penta";261,25
WSM;PH200-T058;"WSM PH200-T058 Trim / Tilt Motor; Volvo Penta";261,25
WSM;PH200-T036;"WSM PH200-T036 Trim / Tilt Motor; Yamaha 40 - 75 Hp";261,25
WSM;003-158-05;"WSM 003-158-05 Drive Shaft; Sea-Doo 1503 RXT X 255 08-09";262,01
WSM;PH130-0077;"WSM PH130-0077 Starter; Johnson / Evinrude / Suzuki 25 Hp 4-Stroke 12V CCW ROT 06-10";262,15
WSM;500-322;"WSM 500-322 Gasket Kit, Powerhead; Mercury 40 - 60 Hp 4 Stroke EFI";262,18
WSM;999-255;"WSM 999-255 Carburetor Synchronizer Kit; 6 Cylinder";262,63
WSM;905-202;"WSM 905-202 Control Box Assembly; Yamaha 50 Hp 1988 - Pull To Open";262,63
WSM;010-840-14P;"WSM 010-840-14P Top End Rebuild Kit; Kawasaki 900 STS /  ZXi 95-06 1mm Over Platinum";263,4
WSM;010-840-11P;"WSM 010-840-11P Top End Rebuild Kit; Kawasaki 900 STS / STX / ZXi 95-06 .25mm Over Platinum";263,4
WSM;010-840-12P;"WSM 010-840-12P Top End Rebuild Kit; Kawasaki 900 STS / ZXi 95-06 .5mm Over Platinum";263,4
WSM;010-840-13P;"WSM 010-840-13P Top End Rebuild Kit; Kawasaki 900 STS / ZXi 95-06 .75mm Over Platinum";263,4
WSM;010-840-10P;"WSM 010-840-10P Top End Rebuild Kit; Kawasaki 900 STS / ZXi 95-06 Standard Platinum";263,4
WSM;010-840-21P;"WSM 010-840-21P Top End Rebuild Kit; Kawasaki 900 STX 97-06 .25mm Over Platinum";263,4
WSM;010-840-22P;"WSM 010-840-22P Top End Rebuild Kit; Kawasaki 900 STX 97-06 .5mm Over Platinum";263,4
WSM;010-840-23P;"WSM 010-840-23P Top End Rebuild Kit; Kawasaki 900 STX 97-06 .75mm Over Platinum";263,4
WSM;010-840-24P;"WSM 010-840-24P Top End Rebuild Kit; Kawasaki 900 STX 97-06 1mm Over Platinum";263,4
WSM;010-840-20P;"WSM 010-840-20P Top End Rebuild Kit; Kawasaki 900 STX 97-06 Standard Platinum";263,4
WSM;361-4953;"WSM 361-4953 Switch Box; Chrysler / Mercury / Mariner 70 - 95 Hp 3 Cylinder 91-98";263,94
WSM;361-4952A30;"WSM 361-4952A30 Switch Box; Mercury / Mariner 15 - 25 Hp 2 Cylinder 94-98";263,94
WSM;003-158-08;"WSM 003-158-08 Drive Shaft; Sea-Doo 1503 / 1630 18-20";265,55
WSM;PH300-0008;"WSM PH300-0008 Alternator; Volvo Penta";267,08
WSM;010-832-21P;"WSM 010-832-21P Top End Rebuild Kit; Polaris 1050 96-02 .25mm Over Platinum";268,76
WSM;010-832-22P;"WSM 010-832-22P Top End Rebuild Kit; Polaris 1050 96-02 .5mm Over Platinum";268,76
WSM;010-832-23P;"WSM 010-832-23P Top End Rebuild Kit; Polaris 1050 96-02 .75mm Over Platinum";268,76
WSM;010-832-24P;"WSM 010-832-24P Top End Rebuild Kit; Polaris 1050 96-02 1mm Over Platinum";268,76
WSM;010-832-20P;"WSM 010-832-20P Top End Rebuild Kit; Polaris 1050 96-02 Standard Platinum";268,76
WSM;003-504-01;"WSM 003-504-01 Jet Pump Housing; Yamaha 1800 14-19 Stainless";269,15
WSM;364-150;"WSM 364-150 Stator; Yamaha 75 Hp 3 Cyl 97-00";269,15
WSM;010-842-11;"WSM 010-842-11 Top End Rebuild Kit; Kawasaki 1100 DI 00-04 .25mm Over";269,83
WSM;010-842-12;"WSM 010-842-12 Top End Rebuild Kit; Kawasaki 1100 DI 00-04 .5mm Over";269,83
WSM;010-842-13;"WSM 010-842-13 Top End Rebuild Kit; Kawasaki 1100 DI 00-04 .75mm Over";269,83
WSM;010-842-14;"WSM 010-842-14 Top End Rebuild Kit; Kawasaki 1100 DI 00-04 1mm Over";269,83
WSM;010-842-10;"WSM 010-842-10 Top End Rebuild Kit; Kawasaki 1100 DI 00-04 Standard";269,83
WSM;010-827-21P;"WSM 010-827-21P Top End Rebuild Kit; Yamaha 1100 95-97 .25mm Over Platinum";269,83
WSM;010-827-22P;"WSM 010-827-22P Top End Rebuild Kit; Yamaha 1100 95-97 .5mm Over Platinum";269,83
WSM;010-827-23P;"WSM 010-827-23P Top End Rebuild Kit; Yamaha 1100 95-97 .75mm Over Platinum";269,83
WSM;010-827-24P;"WSM 010-827-24P Top End Rebuild Kit; Yamaha 1100 95-97 1mm Over Platinum";269,83
WSM;010-827-20P;"WSM 010-827-20P Top End Rebuild Kit; Yamaha 1100 95-97 Standard Platinum";269,83
WSM;003-159-02;"WSM 003-159-02 Drive Shaft; Sea Doo 900 Spark 21-24";269,88
WSM;54-261-10;"WSM 54-261-10 Top End Rebuild Kit; Kawasaki 750 Brute Force 15-26 Standard";269,98
WSM;54-606-10A;"WSM 54-606-10A Top End Rebuild Kit; Suzuki 750 King Quad 08-25 Standard A";269,98
WSM;54-606-10B;"WSM 54-606-10B Top End Rebuild Kit; Suzuki 750 King Quad 08-25 Standard B";269,98
WSM;54-606-10C;"WSM 54-606-10C Top End Rebuild Kit; Suzuki 750 King Quad 08-25 Standard C";269,98
WSM;PH500-M021;"WSM PH500-M021 Fuel Pump; Yamaha 115 Hp 4-Stroke";269,99
WSM;361-4953-32;"WSM 361-4953-32 Switch Box; Mercury 175 / 210 Hp 6 Cylinder Sport Jet 00-05";271,97
WSM;54-520-5-64;"WSM 54-520-5-64 Top End Rebuild Kit; Yamaha 350 Banshee 87-06 Forged Long Rod";272,52
WSM;54-520-5-645;"WSM 54-520-5-645 Top End Rebuild Kit; Yamaha 350 Banshee 87-06 Forged Long Rod";272,52
WSM;54-520-5-65;"WSM 54-520-5-65 Top End Rebuild Kit; Yamaha 350 Banshee 87-06 Forged Long Rod";272,52
WSM;54-520-5-655;"WSM 54-520-5-655 Top End Rebuild Kit; Yamaha 350 Banshee 87-06 Forged Long Rod";272,52
WSM;54-520-5-66;"WSM 54-520-5-66 Top End Rebuild Kit; Yamaha 350 Banshee 87-06 Forged Long Rod";272,52
WSM;54-520-5-665;"WSM 54-520-5-665 Top End Rebuild Kit; Yamaha 350 Banshee 87-06 Forged Long Rod";272,52
WSM;PH200-T082;"WSM PH200-T082 Trim / Tilt Motor; Yamaha 425 Hp 2018-23";273,6
WSM;54-320-10;"WSM 54-320-10 Top End Rebuild Kit; Polaris 900 / 1000 13-26 Standard";275,53
WSM;54-318-10;"WSM 54-318-10 Top End Rebuild Kit; Polaris 900 RZR 11-14 Standard";275,53
WSM;120-110-24;"WSM 120-110-24 Valve Stem Seal; Mercury 80 - 400 Hp 4-Stroke Pack of 24";275,8
WSM;010-821-21P;"WSM 010-821-21P Top End Rebuild Kit; Kawasaki 1100 STX / ZXI 96-03 .25mm Over Platinum";276,25
WSM;010-821-22P;"WSM 010-821-22P Top End Rebuild Kit; Kawasaki 1100 STX / ZXI 96-03 .5mm Over Platinum";276,25
WSM;010-821-23P;"WSM 010-821-23P Top End Rebuild Kit; Kawasaki 1100 STX / ZXI 96-03 .75mm Over Platinum";276,25
WSM;010-821-24P;"WSM 010-821-24P Top End Rebuild Kit; Kawasaki 1100 STX / ZXI 96-03 1mm Over Platinum";276,25
WSM;010-821-20P;"WSM 010-821-20P Top End Rebuild Kit; Kawasaki 1100 STX / ZXI 96-03 Standard Platinum";276,25
WSM;010-841-11;"WSM 010-841-11 Top End Rebuild Kit; Kawasaki 1200 STX-R / Ultra 150 99-05 .25mm Over";276,25
WSM;010-841-12;"WSM 010-841-12 Top End Rebuild Kit; Kawasaki 1200 STX-R / Ultra 150 99-05 .5mm Over";276,25
WSM;010-841-13;"WSM 010-841-13 Top End Rebuild Kit; Kawasaki 1200 STX-R / Ultra 150 99-05 .75mm Over";276,25
WSM;010-841-14;"WSM 010-841-14 Top End Rebuild Kit; Kawasaki 1200 STX-R / Ultra 150 99-05 1mm Over";276,25
WSM;010-841-10;"WSM 010-841-10 Top End Rebuild Kit; Kawasaki 1200 STX-R / Ultra 150 99-05 Standard";276,25
WSM;010-835-21P;"WSM 010-835-21P Top End Rebuild Kit; Polaris 1200 00-04 .25mm Over Platinum";276,25
WSM;010-835-22P;"WSM 010-835-22P Top End Rebuild Kit; Polaris 1200 00-04 .5mm Over Platinum";276,25
WSM;010-835-23P;"WSM 010-835-23P Top End Rebuild Kit; Polaris 1200 00-04 .75mm Over Platinum";276,25
WSM;010-835-24P;"WSM 010-835-24P Top End Rebuild Kit; Polaris 1200 00-04 1mm Over Platinum";276,25
WSM;010-835-20P;"WSM 010-835-20P Top End Rebuild Kit; Polaris 1200 00-04 Standard Platinum";276,25
WSM;600-115;"WSM 600-115 Fuel Pump; Yamaha 200 - 300 Hp HPDI";277,14
WSM;003-161-09;WSM 003-161-09 Drive Shaft: Kawasaki 650 X2 86-87 / 91-93;277,21
WSM;54-260-10;"WSM 54-260-10 Top End Rebuild Kit; Kawasaki 750 Brute Force 12-14 Standard";277,26
WSM;54-616-10A;"WSM 54-616-10A Top End Rebuild Kit; Suzuki 700 King Quad 05-07 Standard A";277,26
WSM;54-616-10B;"WSM 54-616-10B Top End Rebuild Kit; Suzuki 700 King Quad 05-07 Standard B";277,26
WSM;54-616-10C;"WSM 54-616-10C Top End Rebuild Kit; Suzuki 700 King Quad 05-07 Standard C";277,26
WSM;369-550;"WSM 369-550 Wires, Ignition Set; Mercruiser V8 - 8.1L. 496 CI";277,92
WSM;003-161-08;"WSM 003-161-08 Drive Shaft; Kawasaki 800 SX-R 03-11";278,68
WSM;PH500-M066;"WSM PH500-M066 Fuel Pump; Yamaha 300 / 350 Hp 4-Stroke";280,21
WSM;100-252-11;"WSM 100-252-11 Powerhead Rebuild Kit; Yamaha 40 / 50 Hp 3 Cylinder 84-94 .010 Over";281,2
WSM;100-252-12;"WSM 100-252-12 Powerhead Rebuild Kit; Yamaha 40 / 50 Hp 3 Cylinder 84-94 .020 Over";281,2
WSM;100-252-13;"WSM 100-252-13 Powerhead Rebuild Kit; Yamaha 40 / 50 Hp 3 Cylinder 84-94 .030 Over";281,2
WSM;100-252-14;"WSM 100-252-14 Powerhead Rebuild Kit; Yamaha 40 / 50 Hp 3 Cylinder 84-94 .040 Over";281,2
WSM;100-252-10;"WSM 100-252-10 Powerhead Rebuild Kit; Yamaha 40 / 50 Hp 3 Cylinder 84-94 Standard";281,2
WSM;100-252-21;"WSM 100-252-21 Powerhead Rebuild Kit; Yamaha 40 / 50 Hp 3 Cylinder 95-08 .010 Over";281,2
WSM;100-252-22;"WSM 100-252-22 Powerhead Rebuild Kit; Yamaha 40 / 50 Hp 3 Cylinder 95-08 .020 Over";281,2
WSM;100-252-23;"WSM 100-252-23 Powerhead Rebuild Kit; Yamaha 40 / 50 Hp 3 Cylinder 95-08 .030 Over";281,2
WSM;100-252-24;"WSM 100-252-24 Powerhead Rebuild Kit; Yamaha 40 / 50 Hp 3 Cylinder 95-08 .040 Over";281,2
WSM;100-252-20;"WSM 100-252-20 Powerhead Rebuild Kit; Yamaha 40 / 50 Hp 3 Cylinder 95-08 Standard";281,2
WSM;PH500-M005;"WSM PH500-M005 Fuel Pump; Mercury / Mariner 150 - 225 Hp";281,68
WSM;PH500-M004;"WSM PH500-M004 Fuel Pump; Yamaha 200 / 225 Hp 4-Stroke";281,68
WSM;PH400-0001;"WSM PH400-0001 Stator; Mercury 40 Hp 2 Cylinder 72-83";281,68
WSM;340-320;"WSM 340-320 Starter; Mercury / Mariner 75 / 115Hp 4 Stroke 09-Up";281,84
WSM;010-826-21;"WSM 010-826-21 Top End Rebuild Kit; Yamaha 1200 97-04 .25mm Over";282,68
WSM;010-826-22;"WSM 010-826-22 Top End Rebuild Kit; Yamaha 1200 97-04 .5mm Over";282,68
WSM;010-826-23;"WSM 010-826-23 Top End Rebuild Kit; Yamaha 1200 97-04 .75mm Over";282,68
WSM;010-826-24;"WSM 010-826-24 Top End Rebuild Kit; Yamaha 1200 97-04 1mm Over";282,68
WSM;010-826-20;"WSM 010-826-20 Top End Rebuild Kit; Yamaha 1200 97-04 Standard";282,68
WSM;004-220-04;"WSM 004-220-04 CDI Box; Sea-Doo 720 97-05";282,77
WSM;007-646;"WSM 007-646 Complete Gasket Kit; Kawasaki 1500 Ultra 250 / 260 07-10";282,77
WSM;007-646-02;"WSM 007-646-02 Complete Gasket Kit; Kawasaki 1500 Ultra 300 11-14";282,77
WSM;600-119-W;"WSM 600-119-W Fuel Pump; Mercury / Mariner 150 - 300 Hp 01-10";282,77
WSM;79-220;"WSM 79-220 Carburetor; Yamaha 350 Warrior 93-04";283,48
WSM;PH130-0064;"WSM PH130-0064 Starter; Honda 75 / 90 Hp BF 12V CW ROT 97-06";284,58
WSM;PH130-0090;"WSM PH130-0090 Starter; Yamaha 12V 9 Tooth CCW STR";284,58
WSM;PH200-T038;"WSM PH200-T038 Trim / Tilt Motor; Force 85 - 150 Hp";284,58
WSM;PH200-T076;"WSM PH200-T076 Trim / Tilt Motor; Honda / Tohatsu 175 - 225 Hp 04-12";284,58
WSM;PH200-T077;"WSM PH200-T077 Trim / Tilt Motor; Honda 135 / 150 Hp BF 04-21";284,58
WSM;610-255;"WSM 610-255 Fuel Injector; Mercury 2.5 / 3.0 Liter EFI V6";284,78
WSM;PH130-0091;"WSM PH130-0091 Starter; Mercury / Mariner 75 / 115Hp 4 Stroke 09-Up";286,8
WSM;010-842-11P;"WSM 010-842-11P Top End Rebuild Kit; Kawasaki 1100 DI 00-04 .25mm Over Platinum";289,1
WSM;010-842-12P;"WSM 010-842-12P Top End Rebuild Kit; Kawasaki 1100 DI 00-04 .5mm Over Platinum";289,1
WSM;010-842-13P;"WSM 010-842-13P Top End Rebuild Kit; Kawasaki 1100 DI 00-04 .75mm Over Platinum";289,1
WSM;010-842-14P;"WSM 010-842-14P Top End Rebuild Kit; Kawasaki 1100 DI 00-04 1mm Over Platinum";289,1
WSM;010-842-10P;"WSM 010-842-10P Top End Rebuild Kit; Kawasaki 1100 DI 00-04 Standard Platinum";289,1
WSM;365-1980;"WSM 365-1980 Rectifier / Regulator; Yamaha 300 - 350 Hp 4-Stroke 07-19";289,54
WSM;PH300-0048;"WSM PH300-0048 Alternator; Mercury / Mariner 135 - 300 Hp Verado 05-17";290,44
WSM;PH300-0047;"WSM PH300-0047 Alternator; Mercury / Mariner 75 - 115 Hp 2 / 4 Stroke";290,44
WSM;PH500-M024;"WSM PH500-M024 Fuel Pump; Johnson / Mercury / Mariner / Suzuki / Yamaha 70 - 300 Hp 4-Stroke";290,44
WSM;PH500-M065;"WSM PH500-M065 Fuel Pump; Yamaha 150 Hp 4-Stroke";290,44
WSM;003-161-05;"WSM 003-161-05 Drive Shaft; Kawasaki 1200 / 1500 03-26";291,01
WSM;003-161-07;"WSM 003-161-07 Drive Shaft; Kawasaki 1500 Ultra 300 11-13";291,01
WSM;850-305WSM;"WSM 850-305WSM Crankshaft; Yamaha 9.9 / 15 Hp 96-09";291,82
WSM;003-156K;"WSM 003-156K Drive Shaft Upgrade Kit; Sea-Doo 1503 4-Tec 09-10";291,82
WSM;366-112;"WSM 366-112 Power Pack; Yamaha 75 Hp 3 Cyl 97-00";291,82
WSM;PH200-T075;"WSM PH200-T075 Trim / Tilt Motor; Yamaha 75 - 150 Hp 4-Stroke 06-22";291,82
WSM;372-200;"WSM 372-200 Distributor; Mercruiser / Volvo 5.0 - 6.2 Liter V-8 Vortec";295,33
WSM;010-841-11P;"WSM 010-841-11P Top End Rebuild Kit; Kawasaki 1200 STX-R / Ultra 150 99-05 .25mm Over Platinum";295,54
WSM;010-841-12P;"WSM 010-841-12P Top End Rebuild Kit; Kawasaki 1200 STX-R / Ultra 150 99-05 .5mm Over Platinum";295,54
WSM;010-841-13P;"WSM 010-841-13P Top End Rebuild Kit; Kawasaki 1200 STX-R / Ultra 150 99-05 .75mm Over Platinum";295,54
WSM;010-841-14P;"WSM 010-841-14P Top End Rebuild Kit; Kawasaki 1200 STX-R / Ultra 150 99-05 1mm Over Platinum";295,54
WSM;010-841-10P;"WSM 010-841-10P Top End Rebuild Kit; Kawasaki 1200 STX-R / Ultra 150 99-05 Standard Platinum";295,54
WSM;600-199;"WSM 600-199 Fuel Pump; Honda / Nissan / Tohatsu / Suzuki / 200 - 325 Hp 4-Stroke 20-23";295,56
WSM;PH300-0029;"WSM PH300-0029 Alternator; Cummins / Leece Neville Diesel";296,27
WSM;PH200-T060;"WSM PH200-T060 Trim / Tilt Motor; Suzuki 40 Hp 12V BI Rot";296,27
WSM;500-372;"WSM 500-372 Gasket Kit, Powerhead; Yamaha 150 - 200 Hp 2.8 Liter 4-Stroke";296,6
WSM;007-646-04;"WSM 007-646-04 Complete Gasket Kit; Kawasaki 1500 Ultra 310 14-26";297,49
WSM;003-158-01K;"WSM 003-158-01K Drive Shaft Upgrade Kit; Sea-Doo 1503 4-Tec 06-17";297,71
WSM;003-158-03K;"WSM 003-158-03K Drive Shaft Upgrade Kit; Sea-Doo 1503 RXP-X 255 09-10";297,71
WSM;003-158-04K;"WSM 003-158-04K Drive Shaft Upgrade Kit; Sea-Doo 1503 RXT-X 255 09-10";297,71
WSM;010-103K;"WSM 010-103K Supercharger Kit; Sea-Doo 1503 4-Tec 03-06 17 tooth";299,11
WSM;010-102K;"WSM 010-102K Supercharger Kit; Sea-Doo 1503 4-Tec 16 tooth";299,11
WSM;PH200-T078;"WSM PH200-T078 Trim / Tilt Motor; Honda / Suzuki 70 - 90 Hp 4 Stroke 07-21";299,2
WSM;750-830;"WSM 750-830 Sea Water Pump; Indmar  / Pleasure Craft / Volvo";299,57
WSM;010-826-21P;"WSM 010-826-21P Top End Rebuild Kit; Yamaha 1200 97-04 .25mm Over Platinum";301,96
WSM;010-826-22P;"WSM 010-826-22P Top End Rebuild Kit; Yamaha 1200 97-04 .5mm Over Platinum";301,96
WSM;010-826-23P;"WSM 010-826-23P Top End Rebuild Kit; Yamaha 1200 97-04 .75mm Over Platinum";301,96
WSM;010-826-24P;"WSM 010-826-24P Top End Rebuild Kit; Yamaha 1200 97-04 1mm Over Platinum";301,96
WSM;010-826-20P;"WSM 010-826-20P Top End Rebuild Kit; Yamaha 1200 97-04 Standard Platinum";301,96
WSM;PH500-M071;"WSM PH500-M071 Fuel Pump; Johnson / Evinrude / Suzuki 40 - 70 Hp 4-Stroke";303,56
WSM;PH500-M070;"WSM PH500-M070 Fuel Pump; Mercury / Mariner 115 - 250 Hp V6 DFI Boost With Bracket";303,56
WSM;PH130-0051;"WSM PH130-0051 Starter; Yamaha 115 - 225 Hp 97-10";303,56
WSM;PH130-0058;"WSM PH130-0058 Starter; Yamaha 75 - 90 Hp 12V CCW ROT 84-09";303,56
WSM;PH200-T052;"WSM PH200-T052 Trim / Tilt Motor; Johnson / Evinrude 35 - 135 Hp";303,56
WSM;PH200-T068;"WSM PH200-T068 Trim / Tilt Motor; Yamaha 75 / 90 Hp 4-Stroke 05-21";303,56
WSM;010-333;"WSM 010-333 Crankshaft Rebuild Kit; Polaris 900 / 1050 96-02";304,81
WSM;WSM-313;"WSM WSM-313 Ride Plate; Yamaha 1800 FZR / FZS 09-16";306,41
WSM;100-101-11;"WSM 100-101-11 Powerhead Rebuild Kit; Johnson / Evinrude 9.9 / 15 Hp Cross Flow 74-92 .010 Over";308,39
WSM;100-101-12;"WSM 100-101-12 Powerhead Rebuild Kit; Johnson / Evinrude 9.9 / 15 Hp Cross Flow 74-92 .020 Over";308,39
WSM;100-101-13;"WSM 100-101-13 Powerhead Rebuild Kit; Johnson / Evinrude 9.9 / 15 Hp Cross Flow 74-92 .030 Over";308,39
WSM;100-101-14;"WSM 100-101-14 Powerhead Rebuild Kit; Johnson / Evinrude 9.9 / 15 Hp Cross Flow 74-92 .040 Over";308,39
WSM;100-101-10;"WSM 100-101-10 Powerhead Rebuild Kit; Johnson / Evinrude 9.9 / 15 Hp Cross Flow 74-92 Standard";308,39
WSM;PH300-0021;"WSM PH300-0021 Alternator; Mercury / Mariner 200 - 250 Hp 98-08";310,87
WSM;PH130-0080;"WSM PH130-0080 Starter; Nissan / Tohatsu 25 - 40 Hp 12V CCW ROT";310,87
WSM;010-310-01;"WSM 010-310-01 Crankshaft Rebuild Kit; Kawasaki 650 89-96";310,97
WSM;010-320;"WSM 010-320 Crankshaft Rebuild Kit; Kawasaki 750 93-95";310,97
WSM;010-321;"WSM 010-321 Crankshaft Rebuild Kit; Kawasaki 750 SXI / ZXI 96-97";310,97
WSM;010-330;"WSM 010-330 Crankshaft Rebuild Kit; Polaris 650 - 780 SL / SLT 92-97";310,97
WSM;36-520;"WSM 36-520 Crankshaft Rebuild Kit; Yamaha 350 Banshee 87-06";311,05
WSM;750-600;"WSM 750-600 Sea Water Pump; Mercruiser; V6 / V8 262 - 496 Hp W/O Pulley";314,6
WSM;021-550;"WSM 021-550 Impeller; Kawasaki 550 JS 82-89";314,94
WSM;PH500-M061;"WSM PH500-M061 Fuel Pump; Mercury / Mariner 75 - 300 Hp Hi Pressure";319,61
WSM;PH500-M006;"WSM PH500-M006 Fuel Pump; Mercury / Yamaha 200 / 225 Hp 4-Stroke";319,61
WSM;PH130-0065;"WSM PH130-0065 Starter; Honda 115 / 130 Hp BF 12V CW ROT 99-11";319,61
WSM;PH130-0060;"WSM PH130-0060 Starter; Suzuki 50 - 85 Hp 12V CCW ROT 83-00";319,61
WSM;PH130-0056;"WSM PH130-0056 Starter; Yamaha 150 - 200 Hp 2.6L HPDI 12V CCW ROT 00-14";319,61
WSM;PH130-0082;"WSM PH130-0082 Starter; Yamaha 50 / 60 Hp 4-Stroke 02-04";319,61
WSM;372-110;"WSM 372-110 Distributor; Mercruiser / OMC / Volvo 5.0 / 5.7 Liter V-8 W-HEI";321,16
WSM;002-247;"WSM 002-247 Steering Cable; Yamaha 1800 275 E / SE 19-26";321,24
WSM;010-829-10P;"WSM 010-829-10P Top End Rebuild Kit; Yamaha 1200R 99-01 Standard Platinum";321,24
WSM;010-325;"WSM 010-325 Crankshaft Rebuild Kit; Yamaha 650 - 760 90-09";321,47
WSM;905-025;"WSM 905-025 Control Box Assembly; Johnson / Evinrude Dual Binnacle W/O Key W/PTT";322,57
WSM;600-113-W;"WSM 600-113-W Fuel Pump; Mercury / Mariner 135 - 225 Hp DFI";325,06
WSM;600-114-W;"WSM 600-114-W Fuel Pump, Hi-Pressure; Mercury / Mariner 75 - 300 Hp";325,49
WSM;100-102-11;"WSM 100-102-11 Powerhead Rebuild Kit; Johnson / Evinrude 9.9 / 15 Hp Cross Flow 93-07 .010 Over";326,3
WSM;100-102-12;"WSM 100-102-12 Powerhead Rebuild Kit; Johnson / Evinrude 9.9 / 15 Hp Cross Flow 93-07 .020 Over";326,3
WSM;100-102-13;"WSM 100-102-13 Powerhead Rebuild Kit; Johnson / Evinrude 9.9 / 15 Hp Cross Flow 93-07 .030 Over";326,3
WSM;100-102-14;"WSM 100-102-14 Powerhead Rebuild Kit; Johnson / Evinrude 9.9 / 15 Hp Cross Flow 93-07 .040 Over";326,3
WSM;100-102-10;"WSM 100-102-10 Powerhead Rebuild Kit; Johnson / Evinrude 9.9 / 15 Hp Cross Flow 93-07 Standard";326,3
WSM;002-242;"WSM 002-242 Steering Cable; Yamaha 1800 240 / 242 15-20";327,66
WSM;PH130-0070;"WSM PH130-0070 Starter; Honda / Tohatsu 175 - 250 Hp BF 12V CW ROT 02-23";328,38
WSM;PH200-T033;"WSM PH200-T033 Trim / Tilt Motor; Force / Mercury / Mariner 65 - 125 Hp";328,38
WSM;PH500-M059;"WSM PH500-M059 Fuel Pump; Mercury / Mariner 135 - 225 Hp DFI";332,75
WSM;PH400-0010;"WSM PH400-0010 Stator; Johnson / Evinrude 150 / 175 Hp 6 Cyl 60 Degree 91-06";332,75
WSM;PH400-0009;"WSM PH400-0009 Stator; Johnson / Evinrude 185 - 300 Hp 93-01 35 Amp";332,75
WSM;366-107;"WSM 366-107 Power Pack; Yamaha 60 / 70 Hp 3 Cyl 96-08";334,09
WSM;002-243;"WSM 002-243 Steering Cable; Yamaha 1050 210 FSH 18-22";334,09
WSM;002-244;"WSM 002-244 Steering Cable; Yamaha 1800 / 1900 AR / SX 190 / 195 19-26";334,09
WSM;010-338;"WSM 010-338 Crankshaft Rebuild Kit; Polaris 1200 99-04";334,18
WSM;002-245;"WSM 002-245 Steering Cable; Yamaha 1050 / 1800 / 1900  210 / 212 / 252 / 255 17-26";338,89
WSM;367-4981;"WSM 367-4981 Stator; Johnson / Evinrude 150 / 175 Hp 6 Cyl 60 Degree 91-06";339,42
WSM;367-4643;"WSM 367-4643 Stator; Johnson / Evinrude 185 - 300 Hp 35 Amp 93-01";339,42
WSM;002-240;"WSM 002-240 Steering Cable; Yamaha 1800 190 16-18";339,43
WSM;002-246;"WSM 002-246 Steering Cable; Yamaha 1800 / 1900 190 / 195 FSH Sport / Deluxe 19-26";340,51
WSM;100-103-11;"WSM 100-103-11 Powerhead Rebuild Kit; Johnson / Evinrude 18 - 35 Hp Cross Flow 81-05 .010 Over";341,36
WSM;100-103-12;"WSM 100-103-12 Powerhead Rebuild Kit; Johnson / Evinrude 18 - 35 Hp Cross Flow 81-05 .020 Over";341,36
WSM;100-103-13;"WSM 100-103-13 Powerhead Rebuild Kit; Johnson / Evinrude 18 - 35 Hp Cross Flow 81-05 .030 Over";341,36
WSM;100-103-14;"WSM 100-103-14 Powerhead Rebuild Kit; Johnson / Evinrude 18 - 35 Hp Cross Flow 81-05 .040 Over";341,36
WSM;100-103-10;"WSM 100-103-10 Powerhead Rebuild Kit; Johnson / Evinrude 18 - 35 Hp Cross Flow 81-05 Standard";341,36
WSM;750-825;"WSM 750-825 Sea Water Pump; OMC / Volvo W/Serptine Belt";345,72
WSM;750-822;"WSM 750-822 Sea Water Pump; Volvo With V-Belts";345,72
WSM;002-241;"WSM 002-241 Steering Cable; Yamaha 1800 212X / 212XE / 242 XE 18-22";346,94
WSM;010-104K;"WSM 010-104K Supercharger Kit; Sea-Doo 1630 4-Tec 16-26";346,94
WSM;PH200-T080;"WSM PH200-T080 Trim / Tilt Motor; Yamaha 300 / 350 Hp 4-Stroke 07-15";347
WSM;54-317-10;"WSM 54-317-10 Top End Rebuild Kit; Polaris 700 Ranger / Sportsman 02-09 Standard";348,79
WSM;PH130-0055;"WSM PH130-0055 Starter; Mercury / Mariner / Yamaha 75 - 100 Hp 4-Stroke 12V CCW ROT 99-05";350,27
WSM;PH200-T050;"WSM PH200-T050 Trim / Tilt Motor; Yamaha 225 / 250 Hp";350,27
WSM;003-155;"WSM 003-155 Drive Shaft Kit; Polaris 650 / 750 92-95";352,76
WSM;750-640;"WSM 750-640 Sea Water Pump; Pleasurecraft 302 / 351 V8";352,76
WSM;449-109;"WSM 449-109 Drive Shaft; Evinrude 40 - 65 Hp E-TEC";357,18
WSM;PH500-M083-K;"WSM PH500-M083-K Fuel Pump, Assembly; Johnson / Evinrude 75 - 225 Hp FICHT";358,8
WSM;002-248;"WSM 002-248 Steering Cable; Yamaha 1800 / 1900 250 / 252 / 255 Jet Boat 21-26";359,8
WSM;010-829-11P;"WSM 010-829-11P Top End Rebuild Kit; Yamaha 1200R 99-01 .25mm Over Platinum";359,8
WSM;010-829-12P;"WSM 010-829-12P Top End Rebuild Kit; Yamaha 1200R 99-01 .5mm Over Platinum";359,8
WSM;010-829-13P;"WSM 010-829-13P Top End Rebuild Kit; Yamaha 1200R 99-01 .75mm Over Platinum";359,8
WSM;010-829-14P;"WSM 010-829-14P Top End Rebuild Kit; Yamaha 1200R 99-01 1mm Over Platinum";359,8
WSM;100-255-11;"WSM 100-255-11 Powerhead Rebuild Kit; Yamaha 60 / 70 Hp 3 Cylinder 84-17 .010 Over";360,5
WSM;100-255-12;"WSM 100-255-12 Powerhead Rebuild Kit; Yamaha 60 / 70 Hp 3 Cylinder 84-17 .020 Over";360,5
WSM;100-255-13;"WSM 100-255-13 Powerhead Rebuild Kit; Yamaha 60 / 70 Hp 3 Cylinder 84-17 .030 Over";360,5
WSM;100-255-14;"WSM 100-255-14 Powerhead Rebuild Kit; Yamaha 60 / 70 Hp 3 Cylinder 84-17 .040 Over";360,5
WSM;100-255-10;"WSM 100-255-10 Powerhead Rebuild Kit; Yamaha 60 / 70 Hp 3 Cylinder 84-17 Standard";360,5
WSM;PH130-0057;"WSM PH130-0057 Starter; Mercury / Mariner / Yamaha 50 - 115 Hp 4-Stroke 12V CCW ROT 00-21";363,4
WSM;PH130-0059;"WSM PH130-0059 Starter; Yamaha 150 - 250 Hp 12V CCW ROT 87-05";363,4
WSM;600-202;WSM 600-202 Fuel Pump: Nissan / Tohatsu 75 - 115 Hp 2-Stroke 07-18;365
WSM;500-365;"WSM 500-365 Gasket Kit, Powerhead; Yamaha 200 - 250 Hp V6 4-Stroke 02-21";366,79
WSM;0100-06-21;"WSM 100-06-21 Powerhead Rebuild Kit; Mercury / Mariner 30 - 40 Hp 2 Cyl 94-07 .010 Over";368,39
WSM;100-06-215;"WSM 100-06-215 Powerhead Rebuild Kit; Mercury / Mariner 30 - 40 Hp 2 Cyl 94-07 .015 Over";368,39
WSM;0100-06-22;"WSM 100-06-22 Powerhead Rebuild Kit; Mercury / Mariner 30 - 40 Hp 2 Cyl 94-07 .020 Over";368,39
WSM;0100-06-23;"WSM 100-06-23 Powerhead Rebuild Kit; Mercury / Mariner 30 - 40 Hp 2 Cyl 94-07 .030 Over";368,39
WSM;0100-06-24;"WSM 100-06-24 Powerhead Rebuild Kit; Mercury / Mariner 30 - 40 Hp 2 Cyl 94-07 .040 Over";368,39
WSM;0100-06-20;"WSM 100-06-20 Powerhead Rebuild Kit; Mercury / Mariner 30 - 40 Hp 2 Cyl 94-07 Standard";368,39
WSM;100-100-11;"WSM 100-100-11 Powerhead Rebuild Kit; Johnson / Evinrude 28 - 60 Hp 2 Cylinder Looper 80-05 .010 Over";371,22
WSM;100-100-12;"WSM 100-100-12 Powerhead Rebuild Kit; Johnson / Evinrude 28 - 60 Hp 2 Cylinder Looper 80-05 .020 Over";371,22
WSM;100-100-13;"WSM 100-100-13 Powerhead Rebuild Kit; Johnson / Evinrude 28 - 60 Hp 2 Cylinder Looper 80-05 .030 Over";371,22
WSM;100-100-14;"WSM 100-100-14 Powerhead Rebuild Kit; Johnson / Evinrude 28 - 60 Hp 2 Cylinder Looper 80-05 .040 Over";371,22
WSM;100-100-10;"WSM 100-100-10 Powerhead Rebuild Kit; Johnson / Evinrude 28 - 60 Hp 2 Cylinder Looper 80-05 Standard";371,22
WSM;600-104;"WSM 600-104 Fuel Pump; Yamaha 150 - 200 Hp HPDI";372,16
WSM;PH130-0079;"WSM PH130-0079 Starter; Johnson / Evinrude / Suzuki 40 - 70 Hp 4-Stroke 12V CCW ROT 98-10";372,16
WSM;PH130-0071;"WSM PH130-0071 Starter; Johnson / Evinrude / Suzuki 90 - 140 Hp 4-Stroke 12V CW ROT 01-17";372,16
WSM;PH130-0076;"WSM PH130-0076 Starter; Yamaha 200 - 250 Hp 3.3L HPDI 03-09";372,16
WSM;985-190;"WSM 985-190 Lifting Eye; Yamaha 425 XTO Hp 4-Stroke";373,52
WSM;PH200-T027;"WSM PH200-T027 Trim / Tilt Motor; Mercruiser Alpha One / Bravo";373,61
WSM;750-605;"WSM 750-605 Sea Water Pump; Mercruiser; V6 / V8 262 - 496 Hp With Pulley";376,52
WSM;010-824-11P;"WSM 010-824-11P Top End Rebuild Kit; Yamaha 1300 GP-R 03-08 .25mm Over Platinum";385,5
WSM;010-824-12P;"WSM 010-824-12P Top End Rebuild Kit; Yamaha 1300 GP-R 03-08 .5mm Over Platinum";385,5
WSM;010-824-13P;"WSM 010-824-13P Top End Rebuild Kit; Yamaha 1300 GP-R 03-08 .75mm Over Platinum";385,5
WSM;010-824-14P;"WSM 010-824-14P Top End Rebuild Kit; Yamaha 1300 GP-R 03-08 1mm Over Platinum";385,5
WSM;010-824-10P;"WSM 010-824-10P Top End Rebuild Kit; Yamaha 1300 GP-R 03-08 Standard Platinum";385,5
WSM;PH130-0074;"WSM PH130-0074 Starter; Mercury / Yamaha 200 / 225 Hp 4-Stroke 12V CCW ROT 02-06";386,76
WSM;PH130-0073;"WSM PH130-0073 Starter; Yamaha 150 - 250 Hp 4-Stroke 12V CCW ROT 04-22";386,76
WSM;010-876-12P;"WSM 010-876-12P Top End Rebuild Kit; Yamaha 1050 16-26 .5mm Platinum";389,59
WSM;010-876-14P;"WSM 010-876-14P Top End Rebuild Kit; Yamaha 1050 16-26 1mm Platinum";389,59
WSM;010-876-10P;"WSM 010-876-10P Top End Rebuild Kit; Yamaha 1050 16-26 Standard Platinum";389,59
WSM;PH200-T016;"WSM PH200-T016 Trim / Tilt Motor; Mercruiser";394,06
WSM;PH200-T008;"WSM PH200-T008 Trim / Tilt Motor; Mercruiser / Mercury / Mariner 60 / 150 - 300 Hp";394,06
WSM;PH200-T011-R;"WSM PH200-T011-R Trim / Tilt Motor; Mercury / Mariner 35 - 220 Hp";394,06
WSM;PH200-T017;"WSM PH200-T017 Trim / Tilt Motor; Volvo Penta";394,06
WSM;PH200-T034;"WSM PH200-T034 Trim / Tilt Motor; Volvo Penta";394,06
WSM;372-107;"WSM 372-107 Distributor; Mercruiser / OMC / Volvo 4.3 Liter V-6 W-EST";395,18
WSM;70-520;"WSM 70-520 Crankshaft; Yamaha 350 Banshee 87-06";396,72
WSM;366-110;"WSM 366-110 Power Pack; Yamaha 75 / 85 / 90 Hp 3 Cyl 84-96";399,43
WSM;0100-04-12;"WSM 100-04-12 Powerhead Rebuild Kit; Mercury / Mariner 15 - 25 Hp 2 Cyl Mercosil 94-06 .020 Over";403,96
WSM;0100-04-13;"WSM 100-04-13 Powerhead Rebuild Kit; Mercury / Mariner 15 - 25 Hp 2 Cyl Mercosil 94-06 .030 Over";403,96
WSM;0100-04-14;"WSM 100-04-14 Powerhead Rebuild Kit; Mercury / Mariner 15 - 25 Hp 2 Cyl Mercosil 94-06 .040 Over";403,96
WSM;0100-04-10;"WSM 100-04-10 Powerhead Rebuild Kit; Mercury / Mariner 15 - 25 Hp 2 Cyl Mercosil 94-06 Standard";403,96
WSM;366-120;"WSM 366-120 Power Pack; Yamaha 115 / 130 Hp 4 Cyl 84-96";408,31
WSM;010-860-12P;"WSM 010-860-12P Top End Rebuild Kit; Sea-Doo 1503 / 1630 4-Tec 03-20 / Can-Am 500 / 650 02-05 .5mm Over Platinum";409,3
WSM;010-860-14P;"WSM 010-860-14P Top End Rebuild Kit; Sea-Doo 1503 / 1630 4-Tec 03-20 / Can-Am 500 / 650 02-05 1mm Over Platinum";409,3
WSM;010-860-10P;"WSM 010-860-10P Top End Rebuild Kit; Sea-Doo 1503 / 1630 4-Tec 03-20 / Can-Am 500 / 650 02-05 Standard Platinum";409,3
WSM;010-861-12P;"WSM 010-861-12P Top End Rebuild Kit; Sea-Doo 1503 4-Tec 03-06 .5mm Over Platinum";409,3
WSM;010-861-10P;"WSM 010-861-10P Top End Rebuild Kit; Sea-Doo 1503 4-Tec 03-06 Standard Platinum";409,3
WSM;010-328;"WSM 010-328 Crankshaft Rebuild Kit; Yamaha 800 98-05";416,76
WSM;003-700K;"WSM 003-700K Jet Pump Assembly, Complete; Sea-Doo 580 - 800 89-02";416,76
WSM;003-710K;"WSM 003-710K Jet Pump Assembly, Complete; Sea-Doo 720 - 951 02-07";416,76
WSM;500-367;"WSM 500-367 Gasket Kit, Powerhead; Yamaha 200 - 250 Hp V6 4-Stroke 4.2L SHO 09-11";423,22
WSM;010-864-11P;"WSM 010-864-11P Top End Rebuild Kit; Sea-Doo / Can-Am 900 14-25 .25mm Over Platinum";423,22
WSM;010-864-12P;"WSM 010-864-12P Top End Rebuild Kit; Sea-Doo / Can-Am 900 14-25 .5mm Over Platinum";423,22
WSM;010-864-13P;"WSM 010-864-13P Top End Rebuild Kit; Sea-Doo / Can-Am 900 14-25 .75mm Over Platinum";423,22
WSM;010-864-14P;"WSM 010-864-14P Top End Rebuild Kit; Sea-Doo / Can-Am 900 14-25 1mm Over Platinum";423,22
WSM;010-864-10P;"WSM 010-864-10P Top End Rebuild Kit; Sea-Doo / Can-Am 900 14-25 Standard Platinum";423,22
WSM;449-122;"WSM 449-122 Propeller Shaft; Mercury / Mariner 105 - 225 Hp";424,19
WSM;79-250;"WSM 79-250 Carburetor; Yamaha 600 Grizzly 98-00";425,27
WSM;PH200-T019BK;WSM PH200-T019BK LATE MERCURY TILT/TRIM ASSEMBLY 12V BI ROT;427,61
WSM;444-22-01;"WSM 444-22-01 Gear Set; Johnson / Evinrude 35 - 50 Hp Looper W/O Clutch Dog";431,68
WSM;010-870-11;"WSM 010-870-11 Top End Rebuild Kit; Yamaha 1000 FX / SR 02-05 .25mm Over";431,68
WSM;010-870-12;"WSM 010-870-12 Top End Rebuild Kit; Yamaha 1000 FX / SR 02-05 .5mm Over";431,68
WSM;010-870-10;"WSM 010-870-10 Top End Rebuild Kit; Yamaha 1000 FX / SR 02-05 Standard";431,68
WSM;010-872-11;"WSM 010-872-11 Top End Rebuild Kit; Yamaha 1100 05-15 .25mm Over";431,68
WSM;010-872-12;"WSM 010-872-12 Top End Rebuild Kit; Yamaha 1100 05-15 .5mm Over";431,68
WSM;010-872-10;"WSM 010-872-10 Top End Rebuild Kit; Yamaha 1100 05-15 Standard";431,68
WSM;010-871-11;"WSM 010-871-11 Top End Rebuild Kit; Yamaha 1100 HO 04-10 .25mm Over";431,68
WSM;010-871-12;"WSM 010-871-12 Top End Rebuild Kit; Yamaha 1100 HO 04-10 .5mm Over";431,68
WSM;010-871-10;"WSM 010-871-10 Top End Rebuild Kit; Yamaha 1100 HO 04-10 Standard";431,68
WSM;010-829-21P;"WSM 010-829-21P Top End Rebuild Kit; Yamaha 1200 01-05 .25mm Over Platinum";431,68
WSM;010-829-22P;"WSM 010-829-22P Top End Rebuild Kit; Yamaha 1200 01-05 .5mm Over Platinum";431,68
WSM;010-829-23P;"WSM 010-829-23P Top End Rebuild Kit; Yamaha 1200 01-05 .75mm Over Platinum";431,68
WSM;010-829-24P;"WSM 010-829-24P Top End Rebuild Kit; Yamaha 1200 01-05 1mm Over Platinum";431,68
WSM;010-829-20P;"WSM 010-829-20P Top End Rebuild Kit; Yamaha 1200 01-05 Standard Platinum";431,68
WSM;PH500-M020;"WSM PH500-M020 Fuel Pump; Yamaha 150 - 250 Hp W/O Filter";436,38
WSM;PH200-T018;"WSM PH200-T018 Trim / Tilt Motor; Volvo Penta";436,38
WSM;850-120;"WSM 850-120 Crankshaft; Johnson / Evinrude 40 - 55 Hp 2 Cylinder Looper 93-98";437,76
WSM;PH130-0078;"WSM PH130-0078 Starter; Suzuki 70 - 90 / 150 - 300 Hp DF 12V CW ROT 04-17";437,76
WSM;330-780;"WSM 330-780 Trim Assembly, Manual; Mercury / Mariner 30 - 60 Hp";437,81
WSM;010-6029;"WSM 010-6029 Cylinder; Yamaha 1200 99-05";439,07
WSM;010-6028;"WSM 010-6028 Cylinder; Yamaha 800 98-05";439,07
WSM;100-15-11;"WSM 100-15-11 Powerhead Rebuild Kit; Mercury / Mariner 50 / 60 Hp 3 Cylinder Cross Flow 84-90 .010 Over";445,26
WSM;100-15-115;"WSM 100-15-115 Powerhead Rebuild Kit; Mercury / Mariner 50 / 60 Hp 3 Cylinder Cross Flow 84-90 .015 Over";445,26
WSM;100-15-12;"WSM 100-15-12 Powerhead Rebuild Kit; Mercury / Mariner 50 / 60 Hp 3 Cylinder Cross Flow 84-90 .020 Over";445,26
WSM;100-15-13;"WSM 100-15-13 Powerhead Rebuild Kit; Mercury / Mariner 50 / 60 Hp 3 Cylinder Cross Flow 84-90 .030 Over";445,26
WSM;100-15-14;"WSM 100-15-14 Powerhead Rebuild Kit; Mercury / Mariner 50 / 60 Hp 3 Cylinder Cross Flow 84-90 .040 Over";445,26
WSM;100-15-10;"WSM 100-15-10 Powerhead Rebuild Kit; Mercury / Mariner 50 / 60 Hp 3 Cylinder Cross Flow 84-90 Standard";445,26
WSM;004-220-05;"WSM 004-220-05 CDI Box; Sea-Doo 720 / 800 97-99";446,52
WSM;0100-05-11;"WSM 100-05-11 Powerhead Rebuild Kit; Mercury / Mariner 20 - 50 Hp Cross Flow 72-97 .010 Over";449,04
WSM;100-05-115;"WSM 100-05-115 Powerhead Rebuild Kit; Mercury / Mariner 20 - 50 Hp Cross Flow 72-97 .015 Over";449,04
WSM;0100-05-12;"WSM 100-05-12 Powerhead Rebuild Kit; Mercury / Mariner 20 - 50 Hp Cross Flow 72-97 .020 Over";449,04
WSM;0100-05-13;"WSM 100-05-13 Powerhead Rebuild Kit; Mercury / Mariner 20 - 50 Hp Cross Flow 72-97 .030 Over";449,04
WSM;0100-05-14;"WSM 100-05-14 Powerhead Rebuild Kit; Mercury / Mariner 20 - 50 Hp Cross Flow 72-97 .040 Over";449,04
WSM;0100-05-10;"WSM 100-05-10 Powerhead Rebuild Kit; Mercury / Mariner 20 - 50 Hp Cross Flow 72-97 Standard";449,04
WSM;003-161-10;"WSM 003-161-10 Drive Shaft; Kawasaki 1500 SX-R 17-24";453,54
WSM;010-325-01;"WSM 010-325-01 Crankshaft Rebuild Kit; Yamaha 1100 95-97";455,45
WSM;372-105;"WSM 372-105 Distributor; Mercruiser / OMC / Volvo 3.0 Liter 4 Cyl W/EST";455,47
WSM;PH200-T019-SK;"WSM PH200-T019-SK Trim / Tilt Motor; Mercruiser";456,82
WSM;100-120-13;"WSM 100-120-13 Powerhead Rebuild Kit; Johnson / Evinrude 50 - 70 Hp Looper 87-01 .030 Over";457,46
WSM;100-120-11;"WSM 100-120-11 Powerhead Rebuild Kit; Johnson / Evinrude 50 - 70 Hp Looper 87-01 .010 Over";457,49
WSM;100-120-12;"WSM 100-120-12 Powerhead Rebuild Kit; Johnson / Evinrude 50 - 70 Hp Looper 87-01 .020 Over";457,49
WSM;100-120-14;"WSM 100-120-14 Powerhead Rebuild Kit; Johnson / Evinrude 50 - 70 Hp Looper 87-01 .040 Over";457,49
WSM;100-120-10;"WSM 100-120-10 Powerhead Rebuild Kit; Johnson / Evinrude 50 - 70 Hp Looper 87-01 Standard";457,49
WSM;010-325-02;"WSM 010-325-02 Crankshaft Rebuild Kit; Yamaha 1200 97-05";461,4
WSM;010-844-11;"WSM 010-844-11 Top End Rebuild Kit; Kawasaki 1200 STX-12F 03-07 .25mm Over";462,61
WSM;010-844-12;"WSM 010-844-12 Top End Rebuild Kit; Kawasaki 1200 STX-12F 03-07 .5mm Over";462,61
WSM;010-844-10;"WSM 010-844-10 Top End Rebuild Kit; Kawasaki 1200 STX-12F 03-07 Standard";462,61
WSM;010-845-11;"WSM 010-845-11 Top End Rebuild Kit; Kawasaki 1500 STX / SX-R / Ultra LX 04-26 .25mm Over";462,61
WSM;010-845-12;"WSM 010-845-12 Top End Rebuild Kit; Kawasaki 1500 STX / SX-R / Ultra LX 04-26 .5mm Over";462,61
WSM;010-845-10;"WSM 010-845-10 Top End Rebuild Kit; Kawasaki 1500 STX / SX-R / Ultra LX 04-26 Standard";462,61
WSM;003-722K;"WSM 003-722K Jet Pump Assembly, Complete; Sea-Doo 1503 / 1630 4-Tec 09-24";467,94
WSM;003-724K;"WSM 003-724K Jet Pump Assembly, Complete; Sea-Doo 1503 / 1630 4-Tec 17-26";467,94
WSM;003-720K;"WSM 003-720K Jet Pump Assembly, Complete; Sea-Doo 1503 4-Tec 04-09";467,94
WSM;003-721K;"WSM 003-721K Jet Pump Assembly, Complete; Sea-Doo 1503 4-Tec 04-09";467,94
WSM;003-723K;"WSM 003-723K Jet Pump Assembly, Complete; Sea-Doo 1503 4-Tec 09-18";467,94
WSM;PH500-M018;"WSM PH500-M018 Fuel Pump; Mercruiser / Mercury / Mariner / Yamaha 150 - 300 Hp";474,31
WSM;PH500-M019;"WSM PH500-M019 Fuel Pump; Yamaha 150 - 250 Hp";474,31
WSM;PH130-0075;"WSM PH130-0075 Starter; Suzuki 55 / 65 Hp 3 Cyl DT 12V CCW ROT 85-97";478,7
WSM;PH150-0007;"WSM PH150-0007 Starter; Volvo Penta Diesel 12 V 11 Tooth CW Rot";478,7
WSM;PH200-T016-K;"WSM PH200-T016-K Trim / Tilt Motor; Mercruiser";478,7
WSM;PH200-T016-SM;"WSM PH200-T016-SM Trim / Tilt Motor; Mercruiser";478,7
WSM;100-126-12;"WSM 100-126-12 Powerhead Rebuild Kit; Johnson / Evinrude 40 - 60 Hp 2 Cylinder E-Tec 04-17 .020 Over";479,33
WSM;100-126-13;"WSM 100-126-13 Powerhead Rebuild Kit; Johnson / Evinrude 40 - 60 Hp 2 Cylinder E-Tec 04-17 .030 Over";479,33
WSM;100-126-14;"WSM 100-126-14 Powerhead Rebuild Kit; Johnson / Evinrude 40 - 60 Hp 2 Cylinder E-Tec 04-17 .040 Over";479,33
WSM;100-126-10;"WSM 100-126-10 Powerhead Rebuild Kit; Johnson / Evinrude 40 - 60 Hp 2 Cylinder E-Tec 04-17 Standard";479,33
WSM;PH500-M025;"WSM PH500-M025 Fuel Pump; Mercury / Yamaha 200 - 250 Hp 4-Stroke";480,14
WSM;750-805;"WSM 750-805 Sea Water Pump; Mercruiser / Mercury";483,65
WSM;500-375;"WSM 500-375 Gasket Kit, Powerhead; Yamaha 300 / 350 Hp 5.3 Liter V8 4-Stroke";488,23
WSM;010-6024;"WSM 010-6024 Cylinder; Yamaha 1300 05-08";488,32
WSM;PH500-M068;"WSM PH500-M068 Fuel Pump; Yamaha 150 - 350 Hp 2.8L - 5.3L 4-Stroke";499,13
WSM;PH200-T011;"WSM PH200-T011 Trim / Tilt Motor; Mercury / Mariner 35 - 220 Hp";499,13
WSM;100-104-11;"WSM 100-104-11 Powerhead Rebuild Kit; Johnson / Evinrude 60 - 75 Hp Looper 76-88 .010 Over";503,16
WSM;100-104-12;"WSM 100-104-12 Powerhead Rebuild Kit; Johnson / Evinrude 60 - 75 Hp Looper 76-88 .020 Over";503,16
WSM;100-104-13;"WSM 100-104-13 Powerhead Rebuild Kit; Johnson / Evinrude 60 - 75 Hp Looper 76-88 .030 Over";503,16
WSM;100-104-14;"WSM 100-104-14 Powerhead Rebuild Kit; Johnson / Evinrude 60 - 75 Hp Looper 76-88 .040 Over";503,16
WSM;100-104-10;"WSM 100-104-10 Powerhead Rebuild Kit; Johnson / Evinrude 60 - 75 Hp Looper 76-88 Standard";503,16
WSM;600-136;"WSM 600-136 Fuel Pump; Volvo Complete Assembly 4.3 - 5.7 Liter";503,96
WSM;010-322;"WSM 010-322 Crankshaft Rebuild Kit; Kawasaki 1100 96-04";508,01
WSM;010-340;"WSM 010-340 Crankshaft Rebuild Kit; Kawasaki 900 95-06";508,01
WSM;PH500-M022;"WSM PH500-M022 Fuel Pump; Yamaha 150 - 200 Hp HPDI";509,34
WSM;PH500-M023;"WSM PH500-M023 Fuel Pump; Yamaha 200 - 300 Hp HPDI";523,93
WSM;750-805-01;"WSM 750-805-01 Sea Water Pump; Mercruiser";528,29
WSM;70-520-100;"WSM 70-520-100 Crankshaft; Yamaha 350 Banshee 87-06";535,82
WSM;70-520-45;"WSM 70-520-45 Crankshaft; Yamaha 350 Banshee 87-06";535,82
WSM;70-520-75;"WSM 70-520-75 Crankshaft; Yamaha 350 Banshee 87-06";535,82
WSM;0100-06-11;"WSM 100-06-11 Powerhead Rebuild Kit; Mercury 30 - 60 Hp 98-07 .010 Over";542,14
WSM;100-06-115;"WSM 100-06-115 Powerhead Rebuild Kit; Mercury 30 - 60 Hp 98-07 .015 Over";542,14
WSM;0100-06-12;"WSM 100-06-12 Powerhead Rebuild Kit; Mercury 30 - 60 Hp 98-07 .020 Over";542,14
WSM;0100-06-14;"WSM 100-06-14 Powerhead Rebuild Kit; Mercury 30 - 60 Hp 98-07 .040 Over";542,14
WSM;0100-06-10;"WSM 100-06-10 Powerhead Rebuild Kit; Mercury 30 - 60 Hp 98-07 Standard";542,14
WSM;0100-06-13;"WSM 100-06-13 Powerhead Rebuild Kit; Mercury 30 - 60 Hp 98-07.030 Over";542,14
WSM;004-600;"WSM 004-600 Instrument Cluster; Sea-Doo 1503 4-Tec 07-11";542,16
WSM;0100-07-11;"WSM 100-07-11 Powerhead Rebuild Kit; Mercury / Mariner 45 - 60 Hp 91-97 .010 Over";543,28
WSM;100-07-115;"WSM 100-07-115 Powerhead Rebuild Kit; Mercury / Mariner 45 - 60 Hp 91-97 .015 Over";543,28
WSM;0100-07-12;"WSM 100-07-12 Powerhead Rebuild Kit; Mercury / Mariner 45 - 60 Hp 91-97 .020 Over";543,28
WSM;0100-07-13;"WSM 100-07-13 Powerhead Rebuild Kit; Mercury / Mariner 45 - 60 Hp 91-97 .030 Over";543,28
WSM;0100-07-14;"WSM 100-07-14 Powerhead Rebuild Kit; Mercury / Mariner 45 - 60 Hp 91-97 .040 Over";543,28
WSM;0100-07-10;"WSM 100-07-10 Powerhead Rebuild Kit; Mercury / Mariner 45 - 60 Hp 91-97 Standard";543,28
WSM;010-6029K;"WSM 010-6029K Cylinder Kit; Yamaha 1200 99-05";550,72
WSM;010-6028K;"WSM 010-6028K Cylinder Kit; Yamaha 800 98-05";550,72
WSM;010-862-12;"WSM 010-862-12 Top End Rebuild Kit; Sea-Doo 1503 4-Tec 04-17 .5mm Over";558,17
WSM;010-862-14;"WSM 010-862-14 Top End Rebuild Kit; Sea-Doo 1503 4-Tec 04-17 1mm Over";558,17
WSM;010-862-10;"WSM 010-862-10 Top End Rebuild Kit; Sea-Doo 1503 4-Tec 04-17 Standard";558,17
WSM;010-873-11P;"WSM 010-873-11P Top End Rebuild Kit; Yamaha 1800 08-14 .25mm Over Platinum";565,67
WSM;010-873-12P;"WSM 010-873-12P Top End Rebuild Kit; Yamaha 1800 08-14 .5mm Over Platinum";565,67
WSM;010-873-13P;"WSM 010-873-13P Top End Rebuild Kit; Yamaha 1800 08-14 .75mm Over Platinum";565,67
WSM;010-873-14P;"WSM 010-873-14P Top End Rebuild Kit; Yamaha 1800 08-14 1mm Over Platinum";565,67
WSM;010-873-10P;"WSM 010-873-10P Top End Rebuild Kit; Yamaha 1800 08-14 Standard Platinum";565,67
WSM;100-15-21;"WSM 100-15-21 Powerhead Rebuild Kit; Mercury / Mariner 75 - 85 Hp 4 Cylinder Cross Flow 73-86 .010 Over";566,71
WSM;100-15-22;"WSM 100-15-22 Powerhead Rebuild Kit; Mercury / Mariner 75 - 85 Hp 4 Cylinder Cross Flow 73-86 .020 Over";566,71
WSM;100-15-23;"WSM 100-15-23 Powerhead Rebuild Kit; Mercury / Mariner 75 - 85 Hp 4 Cylinder Cross Flow 73-86 .030 Over";566,71
WSM;100-15-24;"WSM 100-15-24 Powerhead Rebuild Kit; Mercury / Mariner 75 - 85 Hp 4 Cylinder Cross Flow 73-86 .040 Over";566,71
WSM;100-15-20;"WSM 100-15-20 Powerhead Rebuild Kit; Mercury / Mariner 75 - 85 Hp 4 Cylinder Cross Flow 73-86 Standard";566,71
WSM;PH550-0001;"WSM PH550-0001 Power Steering Pump; Mercruiser";569,47
WSM;010-1061WSM;"WSM 010-1061WSM Crankshaft; Sea-Doo 1503 / 1630 06-20";576,48
WSM;010-1060WSM;"WSM 010-1060WSM Crankshaft; Sea-Doo 1503 03-05";576,48
WSM;010-1072WSM;"WSM 010-1072WSM Crankshaft; Yamaha 1000 - 1100 4-Stroke 03-15";576,48
WSM;010-846-10P;"WSM 010-846-10P Top End Rebuild Kit; Kawasaki 1500 Ultra 250X 07-08 Standard Platinum";578,28
WSM;010-847-10P;"WSM 010-847-10P Top End Rebuild Kit; Kawasaki 1500 Ultra 260 09-10 Standard Platinum";578,28
WSM;010-848-10P;"WSM 010-848-10P Top End Rebuild Kit; Kawasaki 1500 Ultra 300 11-13 Standard Platinum";578,28
WSM;010-874-11P;"WSM 010-874-11P Top End Rebuild Kit; Yamaha 1800 09-23 .25mm Over Platinum";580,55
WSM;010-874-12P;"WSM 010-874-12P Top End Rebuild Kit; Yamaha 1800 09-23 .5mm Over Platinum";580,55
WSM;010-874-13P;"WSM 010-874-13P Top End Rebuild Kit; Yamaha 1800 09-23 .75mm Over Platinum";580,55
WSM;010-874-14P;"WSM 010-874-14P Top End Rebuild Kit; Yamaha 1800 09-23 1mm Platinum";580,55
WSM;010-874-10P;"WSM 010-874-10P Top End Rebuild Kit; Yamaha 1800 09-23 Standard Platinum";580,55
WSM;004-220-06;"WSM 004-220-06 CDI Box; Sea-Doo 800 XP 1997";588,01
WSM;010-6024K;"WSM 010-6024K Cylinder Kit; Yamaha 1300 05-08";591,13
WSM;100-210-31;"WSM 100-210-31 Powerhead Rebuild Kit; Chrysler / Force 90 Hp 3 Cylinder 96-98 .010 Over";593,34
WSM;100-210-32;"WSM 100-210-32 Powerhead Rebuild Kit; Chrysler / Force 90 Hp 3 Cylinder 96-98 .020 Over";593,34
WSM;100-210-33;"WSM 100-210-33 Powerhead Rebuild Kit; Chrysler / Force 90 Hp 3 Cylinder 96-98 .030 Over";593,34
WSM;100-210-34;"WSM 100-210-34 Powerhead Rebuild Kit; Chrysler / Force 90 Hp 3 Cylinder 96-98 .040 Over";593,34
WSM;100-210-30;"WSM 100-210-30 Powerhead Rebuild Kit; Chrysler / Force 90 Hp 3 Cylinder 96-98 Standard";593,34
WSM;100-210-21;"WSM 100-210-21 Powerhead Rebuild Kit; Chrysler / Force 75 / 90 Hp 3 Cylinder 96-99 .010 Over";594,8
WSM;100-210-22;"WSM 100-210-22 Powerhead Rebuild Kit; Chrysler / Force 75 / 90 Hp 3 Cylinder 96-99 .020 Over";594,8
WSM;100-210-23;"WSM 100-210-23 Powerhead Rebuild Kit; Chrysler / Force 75 / 90 Hp 3 Cylinder 96-99 .030 Over";594,8
WSM;100-210-24;"WSM 100-210-24 Powerhead Rebuild Kit; Chrysler / Force 75 / 90 Hp 3 Cylinder 96-99 .040 Over";594,8
WSM;100-210-20;"WSM 100-210-20 Powerhead Rebuild Kit; Chrysler / Force 75 / 90 Hp 3 Cylinder 96-99 Standard";594,8
WSM;PH300-0027-OE;"WSM PH300-0027-OE Alternator; Volvo Penta";602,75
WSM;100-210-11;"WSM 100-210-11 Powerhead Rebuild Kit; Chrysler / Force 75 Hp 3 Cylinder 96-98 .010 Over";607,93
WSM;100-210-12;"WSM 100-210-12 Powerhead Rebuild Kit; Chrysler / Force 75 Hp 3 Cylinder 96-98 .020 Over";607,93
WSM;100-210-13;"WSM 100-210-13 Powerhead Rebuild Kit; Chrysler / Force 75 Hp 3 Cylinder 96-98 .030 Over";607,93
WSM;100-210-10;"WSM 100-210-10 Powerhead Rebuild Kit; Chrysler / Force 75 Hp 3 Cylinder 96-98 Standard";607,93
WSM;100-210-14;"WSM 100-210-14 Powerhead Rebuild Kit; Chrysler / Force 75 Hp 3 Cylinder 96-98.040 Over";607,93
WSM;PH200-T063;"WSM PH200-T063 Trim / Tilt Motor; Mercury / Mariner / Mercruiser 150 - 300 Hp With 5' Reservoir";609,4
WSM;100-265-11;"WSM 100-265-11 Powerhead Rebuild Kit; Yamaha 75 - 90 Hp 3 Cylinder 84-09 .010 Over";629,94
WSM;100-265-12;"WSM 100-265-12 Powerhead Rebuild Kit; Yamaha 75 - 90 Hp 3 Cylinder 84-09 .020 Over";629,94
WSM;100-265-13;"WSM 100-265-13 Powerhead Rebuild Kit; Yamaha 75 - 90 Hp 3 Cylinder 84-09 .030 Over";629,94
WSM;100-265-14;"WSM 100-265-14 Powerhead Rebuild Kit; Yamaha 75 - 90 Hp 3 Cylinder 84-09 .040 Over";629,94
WSM;100-25-11;"WSM 100-25-11 Powerhead Rebuild Kit; Mercury / Mariner 70 - 90 Hp 3 Cylinder Looper 87-93 .010 Over";635,57
WSM;100-25-115;"WSM 100-25-115 Powerhead Rebuild Kit; Mercury / Mariner 70 - 90 Hp 3 Cylinder Looper 87-93 .015 Over";635,57
WSM;100-25-12;"WSM 100-25-12 Powerhead Rebuild Kit; Mercury / Mariner 70 - 90 Hp 3 Cylinder Looper 87-93 .020 Over";635,57
WSM;100-25-13;"WSM 100-25-13 Powerhead Rebuild Kit; Mercury / Mariner 70 - 90 Hp 3 Cylinder Looper 87-93 .030 Over";635,57
WSM;100-25-14;"WSM 100-25-14 Powerhead Rebuild Kit; Mercury / Mariner 70 - 90 Hp 3 Cylinder Looper 87-93 .040 Over";635,57
WSM;100-25-10;"WSM 100-25-10 Powerhead Rebuild Kit; Mercury / Mariner 70 - 90 Hp 3 Cylinder Looper 87-93 Standard";635,57
WSM;010-328-01;"WSM 010-328-01 Crankshaft Rebuild Kit; Yamaha 1200 / 1300 97-08";638,63
WSM;100-40-11;"WSM 100-40-11 Powerhead Rebuild Kit; Mercury / Mariner 65 - 90 Hp 3 Cyl Looper 94-05 .010 Over";639,64
WSM;100-40-115;"WSM 100-40-115 Powerhead Rebuild Kit; Mercury / Mariner 65 - 90 Hp 3 Cyl Looper 94-05 .015 Over";639,64
WSM;100-40-12;"WSM 100-40-12 Powerhead Rebuild Kit; Mercury / Mariner 65 - 90 Hp 3 Cyl Looper 94-05 .020 Over";639,64
WSM;100-40-13;"WSM 100-40-13 Powerhead Rebuild Kit; Mercury / Mariner 65 - 90 Hp 3 Cyl Looper 94-05 .030 Over";639,64
WSM;100-40-14;"WSM 100-40-14 Powerhead Rebuild Kit; Mercury / Mariner 65 - 90 Hp 3 Cyl Looper 94-05 .040 Over";639,64
WSM;100-40-10;"WSM 100-40-10 Powerhead Rebuild Kit; Mercury / Mariner 65 - 90 Hp 3 Cyl Looper 94-06 Standard";639,64
WSM;100-265-10;"WSM 100-265-10 Powerhead Rebuild Kit; Yamaha 75 - 90 Hp 3 Cylinder 84-09 Standard";640,06
WSM;100-205-21;"WSM 100-205-21 Powerhead Rebuild Kit; Chrysler / Force 90 Hp 3 Cylinder 91-95 .010 Over";656,4
WSM;100-205-22;"WSM 100-205-22 Powerhead Rebuild Kit; Chrysler / Force 90 Hp 3 Cylinder 91-95 .020 Over";656,4
WSM;100-205-23;"WSM 100-205-23 Powerhead Rebuild Kit; Chrysler / Force 90 Hp 3 Cylinder 91-95 .030 Over";656,4
WSM;100-205-24;"WSM 100-205-24 Powerhead Rebuild Kit; Chrysler / Force 90 Hp 3 Cylinder 91-95 .040 Over";656,4
WSM;100-205-20;"WSM 100-205-20 Powerhead Rebuild Kit; Chrysler / Force 90 Hp 3 Cylinder 91-95 Standard";656,4
WSM;100-205-31;"WSM 100-205-31 Powerhead Rebuild Kit; Chrysler / Force 90 Hp Spor tJet 93-95 .010 Over";660,78
WSM;100-205-32;"WSM 100-205-32 Powerhead Rebuild Kit; Chrysler / Force 90 Hp Spor tJet 93-95 .020 Over";660,78
WSM;100-205-33;"WSM 100-205-33 Powerhead Rebuild Kit; Chrysler / Force 90 Hp Spor tJet 93-95 .030 Over";660,78
WSM;100-205-34;"WSM 100-205-34 Powerhead Rebuild Kit; Chrysler / Force 90 Hp Spor tJet 93-95 .040 Over";660,78
WSM;100-205-30;"WSM 100-205-30 Powerhead Rebuild Kit; Chrysler / Force 90 Hp Spor tJet 93-95 Standard";660,78
WSM;010-875-11P;"WSM 010-875-11P Top End Rebuild Kit; Yamaha 1800 SVHO 08-26 .25mm Platinum";672,98
WSM;010-875-12P;"WSM 010-875-12P Top End Rebuild Kit; Yamaha 1800 SVHO 08-26 .5mm Platinum";672,98
WSM;010-875-14P;"WSM 010-875-14P Top End Rebuild Kit; Yamaha 1800 SVHO 08-26 1mm Platinum";672,98
WSM;010-875-10P;"WSM 010-875-10P Top End Rebuild Kit; Yamaha 1800 SVHO 08-26 Standard Platinum";672,98
WSM;100-205-11;"WSM 100-205-11 Powerhead Rebuild Kit; Chrysler / Force 70 Hp 3 Cylinder 91-95 .010 Over";675,36
WSM;100-205-12;"WSM 100-205-12 Powerhead Rebuild Kit; Chrysler / Force 70 Hp 3 Cylinder 91-95 .020 Over";675,36
WSM;100-205-13;"WSM 100-205-13 Powerhead Rebuild Kit; Chrysler / Force 70 Hp 3 Cylinder 91-95 .030 Over";675,36
WSM;100-205-14;"WSM 100-205-14 Powerhead Rebuild Kit; Chrysler / Force 70 Hp 3 Cylinder 91-95 .040 Over";675,36
WSM;100-205-10;"WSM 100-205-10 Powerhead Rebuild Kit; Chrysler / Force 70 Hp 3 Cylinder 91-95 Standard";675,36
WSM;100-35-11;"WSM 100-35-11 Powerhead Rebuild Kit; Mercury / Mariner 70 - 90 Hp 3 Cyl Looper 87-93 .010 Over";678,07
WSM;100-35-115;"WSM 100-35-115 Powerhead Rebuild Kit; Mercury / Mariner 70 - 90 Hp 3 Cyl Looper 87-93 .015 Over";678,07
WSM;100-35-12;"WSM 100-35-12 Powerhead Rebuild Kit; Mercury / Mariner 70 - 90 Hp 3 Cyl Looper 87-93 .020 Over";678,07
WSM;100-35-13;"WSM 100-35-13 Powerhead Rebuild Kit; Mercury / Mariner 70 - 90 Hp 3 Cyl Looper 87-93 .030 Over";678,07
WSM;100-35-14;"WSM 100-35-14 Powerhead Rebuild Kit; Mercury / Mariner 70 - 90 Hp 3 Cyl Looper 87-93 .040 Over";678,07
WSM;100-35-10;"WSM 100-35-10 Powerhead Rebuild Kit; Mercury / Mariner 70 - 90 Hp 3 Cyl Looper 87-93 Standard";678,07
WSM;100-126-22;"WSM 100-126-22 Powerhead Rebuild Kit; Johnson / Evinrude 75 / 90 Hp 3 Cylinder E-Tec 04-17 .020 Over";681,13
WSM;100-126-23;"WSM 100-126-23 Powerhead Rebuild Kit; Johnson / Evinrude 75 / 90 Hp 3 Cylinder E-Tec 04-17 .030 Over";681,13
WSM;100-126-24;"WSM 100-126-24 Powerhead Rebuild Kit; Johnson / Evinrude 75 / 90 Hp 3 Cylinder E-Tec 04-17 .040 Over";681,13
WSM;100-126-20;"WSM 100-126-20 Powerhead Rebuild Kit; Johnson / Evinrude 75 / 90 Hp 3 Cylinder E-Tec 04-17 Standard";681,13
WSM;PH200-T016-SK;"WSM PH200-T016-SK Trim / Tilt Motor; Mercruiser";685,94
WSM;600-140;"WSM 600-140 Fuel Pump; Volvo Complete Assembly 8.1 - 8.2 Liter";705,54
WSM;100-115-11;"WSM 100-115-11 Powerhead Rebuild Kit; Johnson / Evinrude 120 / 140 Hp Looper 85-87 .010 Over";714,47
WSM;100-115-12;"WSM 100-115-12 Powerhead Rebuild Kit; Johnson / Evinrude 120 / 140 Hp Looper 85-87 .020 Over";714,47
WSM;100-115-13;"WSM 100-115-13 Powerhead Rebuild Kit; Johnson / Evinrude 120 / 140 Hp Looper 85-87 .030 Over";714,47
WSM;100-115-14;"WSM 100-115-14 Powerhead Rebuild Kit; Johnson / Evinrude 120 / 140 Hp Looper 85-87 .040 Over";714,47
WSM;100-115-10;"WSM 100-115-10 Powerhead Rebuild Kit; Johnson / Evinrude 120 / 140 Hp Looper 85-87 Standard";714,47
WSM;PH500-M081-K;"WSM PH500-M081-K Fuel Pump; Volvo Assembly";728,26
WSM;100-210-41;"WSM 100-210-41 Powerhead Rebuild Kit; Chrysler / Force 120 Hp 4 Cylinder 96-99 .010 Over";741,1
WSM;100-210-42;"WSM 100-210-42 Powerhead Rebuild Kit; Chrysler / Force 120 Hp 4 Cylinder 96-99 .020 Over";741,1
WSM;100-210-43;"WSM 100-210-43 Powerhead Rebuild Kit; Chrysler / Force 120 Hp 4 Cylinder 96-99 .030 Over";741,1
WSM;100-210-44;"WSM 100-210-44 Powerhead Rebuild Kit; Chrysler / Force 120 Hp 4 Cylinder 96-99 .040 Over";741,1
WSM;100-210-40;"WSM 100-210-40 Powerhead Rebuild Kit; Chrysler / Force 120 Hp 4 Cylinder 96-99 Standard";741,1
WSM;100-210-51;"WSM 100-210-51 Powerhead Rebuild Kit; Chrysler / Force 120 Hp 4 Cylinder 96-00 .010 Over";754,45
WSM;100-210-52;"WSM 100-210-52 Powerhead Rebuild Kit; Chrysler / Force 120 Hp 4 Cylinder 96-00 .020 Over";754,45
WSM;100-210-53;"WSM 100-210-53 Powerhead Rebuild Kit; Chrysler / Force 120 Hp 4 Cylinder 96-00 .030 Over";754,45
WSM;100-210-54;"WSM 100-210-54 Powerhead Rebuild Kit; Chrysler / Force 120 Hp 4 Cylinder 96-00 .040 Over";754,45
WSM;100-210-50;"WSM 100-210-50 Powerhead Rebuild Kit; Chrysler / Force 120 Hp 4 Cylinder 96-00 Standard";754,45
WSM;100-110-11;"WSM 100-110-11 Powerhead Rebuild Kit; Johnson / Evinrude V4 Cross Flow 74-97 .010 Over";768,48
WSM;100-110-12;"WSM 100-110-12 Powerhead Rebuild Kit; Johnson / Evinrude V4 Cross Flow 74-97 .020 Over";768,48
WSM;100-110-13;"WSM 100-110-13 Powerhead Rebuild Kit; Johnson / Evinrude V4 Cross Flow 74-97 .030 Over";768,48
WSM;100-110-14;"WSM 100-110-14 Powerhead Rebuild Kit; Johnson / Evinrude V4 Cross Flow 74-97 .040 Over";768,48
WSM;100-110-10;"WSM 100-110-10 Powerhead Rebuild Kit; Johnson / Evinrude V4 Cross Flow 74-97 Standard";768,48
WSM;449-121;"WSM 449-121 Propeller Shaft; Mercruiser";769,84
WSM;100-270-10;"WSM 100-270-10 Powerhead Rebuild Kit; Yamaha 115 / 130 Hp 4 Cylinder 84-92 Standard";780,72
WSM;100-270-11;"WSM 100-270-11 Powerhead Rebuild Kit; Yamaha 115 / 130 Hp 4 Cylinder 84-92 .010 Over";780,76
WSM;100-270-12;"WSM 100-270-12 Powerhead Rebuild Kit; Yamaha 115 / 130 Hp 4 Cylinder 84-92 .020 Over";780,76
WSM;100-270-13;"WSM 100-270-13 Powerhead Rebuild Kit; Yamaha 115 / 130 Hp 4 Cylinder 84-92 .030 Over";780,76
WSM;100-270-14;"WSM 100-270-14 Powerhead Rebuild Kit; Yamaha 115 / 130 Hp 4 Cylinder 84-92 .040 Over";780,76
WSM;100-135-11;"WSM 100-135-11 Powerhead Rebuild Kit; Johnson / Evinrude 120 / 140 Hp 4 Cylinder 88-94 .010 Over";786,64
WSM;100-135-12;"WSM 100-135-12 Powerhead Rebuild Kit; Johnson / Evinrude 120 / 140 Hp 4 Cylinder 88-94 .020 Over";786,64
WSM;100-135-13;"WSM 100-135-13 Powerhead Rebuild Kit; Johnson / Evinrude 120 / 140 Hp 4 Cylinder 88-94 .030 Over";786,64
WSM;100-135-14;"WSM 100-135-14 Powerhead Rebuild Kit; Johnson / Evinrude 120 / 140 Hp 4 Cylinder 88-94 .040 Over";786,64
WSM;100-135-10;"WSM 100-135-10 Powerhead Rebuild Kit; Johnson / Evinrude 120 / 140 Hp 4 Cylinder 88-94 Standard";786,64
WSM;100-35-31;"WSM 100-35-31 Powerhead Rebuild Kit; Mercury / Mariner 100 / 115 Hp 4 Cyl Looper 85-91 .010 Over";789,95
WSM;100-35-32;"WSM 100-35-32 Powerhead Rebuild Kit; Mercury / Mariner 100 / 115 Hp 4 Cyl Looper 85-91 .020 Over";789,95
WSM;100-35-33;"WSM 100-35-33 Powerhead Rebuild Kit; Mercury / Mariner 100 / 115 Hp 4 Cyl Looper 85-91 .030 Over";789,95
WSM;100-35-34;"WSM 100-35-34 Powerhead Rebuild Kit; Mercury / Mariner 100 / 115 Hp 4 Cyl Looper 85-91 .040 Over";789,95
WSM;100-35-30;"WSM 100-35-30 Powerhead Rebuild Kit; Mercury / Mariner 100 / 115 Hp 4 Cyl Looper 85-91 Standard";789,95
WSM;750-610;"WSM 750-610 Sea Water Pump; Mercruiser; V6 / V8 262 - 496 Hp With Pulley / With Air";793,79
WSM;100-205-41;"WSM 100-205-41 Powerhead Rebuild Kit; Chrysler / Force 120 Hp 4 Cylinder 91-95 .010 Over";816,44
WSM;100-205-42;"WSM 100-205-42 Powerhead Rebuild Kit; Chrysler / Force 120 Hp 4 Cylinder 91-95 .020 Over";816,44
WSM;100-205-43;"WSM 100-205-43 Powerhead Rebuild Kit; Chrysler / Force 120 Hp 4 Cylinder 91-95 .030 Over";816,44
WSM;100-205-44;"WSM 100-205-44 Powerhead Rebuild Kit; Chrysler / Force 120 Hp 4 Cylinder 91-95 .040 Over";816,44
WSM;100-205-40;"WSM 100-205-40 Powerhead Rebuild Kit; Chrysler / Force 120 Hp 4 Cylinder 91-95 Standard";816,44
WSM;100-270-11P;"WSM 100-270-11P Powerhead Rebuild Kit; Yamaha 115 / 130 Hp 4 Cylinder 84-92 .010 Over Platinum";818,69
WSM;100-270-12P;"WSM 100-270-12P Powerhead Rebuild Kit; Yamaha 115 / 130 Hp 4 Cylinder 84-92 .020 Over Platinum";818,69
WSM;100-270-13P;"WSM 100-270-13P Powerhead Rebuild Kit; Yamaha 115 / 130 Hp 4 Cylinder 84-92 .030 Over Platinum";818,69
WSM;100-270-14P;"WSM 100-270-14P Powerhead Rebuild Kit; Yamaha 115 / 130 Hp 4 Cylinder 84-92 .040 Over Platinum";818,69
WSM;100-270-10P;"WSM 100-270-10P Powerhead Rebuild Kit; Yamaha 115 / 130 Hp 4 Cylinder 84-92 Standard Platinum";818,69
WSM;100-130-11;"WSM 100-130-11 Powerhead Rebuild Kit; Johnson / Evinrude 90 / 115 Hp 60 Deg 95-99 .010 Over";828,98
WSM;100-130-12;"WSM 100-130-12 Powerhead Rebuild Kit; Johnson / Evinrude 90 / 115 Hp 60 Deg 95-99 .020 Over";828,98
WSM;100-130-13;"WSM 100-130-13 Powerhead Rebuild Kit; Johnson / Evinrude 90 / 115 Hp 60 Deg 95-99 .030 Over";828,98
WSM;100-130-14;"WSM 100-130-14 Powerhead Rebuild Kit; Johnson / Evinrude 90 / 115 Hp 60 Deg 95-99 .040 Over";828,98
WSM;100-130-10;"WSM 100-130-10 Powerhead Rebuild Kit; Johnson / Evinrude 90 / 115 Hp 60 Deg 95-99 Standard";828,98
WSM;100-15-31;"WSM 100-15-31 Powerhead Rebuild Kit; Mercury / Mariner 90 - 150 Hp 6 Cylinder Cross Flow 70-96 .010 Over";836,6
WSM;100-15-32;"WSM 100-15-32 Powerhead Rebuild Kit; Mercury / Mariner 90 - 150 Hp 6 Cylinder Cross Flow 70-96 .020 Over";836,6
WSM;100-15-33;"WSM 100-15-33 Powerhead Rebuild Kit; Mercury / Mariner 90 - 150 Hp 6 Cylinder Cross Flow 70-96 .030 Over";836,6
WSM;100-15-34;"WSM 100-15-34 Powerhead Rebuild Kit; Mercury / Mariner 90 - 150 Hp 6 Cylinder Cross Flow 70-96 .040 Over";836,6
WSM;100-15-30;"WSM 100-15-30 Powerhead Rebuild Kit; Mercury / Mariner 90 - 150 Hp 6 Cylinder Cross Flow 70-96 Standard";836,6
WSM;100-25-21;"WSM 100-25-21 Powerhead Rebuild Kit; Mercury / Mariner 100 / 115 Hp 4 Cylinder Looper 89-93 .010 Over";837,97
WSM;100-25-215;"WSM 100-25-215 Powerhead Rebuild Kit; Mercury / Mariner 100 / 115 Hp 4 Cylinder Looper 89-93 .015 Over";837,97
WSM;100-25-22;"WSM 100-25-22 Powerhead Rebuild Kit; Mercury / Mariner 100 / 115 Hp 4 Cylinder Looper 89-93 .020 Over";837,97
WSM;100-25-23;"WSM 100-25-23 Powerhead Rebuild Kit; Mercury / Mariner 100 / 115 Hp 4 Cylinder Looper 89-93 .030 Over";837,97
WSM;100-25-24;"WSM 100-25-24 Powerhead Rebuild Kit; Mercury / Mariner 100 / 115 Hp 4 Cylinder Looper 89-93 .040 Over";837,97
WSM;100-25-20;"WSM 100-25-20 Powerhead Rebuild Kit; Mercury / Mariner 100 / 115 Hp 4 Cylinder Looper 89-93 Standard";837,97
WSM;100-275-11;"WSM 100-275-11 Powerhead Rebuild Kit; Yamaha 115 / 130 Hp 4 Cylinder 93-09 .010 Over";845,29
WSM;100-275-12;"WSM 100-275-12 Powerhead Rebuild Kit; Yamaha 115 / 130 Hp 4 Cylinder 93-09 .020 Over";845,29
WSM;100-275-13;"WSM 100-275-13 Powerhead Rebuild Kit; Yamaha 115 / 130 Hp 4 Cylinder 93-09 .030 Over";845,29
WSM;100-275-14;"WSM 100-275-14 Powerhead Rebuild Kit; Yamaha 115 / 130 Hp 4 Cylinder 93-09 .040 Over";845,29
WSM;100-275-10;"WSM 100-275-10 Powerhead Rebuild Kit; Yamaha 115 / 130 Hp 4 Cylinder 93-09 Standard";845,29
WSM;100-40-21;"WSM 100-40-21 Powerhead Rebuild Kit; Mercury / Mariner 100 - 125 Hp 4 Cyl Looper 94-06 .010 Over";848,45
WSM;100-40-215;"WSM 100-40-215 Powerhead Rebuild Kit; Mercury / Mariner 100 - 125 Hp 4 Cyl Looper 94-06 .015 Over";848,45
WSM;100-40-22;"WSM 100-40-22 Powerhead Rebuild Kit; Mercury / Mariner 100 - 125 Hp 4 Cyl Looper 94-06 .020 Over";848,45
WSM;100-40-23;"WSM 100-40-23 Powerhead Rebuild Kit; Mercury / Mariner 100 - 125 Hp 4 Cyl Looper 94-06 .030 Over";848,45
WSM;100-40-24;"WSM 100-40-24 Powerhead Rebuild Kit; Mercury / Mariner 100 - 125 Hp 4 Cyl Looper 94-06 .040 Over";848,45
WSM;100-40-20;"WSM 100-40-20 Powerhead Rebuild Kit; Mercury / Mariner 100 - 125 Hp 4 Cyl Looper 94-06 Standard";848,45
WSM;100-131-12;"WSM 100-131-12 Powerhead Rebuild Kit; Johnson / Evinrude 115 Hp V4 E-Tec 07-17 .020 Over";852,32
WSM;100-131-13;"WSM 100-131-13 Powerhead Rebuild Kit; Johnson / Evinrude 115 Hp V4 E-Tec 07-17 .030 Over";852,32
WSM;100-131-14;"WSM 100-131-14 Powerhead Rebuild Kit; Johnson / Evinrude 115 Hp V4 E-Tec 07-17 .040 Over";852,32
WSM;100-131-10;"WSM 100-131-10 Powerhead Rebuild Kit; Johnson / Evinrude 115 Hp V4 E-Tec 07-17 Standard";852,32
WSM;0100-10-11;"WSM 100-10-11 Powerhead Rebuild Kit; Mercury / Mariner 150 - 225 Hp 2.4L 78-91 .010 Over";860,75
WSM;100-10-115;"WSM 100-10-115 Powerhead Rebuild Kit; Mercury / Mariner 150 - 225 Hp 2.4L 78-91 .015 Over";860,75
WSM;0100-10-12;"WSM 100-10-12 Powerhead Rebuild Kit; Mercury / Mariner 150 - 225 Hp 2.4L 78-91 .020 Over";860,75
WSM;0100-10-13;"WSM 100-10-13 Powerhead Rebuild Kit; Mercury / Mariner 150 - 225 Hp 2.4L 78-91 .030 Over";860,75
WSM;0100-10-14;"WSM 100-10-14 Powerhead Rebuild Kit; Mercury / Mariner 150 - 225 Hp 2.4L 78-91 .040 Over";860,75
WSM;0100-10-10;"WSM 100-10-10 Powerhead Rebuild Kit; Mercury / Mariner 150 - 225 Hp 2.4L 78-91 Standard";860,75
WSM;0100-10-21;"WSM 100-10-21 Powerhead Rebuild Kit; Mercury / Mariner 150 / 175 Hp 2.4L XR4 90-92 .010 Over";860,75
WSM;100-10-215;"WSM 100-10-215 Powerhead Rebuild Kit; Mercury / Mariner 150 / 175 Hp 2.4L XR4 90-92 .015 Over";860,75
WSM;0100-10-22;"WSM 100-10-22 Powerhead Rebuild Kit; Mercury / Mariner 150 / 175 Hp 2.4L XR4 90-92 .020 Over";860,75
WSM;0100-10-23;"WSM 100-10-23 Powerhead Rebuild Kit; Mercury / Mariner 150 / 175 Hp 2.4L XR4 90-92 .030 Over";860,75
WSM;0100-10-24;"WSM 100-10-24 Powerhead Rebuild Kit; Mercury / Mariner 150 / 175 Hp 2.4L XR4 90-92 .040 Over";860,75
WSM;0100-10-20;"WSM 100-10-20 Powerhead Rebuild Kit; Mercury / Mariner 150 / 175 Hp 2.4L XR4 90-92 Standard";860,75
WSM;100-27-115;"WSM 100-27-115 Powerhead Rebuild Kit; Mercury / Mariner 75 - 125 Hp 1.5L Optimax 04-14 .015 Over";861
WSM;100-27-12;"WSM 100-27-12 Powerhead Rebuild Kit; Mercury / Mariner 75 - 125 Hp 1.5L Optimax 04-14 .020 Over";861
WSM;100-27-13;"WSM 100-27-13 Powerhead Rebuild Kit; Mercury / Mariner 75 - 125 Hp 1.5L Optimax 04-14 .030 Over";861
WSM;100-27-14;"WSM 100-27-14 Powerhead Rebuild Kit; Mercury / Mariner 75 - 125 Hp 1.5L Optimax 04-14 .040 Over";861
WSM;100-27-10;"WSM 100-27-10 Powerhead Rebuild Kit; Mercury / Mariner 75 - 125 Hp 1.5L Optimax 04-14 Standard";861
WSM;100-133-11;"WSM 100-133-11 Powerhead Rebuild Kit; Johnson / Evinrude 90 - 115 Hp 4 Cylinder Ficht .010 Over";862,93
WSM;100-133-12;"WSM 100-133-12 Powerhead Rebuild Kit; Johnson / Evinrude 90 - 115 Hp 4 Cylinder Ficht .020 Over";862,93
WSM;100-133-13;"WSM 100-133-13 Powerhead Rebuild Kit; Johnson / Evinrude 90 - 115 Hp 4 Cylinder Ficht .030 Over";862,93
WSM;100-133-14;"WSM 100-133-14 Powerhead Rebuild Kit; Johnson / Evinrude 90 - 115 Hp 4 Cylinder Ficht .040 Over";862,93
WSM;100-133-10;"WSM 100-133-10 Powerhead Rebuild Kit; Johnson / Evinrude 90 - 115 Hp 4 Cylinder Ficht Standard";862,93
WSM;100-275-11P;"WSM 100-275-11P Powerhead Rebuild Kit; Yamaha 115 / 130 Hp 4 Cylinder 93-09 .010 Over Platinum";866,59
WSM;100-275-12P;"WSM 100-275-12P Powerhead Rebuild Kit; Yamaha 115 / 130 Hp 4 Cylinder 93-09 .020 Over Platinum";866,59
WSM;100-275-13P;"WSM 100-275-13P Powerhead Rebuild Kit; Yamaha 115 / 130 Hp 4 Cylinder 93-09 .030 Over Platinum";866,59
WSM;100-275-14P;"WSM 100-275-14P Powerhead Rebuild Kit; Yamaha 115 / 130 Hp 4 Cylinder 93-09 .040 Over Platinum";866,59
WSM;100-275-10P;"WSM 100-275-10P Powerhead Rebuild Kit; Yamaha 115 / 130 Hp 4 Cylinder 93-09 Standard Platinum";866,59
WSM;100-35-21;"WSM 100-35-21 Powerhead Rebuild Kit; Mercury / Mariner 100 / 115 Hp 4 Cyl Looper 92-93 .010 Over";893,11
WSM;100-35-22;"WSM 100-35-22 Powerhead Rebuild Kit; Mercury / Mariner 100 / 115 Hp 4 Cyl Looper 92-93 .020 Over";893,11
WSM;100-35-23;"WSM 100-35-23 Powerhead Rebuild Kit; Mercury / Mariner 100 / 115 Hp 4 Cyl Looper 92-93 .030 Over";893,11
WSM;100-35-24;"WSM 100-35-24 Powerhead Rebuild Kit; Mercury / Mariner 100 / 115 Hp 4 Cyl Looper 92-93 .040 Over";893,11
WSM;100-35-20;"WSM 100-35-20 Powerhead Rebuild Kit; Mercury / Mariner 100 / 115 Hp 4 Cyl Looper 92-93 Standard";893,11
WSM;100-30-13;"WSM 100-30-13 Powerhead Rebuild Kit; Mercury / Mariner 135-150 Hp 6 Cylinder 00-05 .030 Over";932,34
WSM;100-30-11;"WSM 100-30-11 Powerhead Rebuild Kit; Mercury / Mariner 150 Hp 6 Cylinder 00-05 .010 Over";932,34
WSM;100-30-115;"WSM 100-30-115 Powerhead Rebuild Kit; Mercury / Mariner 150 Hp 6 Cylinder 00-05 .015 Over";932,34
WSM;100-30-12;"WSM 100-30-12 Powerhead Rebuild Kit; Mercury / Mariner 150 Hp 6 Cylinder 00-05 .020 Over";932,34
WSM;100-30-14;"WSM 100-30-14 Powerhead Rebuild Kit; Mercury / Mariner 150 Hp 6 Cylinder 00-05 .040 Over";932,34
WSM;100-50-11;"WSM 100-50-11 Powerhead Rebuild Kit; Mercury / Mariner 150 Hp 6 Cyl 83-91 .010 Over";937,76
WSM;100-50-115;"WSM 100-50-115 Powerhead Rebuild Kit; Mercury / Mariner 150 Hp 6 Cyl 83-91 .015 Over";937,76
WSM;100-50-12;"WSM 100-50-12 Powerhead Rebuild Kit; Mercury / Mariner 150 Hp 6 Cyl 83-91 .020 Over";937,76
WSM;100-50-13;"WSM 100-50-13 Powerhead Rebuild Kit; Mercury / Mariner 150 Hp 6 Cyl 83-91 .030 Over";937,76
WSM;100-50-14;"WSM 100-50-14 Powerhead Rebuild Kit; Mercury / Mariner 150 Hp 6 Cyl 83-91 .040 Over";937,76
WSM;100-50-10;"WSM 100-50-10 Powerhead Rebuild Kit; Mercury / Mariner 150 Hp 6 Cyl 83-91 Standard";937,76
WSM;GK-SX1PRO4T-0002;"WSM GK-SX1PRO4T-0002 ECU; Honda CRF-RL 450 2024";944,95
WSM;P400250100030;"WSM P400250100030 Cylinder Kit Big Bore 300cc; Kawasaki 250 KX '23-'24; 85mm Bore";972,8
WSM;100-115-21;"WSM 100-115-21 Powerhead Rebuild Kit; Johnson / Evinrude 200 / 225 Hp Looper 85-87 .010 Over";1000,28
WSM;100-115-23;"WSM 100-115-23 Powerhead Rebuild Kit; Johnson / Evinrude 200 / 225 Hp Looper 85-87 .030 Over";1000,28
WSM;100-115-24;"WSM 100-115-24 Powerhead Rebuild Kit; Johnson / Evinrude 200 / 225 Hp Looper 85-87 .040 Over";1000,28
WSM;100-115-20;"WSM 100-115-20 Powerhead Rebuild Kit; Johnson / Evinrude 200 / 225 Hp Looper 85-87 Standard";1000,28
WSM;100-50-21;"WSM 100-50-21 Powerhead Rebuild Kit; Mercury / Mariner 150 Hp 6 Cyl 2L XR2 .010 Over";1006,24
WSM;100-50-22;"WSM 100-50-22 Powerhead Rebuild Kit; Mercury / Mariner 150 Hp 6 Cyl 2L XR2 .020 Over";1006,24
WSM;100-50-23;"WSM 100-50-23 Powerhead Rebuild Kit; Mercury / Mariner 150 Hp 6 Cyl 2L XR2 .030 Over";1006,24
WSM;100-50-24;"WSM 100-50-24 Powerhead Rebuild Kit; Mercury / Mariner 150 Hp 6 Cyl 2L XR2 .040 Over";1006,24
WSM;100-50-20;"WSM 100-50-20 Powerhead Rebuild Kit; Mercury / Mariner 150 Hp 6 Cyl 2L XR2 Standard";1006,24
WSM;100-30-10;"WSM 100-30-10 Powerhead Rebuild Kit; Mercury / Mariner 150 Hp 6 Cylinder 00-05 Standard";1047,92
WSM;100-20-11;"WSM 100-20-11 Powerhead Rebuild Kit; Mercury / Mariner 105 - 200 Hp 6 Cyl 92-99 EFI .010 Over";1072,31
WSM;100-20-115;"WSM 100-20-115 Powerhead Rebuild Kit; Mercury / Mariner 105 - 200 Hp 6 Cyl 92-99 EFI .015 Over";1072,31
WSM;100-20-12;"WSM 100-20-12 Powerhead Rebuild Kit; Mercury / Mariner 105 - 200 Hp 6 Cyl 92-99 EFI .020 Over";1072,31
WSM;100-20-13;"WSM 100-20-13 Powerhead Rebuild Kit; Mercury / Mariner 105 - 200 Hp 6 Cyl 92-99 EFI .030 Over";1072,31
WSM;100-20-14;"WSM 100-20-14 Powerhead Rebuild Kit; Mercury / Mariner 105 - 200 Hp 6 Cyl 92-99 EFI .040 Over";1072,31
WSM;100-20-10;"WSM 100-20-10 Powerhead Rebuild Kit; Mercury / Mariner 105 - 200 Hp 6 Cyl 92-99 EFI .STD";1072,31
WSM;100-20-41;"WSM 100-20-41 Powerhead Rebuild Kit; Mercury / Mariner 135 - 200 6 Cylinder 2.5L 95-12 .010 Over";1072,31
WSM;100-20-415;"WSM 100-20-415 Powerhead Rebuild Kit; Mercury / Mariner 135 - 200 6 Cylinder 2.5L 95-12 .015 Over";1072,31
WSM;100-20-42;"WSM 100-20-42 Powerhead Rebuild Kit; Mercury / Mariner 135 - 200 6 Cylinder 2.5L 95-12 .020 Over";1072,31
WSM;100-20-43;"WSM 100-20-43 Powerhead Rebuild Kit; Mercury / Mariner 135 - 200 6 Cylinder 2.5L 95-12 .030 Over";1072,31
WSM;100-20-44;"WSM 100-20-44 Powerhead Rebuild Kit; Mercury / Mariner 135 - 200 6 Cylinder 2.5L 95-12 .040 Over";1072,31
WSM;100-20-40;"WSM 100-20-40 Powerhead Rebuild Kit; Mercury / Mariner 135 - 200 6 Cylinder 2.5L 95-12 Standard";1072,31
WSM;100-21-41;"WSM 100-21-41 Powerhead Rebuild Kit; Mercury / Mariner 150 Hp 2.5L Carb 92-98 O-Ring Head .010 Over";1072,31
WSM;100-21-415;"WSM 100-21-415 Powerhead Rebuild Kit; Mercury / Mariner 150 Hp 2.5L Carb 92-98 O-Ring Head .015 Over";1072,31
WSM;100-21-42;"WSM 100-21-42 Powerhead Rebuild Kit; Mercury / Mariner 150 Hp 2.5L Carb 92-98 O-Ring Head .020 Over";1072,31
WSM;100-21-43;"WSM 100-21-43 Powerhead Rebuild Kit; Mercury / Mariner 150 Hp 2.5L Carb 92-98 O-Ring Head .030 Over";1072,31
WSM;100-21-44;"WSM 100-21-44 Powerhead Rebuild Kit; Mercury / Mariner 150 Hp 2.5L Carb 92-98 O-Ring Head .040 Over";1072,31
WSM;100-21-40;"WSM 100-21-40 Powerhead Rebuild Kit; Mercury / Mariner 150 Hp 2.5L Carb 92-98 O-Ring Head Standard";1072,31
WSM;100-20-31;"WSM 100-20-31 Powerhead Rebuild Kit; Mercury / Mariner 200 Hp 2.5L Carbureted 94-04 .010 Over";1072,31
WSM;100-21-31;"WSM 100-21-31 Powerhead Rebuild Kit; Mercury / Mariner 200 Hp 2.5L Carbureted 94-04 .010 Over";1072,31
WSM;100-20-315;"WSM 100-20-315 Powerhead Rebuild Kit; Mercury / Mariner 200 Hp 2.5L Carbureted 94-04 .015 Over";1072,31
WSM;100-21-315;"WSM 100-21-315 Powerhead Rebuild Kit; Mercury / Mariner 200 Hp 2.5L Carbureted 94-04 .015 Over";1072,31
WSM;100-20-32;"WSM 100-20-32 Powerhead Rebuild Kit; Mercury / Mariner 200 Hp 2.5L Carbureted 94-04 .020 Over";1072,31
WSM;100-21-32;"WSM 100-21-32 Powerhead Rebuild Kit; Mercury / Mariner 200 Hp 2.5L Carbureted 94-04 .020 Over";1072,31
WSM;100-20-33;"WSM 100-20-33 Powerhead Rebuild Kit; Mercury / Mariner 200 Hp 2.5L Carbureted 94-04 .030 Over";1072,31
WSM;100-21-33;"WSM 100-21-33 Powerhead Rebuild Kit; Mercury / Mariner 200 Hp 2.5L Carbureted 94-04 .030 Over";1072,31
WSM;100-20-34;"WSM 100-20-34 Powerhead Rebuild Kit; Mercury / Mariner 200 Hp 2.5L Carbureted 94-04 .040 Over";1072,31
WSM;100-21-34;"WSM 100-21-34 Powerhead Rebuild Kit; Mercury / Mariner 200 Hp 2.5L Carbureted 94-04 .040 Over";1072,31
WSM;100-20-30;"WSM 100-20-30 Powerhead Rebuild Kit; Mercury / Mariner 200 Hp 2.5L Carbureted 94-04 Standard";1072,31
WSM;100-21-30;"WSM 100-21-30 Powerhead Rebuild Kit; Mercury / Mariner 200 Hp 2.5L Carbureted 94-04 Standard";1072,31
WSM;100-20-21;"WSM 100-20-21 Powerhead Rebuild Kit; Mercury / Mariner 200 Hp 2.5L O-Ring Head 00-10 .010 Over";1072,31
WSM;100-20-215;"WSM 100-20-215 Powerhead Rebuild Kit; Mercury / Mariner 200 Hp 2.5L O-Ring Head 00-10 .015 Over";1072,31
WSM;100-20-22;"WSM 100-20-22 Powerhead Rebuild Kit; Mercury / Mariner 200 Hp 2.5L O-Ring Head 00-10 .020 Over";1072,31
WSM;100-20-23;"WSM 100-20-23 Powerhead Rebuild Kit; Mercury / Mariner 200 Hp 2.5L O-Ring Head 00-10 .030 Over";1072,31
WSM;100-20-24;"WSM 100-20-24 Powerhead Rebuild Kit; Mercury / Mariner 200 Hp 2.5L O-Ring Head 00-10 .040 Over";1072,31
WSM;100-20-20;"WSM 100-20-20 Powerhead Rebuild Kit; Mercury / Mariner 200 Hp 2.5L O-Ring Head 00-10 Standard";1072,31
WSM;100-20-71;"WSM 100-20-71 Powerhead Rebuild Kit; Mercury / Mariner 210 Hp Sport Jet 00-05 .010 Over";1083,2
WSM;100-20-715;"WSM 100-20-715 Powerhead Rebuild Kit; Mercury / Mariner 210 Hp Sport Jet 00-05 .015 Over";1083,2
WSM;100-20-72;"WSM 100-20-72 Powerhead Rebuild Kit; Mercury / Mariner 210 Hp Sport Jet 00-05 .020 Over";1083,2
WSM;100-20-73;"WSM 100-20-73 Powerhead Rebuild Kit; Mercury / Mariner 210 Hp Sport Jet 00-05 .030 Over";1083,2
WSM;100-20-74;"WSM 100-20-74 Powerhead Rebuild Kit; Mercury / Mariner 210 Hp Sport Jet 00-05 .040 Over";1083,2
WSM;100-110-31;"WSM 100-110-31 Powerhead Rebuild Kit; Johnson / Evinrude V6 Cross Flow 77-91 .010 Over";1083,65
WSM;100-110-32;"WSM 100-110-32 Powerhead Rebuild Kit; Johnson / Evinrude V6 Cross Flow 77-91 .020 Over";1083,65
WSM;100-110-33;"WSM 100-110-33 Powerhead Rebuild Kit; Johnson / Evinrude V6 Cross Flow 77-91 .030 Over";1083,65
WSM;100-110-34;"WSM 100-110-34 Powerhead Rebuild Kit; Johnson / Evinrude V6 Cross Flow 77-91 .040 Over";1083,65
WSM;100-110-30;"WSM 100-110-30 Powerhead Rebuild Kit; Johnson / Evinrude V6 Cross Flow 77-91 Standard";1083,65
WSM;100-49-215;"WSM 100-49-215 Powerhead Rebuild Kit; Mercury / Mariner 200 Hp DFI Sport Jet .015 Over";1089,61
WSM;100-49-22;"WSM 100-49-22 Powerhead Rebuild Kit; Mercury / Mariner 200 Hp DFI Sport Jet .020 Over";1089,61
WSM;100-49-23;"WSM 100-49-23 Powerhead Rebuild Kit; Mercury / Mariner 200 Hp DFI Sport Jet .030 Over";1089,61
WSM;100-49-24;"WSM 100-49-24 Powerhead Rebuild Kit; Mercury / Mariner 200 Hp DFI Sport Jet .040 Over";1089,61
WSM;100-49-20;"WSM 100-49-20 Powerhead Rebuild Kit; Mercury / Mariner 200 Hp DFI Sport Jet Standard";1089,61
WSM;100-20-61;"WSM 100-20-61 Powerhead Rebuild Kit; Mercury / Mariner 200 Hp Sport Jet 01-06 .010 Over";1095,02
WSM;100-20-615;"WSM 100-20-615 Powerhead Rebuild Kit; Mercury / Mariner 200 Hp Sport Jet 01-06 .015 Over";1095,02
WSM;100-20-62;"WSM 100-20-62 Powerhead Rebuild Kit; Mercury / Mariner 200 Hp Sport Jet 01-06 .020 Over";1095,02
WSM;100-20-63;"WSM 100-20-63 Powerhead Rebuild Kit; Mercury / Mariner 200 Hp Sport Jet 01-06 .030 Over";1095,02
WSM;100-20-64;"WSM 100-20-64 Powerhead Rebuild Kit; Mercury / Mariner 200 Hp Sport Jet 01-06 .040 Over";1095,02
WSM;100-20-60;"WSM 100-20-60 Powerhead Rebuild Kit; Mercury / Mariner 200 Hp Sport Jet 01-06 Standard";1095,02
WSM;100-20-91;"WSM 100-20-91 Powerhead Rebuild Kit; Mercury / Mariner 150 / 200 Hp 2.5L EFI .010 Over";1096,14
WSM;100-20-915;"WSM 100-20-915 Powerhead Rebuild Kit; Mercury / Mariner 150 / 200 Hp 2.5L EFI .015 Over";1096,14
WSM;100-20-92;"WSM 100-20-92 Powerhead Rebuild Kit; Mercury / Mariner 150 / 200 Hp 2.5L EFI .020 Over";1096,14
WSM;100-20-93;"WSM 100-20-93 Powerhead Rebuild Kit; Mercury / Mariner 150 / 200 Hp 2.5L EFI .030 Over";1096,14
WSM;100-20-94;"WSM 100-20-94 Powerhead Rebuild Kit; Mercury / Mariner 150 / 200 Hp 2.5L EFI .040 Over";1096,14
WSM;100-20-90;"WSM 100-20-90 Powerhead Rebuild Kit; Mercury / Mariner 150 / 200 Hp 2.5L EFI Standard";1096,14
WSM;100-21-11;"WSM 100-21-11 Powerhead Rebuild Kit; Mercury / Mariner 105 - 200 Hp 6 Cyl 92-99 EFI .010 Over";1101,88
WSM;100-21-115;"WSM 100-21-115 Powerhead Rebuild Kit; Mercury / Mariner 105 - 200 Hp 6 Cyl 92-99 EFI .015 Over";1101,88
WSM;100-21-12;"WSM 100-21-12 Powerhead Rebuild Kit; Mercury / Mariner 105 - 200 Hp 6 Cyl 92-99 EFI .020 Over";1101,88
WSM;100-21-13;"WSM 100-21-13 Powerhead Rebuild Kit; Mercury / Mariner 105 - 200 Hp 6 Cyl 92-99 EFI .030 Over";1101,88
WSM;100-21-14;"WSM 100-21-14 Powerhead Rebuild Kit; Mercury / Mariner 105 - 200 Hp 6 Cyl 92-99 EFI .040 Over";1101,88
WSM;100-21-10;"WSM 100-21-10 Powerhead Rebuild Kit; Mercury / Mariner 105 - 200 Hp 6 Cyl 92-99 EFI .STD";1101,88
WSM;100-49-115;"WSM 100-49-115 Powerhead Rebuild Kit; Mercury / Mariner 110 - 175 Hp 2.5L DFI .015 Over";1104,41
WSM;100-49-12;"WSM 100-49-12 Powerhead Rebuild Kit; Mercury / Mariner 110 - 175 Hp 2.5L DFI .020 Over";1104,41
WSM;100-49-13;"WSM 100-49-13 Powerhead Rebuild Kit; Mercury / Mariner 110 - 175 Hp 2.5L DFI .030 Over";1104,41
WSM;100-49-14;"WSM 100-49-14 Powerhead Rebuild Kit; Mercury / Mariner 110 - 175 Hp 2.5L DFI .040 Over";1104,41
WSM;100-49-10;"WSM 100-49-10 Powerhead Rebuild Kit; Mercury / Mariner 110 - 175 Hp 2.5L DFI Standard";1104,41
WSM;100-28-115;"WSM 100-28-115 Powerhead Rebuild Kit; Mercury / Mariner 115 - 150 Hp 2.5L Optimax 2000 .015 Over";1109,63
WSM;100-28-13;"WSM 100-28-13 Powerhead Rebuild Kit; Mercury / Mariner 115 - 150 Hp 2.5L Optimax 2000 .030 Over";1109,63
WSM;100-28-14;"WSM 100-28-14 Powerhead Rebuild Kit; Mercury / Mariner 115 - 150 Hp 2.5L Optimax 2000 .040 Over";1109,63
WSM;100-28-10;"WSM 100-28-10 Powerhead Rebuild Kit; Mercury / Mariner 115 - 150 Hp 2.5L Optimax 2000 Standard";1109,63
WSM;100-270-21;"WSM 100-270-21 Powerhead Rebuild Kit; Yamaha 150 - 225 Hp 6 Cylinder 84-92 .010 Over";1110,52
WSM;100-270-31;"WSM 100-270-31 Powerhead Rebuild Kit; Yamaha 150 - 225 Hp 6 Cylinder 84-92 .010 Over";1110,52
WSM;100-270-22;"WSM 100-270-22 Powerhead Rebuild Kit; Yamaha 150 - 225 Hp 6 Cylinder 84-92 .020 Over";1110,52
WSM;100-270-32;"WSM 100-270-32 Powerhead Rebuild Kit; Yamaha 150 - 225 Hp 6 Cylinder 84-92 .020 Over";1110,52
WSM;100-270-23;"WSM 100-270-23 Powerhead Rebuild Kit; Yamaha 150 - 225 Hp 6 Cylinder 84-92 .030 Over";1110,52
WSM;100-270-33;"WSM 100-270-33 Powerhead Rebuild Kit; Yamaha 150 - 225 Hp 6 Cylinder 84-92 .030 Over";1110,52
WSM;100-270-24;"WSM 100-270-24 Powerhead Rebuild Kit; Yamaha 150 - 225 Hp 6 Cylinder 84-92 .040 Over";1110,52
WSM;100-270-34;"WSM 100-270-34 Powerhead Rebuild Kit; Yamaha 150 - 225 Hp 6 Cylinder 84-92 .040 Over";1110,52
WSM;100-270-20;"WSM 100-270-20 Powerhead Rebuild Kit; Yamaha 150 - 225 Hp 6 Cylinder 84-92 Standard";1110,52
WSM;100-270-30;"WSM 100-270-30 Powerhead Rebuild Kit; Yamaha 150 - 225 Hp 6 Cylinder 84-92 Standard";1110,52
WSM;100-21-23;"WSM 100-21-23 Powerhead Rebuild Kit; Mercury / Mariner 200 Hp 2.5L O-Ring Head 00-10 .030 Over";1112,14
WSM;100-21-24;"WSM 100-21-24 Powerhead Rebuild Kit; Mercury / Mariner 200 Hp 2.5L O-Ring Head 00-10 .040 Over";1112,14
WSM;100-21-21;"WSM 100-21-21 Powerhead Rebuild Kit; Mercury / Mariner 200 Hp 2.5L O-Ring Head 92-00 .010 Over";1112,14
WSM;100-21-215;"WSM 100-21-215 Powerhead Rebuild Kit; Mercury / Mariner 200 Hp 2.5L O-Ring Head 92-00 .015 Over";1112,14
WSM;100-21-22;"WSM 100-21-22 Powerhead Rebuild Kit; Mercury / Mariner 200 Hp 2.5L O-Ring Head 92-00 .020 Over";1112,14
WSM;100-21-20;"WSM 100-21-20 Powerhead Rebuild Kit; Mercury / Mariner 200 Hp 2.5L O-Ring Head 92-10 Standard";1112,14
WSM;100-140-11;"WSM 100-140-11 Powerhead Rebuild Kit; Johnson / Evinrude 175 / 235 Hp Cross Flow 80-91 .010 Over";1118,45
WSM;100-140-12;"WSM 100-140-12 Powerhead Rebuild Kit; Johnson / Evinrude 175 / 235 Hp Cross Flow 80-91 .020 Over";1118,45
WSM;100-140-13;"WSM 100-140-13 Powerhead Rebuild Kit; Johnson / Evinrude 175 / 235 Hp Cross Flow 80-91 .030 Over";1118,45
WSM;100-140-14;"WSM 100-140-14 Powerhead Rebuild Kit; Johnson / Evinrude 175 / 235 Hp Cross Flow 80-91 .040 Over";1118,45
WSM;100-140-10;"WSM 100-140-10 Powerhead Rebuild Kit; Johnson / Evinrude 175 / 235 Hp Cross Flow 80-91 Standard";1118,45
WSM;100-285-11;"WSM 100-285-11 Powerhead Rebuild Kit; Yamaha 200 - 250 Hp .010 Over";1129,98
WSM;100-285-12;"WSM 100-285-12 Powerhead Rebuild Kit; Yamaha 200 - 250 Hp .020 Over";1129,98
WSM;100-285-13;"WSM 100-285-13 Powerhead Rebuild Kit; Yamaha 200 - 250 Hp .030 Over";1129,98
WSM;100-285-14;"WSM 100-285-14 Powerhead Rebuild Kit; Yamaha 200 - 250 Hp .040 Over";1129,98
WSM;100-285-10;"WSM 100-285-10 Powerhead Rebuild Kit; Yamaha 200 - 250 Hp Standard";1129,98
WSM;100-135-21;"WSM 100-135-21 Powerhead Rebuild Kit; Johnson / Evinrude 200 / 225 Hp 6 Cylinder 88-92 .010 Over";1148,06
WSM;100-135-22;"WSM 100-135-22 Powerhead Rebuild Kit; Johnson / Evinrude 200 / 225 Hp 6 Cylinder 88-92 .020 Over";1148,06
WSM;100-135-23;"WSM 100-135-23 Powerhead Rebuild Kit; Johnson / Evinrude 200 / 225 Hp 6 Cylinder 88-92 .030 Over";1148,06
WSM;100-135-24;"WSM 100-135-24 Powerhead Rebuild Kit; Johnson / Evinrude 200 / 225 Hp 6 Cylinder 88-92 .040 Over";1148,06
WSM;100-135-20;"WSM 100-135-20 Powerhead Rebuild Kit; Johnson / Evinrude 200 / 225 Hp 6 Cylinder 88-92 Standard";1148,06
WSM;100-285-11P;"WSM 100-285-11P Powerhead Rebuild Kit; Yamaha 200 - 250 Hp .010 Over Platinum";1152,62
WSM;100-285-12P;"WSM 100-285-12P Powerhead Rebuild Kit; Yamaha 200 - 250 Hp .020 Over Platinum";1152,62
WSM;100-285-13P;"WSM 100-285-13P Powerhead Rebuild Kit; Yamaha 200 - 250 Hp .030 Over Platinum";1152,62
WSM;100-285-14P;"WSM 100-285-14P Powerhead Rebuild Kit; Yamaha 200 - 250 Hp .040 Over Platinum";1152,62
WSM;100-285-10P;"WSM 100-285-10P Powerhead Rebuild Kit; Yamaha 200 - 250 Hp Standard Platinum";1152,62
WSM;100-20-51;"WSM 100-20-51 Powerhead Rebuild Kit; Mercury / Mariner 175 Hp Sport Jet 97-04 .010 Over";1161,58
WSM;100-20-515;"WSM 100-20-515 Powerhead Rebuild Kit; Mercury / Mariner 175 Hp Sport Jet 97-04 .015 Over";1161,58
WSM;100-20-52;"WSM 100-20-52 Powerhead Rebuild Kit; Mercury / Mariner 175 Hp Sport Jet 97-04 .020 Over";1161,58
WSM;100-20-53;"WSM 100-20-53 Powerhead Rebuild Kit; Mercury / Mariner 175 Hp Sport Jet 97-04 .030 Over";1161,58
WSM;100-20-54;"WSM 100-20-54 Powerhead Rebuild Kit; Mercury / Mariner 175 Hp Sport Jet 97-04 .040 Over";1161,58
WSM;100-20-50;"WSM 100-20-50 Powerhead Rebuild Kit; Mercury / Mariner 175 Hp Sport Jet 97-04 Standard";1161,58
WSM;100-20-81;"WSM 100-20-81 Powerhead Rebuild Kit; Mercury / Mariner 175 Hp Sport Jet 97-99 .010 Over";1161,58
WSM;100-20-815;"WSM 100-20-815 Powerhead Rebuild Kit; Mercury / Mariner 175 Hp Sport Jet 97-99 .015 Over";1161,58
WSM;100-20-82;"WSM 100-20-82 Powerhead Rebuild Kit; Mercury / Mariner 175 Hp Sport Jet 97-99 .020 Over";1161,58
WSM;100-20-83;"WSM 100-20-83 Powerhead Rebuild Kit; Mercury / Mariner 175 Hp Sport Jet 97-99 .030 Over";1161,58
WSM;100-20-84;"WSM 100-20-84 Powerhead Rebuild Kit; Mercury / Mariner 175 Hp Sport Jet 97-99 .040 Over";1161,58
WSM;100-20-80;"WSM 100-20-80 Powerhead Rebuild Kit; Mercury / Mariner 175 Hp Sport Jet 97-99 Standard";1161,58
WSM;100-21-81;"WSM 100-21-81 Powerhead Rebuild Kit; Mercury / Mariner 240 Hp 6 Cylinder 2.5L 01-06 Sport Jet .010 Over";1162,2
WSM;100-21-815;"WSM 100-21-815 Powerhead Rebuild Kit; Mercury / Mariner 240 Hp 6 Cylinder 2.5L 01-06 Sport Jet .015 Over";1162,2
WSM;100-21-82;"WSM 100-21-82 Powerhead Rebuild Kit; Mercury / Mariner 240 Hp 6 Cylinder 2.5L 01-06 Sport Jet .020 Over";1162,2
WSM;100-21-83;"WSM 100-21-83 Powerhead Rebuild Kit; Mercury / Mariner 240 Hp 6 Cylinder 2.5L 01-06 Sport Jet .030 Over";1162,2
WSM;100-21-84;"WSM 100-21-84 Powerhead Rebuild Kit; Mercury / Mariner 240 Hp 6 Cylinder 2.5L 01-06 Sport Jet .040 Over";1162,2
WSM;100-21-80;"WSM 100-21-80 Powerhead Rebuild Kit; Mercury / Mariner 240 Hp 6 Cylinder 2.5L 01-06 Sport Jet Standard";1162,2
WSM;100-270-21P;"WSM 100-270-21P Powerhead Rebuild Kit; Yamaha 150 - 225 Hp 6 Cylinder 84-92 .010 Over Platinum";1167,4
WSM;100-270-31P;"WSM 100-270-31P Powerhead Rebuild Kit; Yamaha 150 - 225 Hp 6 Cylinder 84-92 .010 Over Platinum";1167,4
WSM;100-270-22P;"WSM 100-270-22P Powerhead Rebuild Kit; Yamaha 150 - 225 Hp 6 Cylinder 84-92 .020 Over Platinum";1167,4
WSM;100-270-32P;"WSM 100-270-32P Powerhead Rebuild Kit; Yamaha 150 - 225 Hp 6 Cylinder 84-92 .020 Over Platinum";1167,4
WSM;100-270-23P;"WSM 100-270-23P Powerhead Rebuild Kit; Yamaha 150 - 225 Hp 6 Cylinder 84-92 .030 Over Platinum";1167,4
WSM;100-270-33P;"WSM 100-270-33P Powerhead Rebuild Kit; Yamaha 150 - 225 Hp 6 Cylinder 84-92 .030 Over Platinum";1167,4
WSM;100-270-24P;"WSM 100-270-24P Powerhead Rebuild Kit; Yamaha 150 - 225 Hp 6 Cylinder 84-92 .040 Over Platinum";1167,4
WSM;100-270-34P;"WSM 100-270-34P Powerhead Rebuild Kit; Yamaha 150 - 225 Hp 6 Cylinder 84-92 .040 Over Platinum";1167,4
WSM;100-270-20P;"WSM 100-270-20P Powerhead Rebuild Kit; Yamaha 150 - 225 Hp 6 Cylinder 84-92 Standard Platinum";1167,4
WSM;100-270-30P;"WSM 100-270-30P Powerhead Rebuild Kit; Yamaha 150 - 225 Hp 6 Cylinder 84-92 Standard Platinum";1167,4
WSM;100-20-70;"WSM 100-20-70 Powerhead Rebuild Kit; Mercury / Mariner 210 Hp Sport Jet 00-05 Standard";1171,99
WSM;100-125-11;"WSM 100-125-11 Powerhead Rebuild Kit; Johnson / Evinrude 200 - 250 Hp 6 Cylinder 93-01 .010 Over";1177,49
WSM;100-125-12;"WSM 100-125-12 Powerhead Rebuild Kit; Johnson / Evinrude 200 - 250 Hp 6 Cylinder 93-01 .020 Over";1177,49
WSM;100-125-13;"WSM 100-125-13 Powerhead Rebuild Kit; Johnson / Evinrude 200 - 250 Hp 6 Cylinder 93-01 .030 Over";1177,49
WSM;100-125-14;"WSM 100-125-14 Powerhead Rebuild Kit; Johnson / Evinrude 200 - 250 Hp 6 Cylinder 93-01 .040 Over";1177,49
WSM;100-125-10;"WSM 100-125-10 Powerhead Rebuild Kit; Johnson / Evinrude 200 - 250 Hp 6 Cylinder 93-01 Standard";1177,49
WSM;100-130-21;"WSM 100-130-21 Powerhead Rebuild Kit; Johnson / Evinrude 150 / 175 Hp 60 Deg 91-06 .010 Over";1190,83
WSM;100-130-22;"WSM 100-130-22 Powerhead Rebuild Kit; Johnson / Evinrude 150 / 175 Hp 60 Deg 91-06 .020 Over";1190,83
WSM;100-130-23;"WSM 100-130-23 Powerhead Rebuild Kit; Johnson / Evinrude 150 / 175 Hp 60 Deg 91-06 .030 Over";1190,83
WSM;100-130-24;"WSM 100-130-24 Powerhead Rebuild Kit; Johnson / Evinrude 150 / 175 Hp 60 Deg 91-06 .040 Over";1190,83
WSM;100-130-20;"WSM 100-130-20 Powerhead Rebuild Kit; Johnson / Evinrude 150 / 175 Hp 60 Deg 91-06 Standard";1190,83
WSM;100-275-21;"WSM 100-275-21 Powerhead Rebuild Kit; Yamaha 150 - 225 Hp 6 Cylinder 92-08 .010 Over";1204,03
WSM;100-275-31;"WSM 100-275-31 Powerhead Rebuild Kit; Yamaha 150 - 225 Hp 6 Cylinder 92-08 .010 Over";1204,03
WSM;100-275-22;"WSM 100-275-22 Powerhead Rebuild Kit; Yamaha 150 - 225 Hp 6 Cylinder 92-08 .020 Over";1204,03
WSM;100-275-32;"WSM 100-275-32 Powerhead Rebuild Kit; Yamaha 150 - 225 Hp 6 Cylinder 92-08 .020 Over";1204,03
WSM;100-275-23;"WSM 100-275-23 Powerhead Rebuild Kit; Yamaha 150 - 225 Hp 6 Cylinder 92-08 .030 Over";1204,03
WSM;100-275-33;"WSM 100-275-33 Powerhead Rebuild Kit; Yamaha 150 - 225 Hp 6 Cylinder 92-08 .030 Over";1204,03
WSM;100-275-24;"WSM 100-275-24 Powerhead Rebuild Kit; Yamaha 150 - 225 Hp 6 Cylinder 92-08 .040 Over";1204,03
WSM;100-275-34;"WSM 100-275-34 Powerhead Rebuild Kit; Yamaha 150 - 225 Hp 6 Cylinder 92-08 .040 Over";1204,03
WSM;100-275-20;"WSM 100-275-20 Powerhead Rebuild Kit; Yamaha 150 - 225 Hp 6 Cylinder 92-08 Standard";1204,03
WSM;100-275-30;"WSM 100-275-30 Powerhead Rebuild Kit; Yamaha 150 - 225 Hp 6 Cylinder 92-08 Standard";1204,03
WSM;100-275-41;"WSM 100-275-41 Powerhead Rebuild Kit; Yamaha 150 / 200 Hp 6 Cylinder 93-08 .010 Over";1204,03
WSM;100-275-42;"WSM 100-275-42 Powerhead Rebuild Kit; Yamaha 150 / 200 Hp 6 Cylinder 93-08 .020 Over";1204,03
WSM;100-275-43;"WSM 100-275-43 Powerhead Rebuild Kit; Yamaha 150 / 200 Hp 6 Cylinder 93-08 .030 Over";1204,03
WSM;100-275-44;"WSM 100-275-44 Powerhead Rebuild Kit; Yamaha 150 / 200 Hp 6 Cylinder 93-08 .040 Over";1204,03
WSM;100-275-40;"WSM 100-275-40 Powerhead Rebuild Kit; Yamaha 150 / 200 Hp 6 Cylinder 93-08 Standard";1204,03
WSM;100-45-31;"WSM 100-45-31 Powerhead Rebuild Kit; Mercury / Mariner 200 - 300 Hp 3L EFI .010 Over";1205,93
WSM;100-45-315;"WSM 100-45-315 Powerhead Rebuild Kit; Mercury / Mariner 200 - 300 Hp 3L EFI .015 Over";1205,93
WSM;100-45-32;"WSM 100-45-32 Powerhead Rebuild Kit; Mercury / Mariner 200 - 300 Hp 3L EFI .020 Over";1205,93
WSM;100-45-33;"WSM 100-45-33 Powerhead Rebuild Kit; Mercury / Mariner 200 - 300 Hp 3L EFI .030 Over";1205,93
WSM;100-45-34;"WSM 100-45-34 Powerhead Rebuild Kit; Mercury / Mariner 200 - 300 Hp 3L EFI .040 Over";1205,93
WSM;100-45-30;"WSM 100-45-30 Powerhead Rebuild Kit; Mercury / Mariner 200 - 300 Hp 3L EFI Standard";1205,93
WSM;100-45-21;"WSM 100-45-21 Powerhead Rebuild Kit; Mercury / Mariner 200 - 300 Hp 3L EFI 95-08 .010 Over";1218,08
WSM;100-45-215;"WSM 100-45-215 Powerhead Rebuild Kit; Mercury / Mariner 200 - 300 Hp 3L EFI 95-08 .015 Over";1218,08
WSM;100-45-22;"WSM 100-45-22 Powerhead Rebuild Kit; Mercury / Mariner 200 - 300 Hp 3L EFI 95-08 .020 Over";1218,08
WSM;100-45-23;"WSM 100-45-23 Powerhead Rebuild Kit; Mercury / Mariner 200 - 300 Hp 3L EFI 95-08 .030 Over";1218,08
WSM;100-45-24;"WSM 100-45-24 Powerhead Rebuild Kit; Mercury / Mariner 200 - 300 Hp 3L EFI 95-08 .040 Over";1218,08
WSM;100-45-20;"WSM 100-45-20 Powerhead Rebuild Kit; Mercury / Mariner 200 - 300 Hp 3L EFI 95-08 Standard";1218,08
WSM;100-275-31P;"WSM 100-275-31P Powerhead Rebuild Kit; Yamaha 150 - 225 Hp 6 Cylinder 92-08 .010 Over Platinum";1221,88
WSM;100-275-32P;"WSM 100-275-32P Powerhead Rebuild Kit; Yamaha 150 - 225 Hp 6 Cylinder 92-08 .020 Over Platinum";1221,88
WSM;100-275-33P;"WSM 100-275-33P Powerhead Rebuild Kit; Yamaha 150 - 225 Hp 6 Cylinder 92-08 .030 Over Platinum";1221,88
WSM;100-275-34P;"WSM 100-275-34P Powerhead Rebuild Kit; Yamaha 150 - 225 Hp 6 Cylinder 92-08 .040 Over Platinum";1221,88
WSM;100-48-115;"WSM 100-48-115 Powerhead Rebuild Kit; Mercury / Mariner 200 / 225 Hp 3L Optimax 03-04 .015 Over";1233,44
WSM;100-48-12;"WSM 100-48-12 Powerhead Rebuild Kit; Mercury / Mariner 200 / 225 Hp 3L Optimax 03-04 .020 Over";1233,44
WSM;100-48-13;"WSM 100-48-13 Powerhead Rebuild Kit; Mercury / Mariner 200 / 225 Hp 3L Optimax 03-04 .030 Over";1233,44
WSM;100-48-14;"WSM 100-48-14 Powerhead Rebuild Kit; Mercury / Mariner 200 / 225 Hp 3L Optimax 03-04 .040 Over";1233,44
WSM;100-275-21P;"WSM 100-275-21P Powerhead Rebuild Kit; Yamaha 150 - 225 Hp 6 Cylinder 92-08 .010 Over Platinum";1236,26
WSM;100-275-22P;"WSM 100-275-22P Powerhead Rebuild Kit; Yamaha 150 - 225 Hp 6 Cylinder 92-08 .020 Over Platinum";1236,61
WSM;100-275-23P;"WSM 100-275-23P Powerhead Rebuild Kit; Yamaha 150 - 225 Hp 6 Cylinder 92-08 .030 Over Platinum";1236,61
WSM;100-275-24P;"WSM 100-275-24P Powerhead Rebuild Kit; Yamaha 150 - 225 Hp 6 Cylinder 92-08 .040 Over Platinum";1236,61
WSM;100-275-20P;"WSM 100-275-20P Powerhead Rebuild Kit; Yamaha 150 - 225 Hp 6 Cylinder 92-08 Standard Platinum";1236,61
WSM;100-275-30P;"WSM 100-275-30P Powerhead Rebuild Kit; Yamaha 150 - 225 Hp 6 Cylinder 92-08 Standard Platinum";1236,61
WSM;100-275-41P;"WSM 100-275-41P Powerhead Rebuild Kit; Yamaha 150 / 200 Hp 6 Cylinder 93-08 .010 Over Platinum";1236,61
WSM;100-275-42P;"WSM 100-275-42P Powerhead Rebuild Kit; Yamaha 150 / 200 Hp 6 Cylinder 93-08 .020 Over Platinum";1236,61
WSM;100-275-43P;"WSM 100-275-43P Powerhead Rebuild Kit; Yamaha 150 / 200 Hp 6 Cylinder 93-08 .030 Over Platinum";1236,61
WSM;100-275-44P;"WSM 100-275-44P Powerhead Rebuild Kit; Yamaha 150 / 200 Hp 6 Cylinder 93-08 .040 Over Platinum";1236,61
WSM;100-275-40P;"WSM 100-275-40P Powerhead Rebuild Kit; Yamaha 150 / 200 Hp 6 Cylinder 93-08 Standard Platinum";1236,61
WSM;100-134-12;"WSM 100-134-12 Powerhead Rebuild Kit; Johnson / Evinrude 200 - 250 Hp Ficht 00-05 .020 Over";1237,21
WSM;100-134-13;"WSM 100-134-13 Powerhead Rebuild Kit; Johnson / Evinrude 200 - 250 Hp Ficht 00-05 .030 Over";1237,21
WSM;100-134-10;"WSM 100-134-10 Powerhead Rebuild Kit; Johnson / Evinrude 200 - 250 Hp Ficht 00-05 Standard";1237,21
WSM;100-47-315;"WSM 100-47-315 Powerhead Rebuild Kit; Mercury / Mariner 200 - 250 Hp 3L Optimax .015 Over";1240,15
WSM;100-47-32;"WSM 100-47-32 Powerhead Rebuild Kit; Mercury / Mariner 200 - 250 Hp 3L Optimax .020 Over";1240,15
WSM;100-47-33;"WSM 100-47-33 Powerhead Rebuild Kit; Mercury / Mariner 200 - 250 Hp 3L Optimax .030 Over";1240,15
WSM;100-47-34;"WSM 100-47-34 Powerhead Rebuild Kit; Mercury / Mariner 200 - 250 Hp 3L Optimax .040 Over";1240,15
WSM;100-47-30;"WSM 100-47-30 Powerhead Rebuild Kit; Mercury / Mariner 200 - 250 Hp 3L Optimax Standard";1240,15
WSM;100-45-11;"WSM 100-45-11 Powerhead Rebuild Kit; Mercury / Mariner 225 Hp 3L 94-01 .010 Over";1240,84
WSM;100-45-115;"WSM 100-45-115 Powerhead Rebuild Kit; Mercury / Mariner 225 Hp 3L 94-01 .015 Over";1240,84
WSM;100-45-12;"WSM 100-45-12 Powerhead Rebuild Kit; Mercury / Mariner 225 Hp 3L 94-01 .020 Over";1240,84
WSM;100-45-13;"WSM 100-45-13 Powerhead Rebuild Kit; Mercury / Mariner 225 Hp 3L 94-01 .030 Over";1240,84
WSM;100-45-14;"WSM 100-45-14 Powerhead Rebuild Kit; Mercury / Mariner 225 Hp 3L 94-01 .040 Over";1240,84
WSM;100-47-215;"WSM 100-47-215 Powerhead Rebuild Kit; Mercury / Mariner 250 Hp DFI V6 Sport Jet .015 Over";1245,54
WSM;100-47-22;"WSM 100-47-22 Powerhead Rebuild Kit; Mercury / Mariner 250 Hp DFI V6 Sport Jet .020 Over";1245,54
WSM;100-47-23;"WSM 100-47-23 Powerhead Rebuild Kit; Mercury / Mariner 250 Hp DFI V6 Sport Jet .030 Over";1245,54
WSM;100-47-24;"WSM 100-47-24 Powerhead Rebuild Kit; Mercury / Mariner 250 Hp DFI V6 Sport Jet .040 Over";1245,54
WSM;100-47-20;"WSM 100-47-20 Powerhead Rebuild Kit; Mercury / Mariner 250 Hp DFI V6 Sport Jet Standard";1245,54
WSM;100-133-21;"WSM 100-133-21 Powerhead Rebuild Kit; Johnson / Evinrude 150 / 175 Hp 6 Cylinder Ficht .010 Over";1245,66
WSM;100-133-22;"WSM 100-133-22 Powerhead Rebuild Kit; Johnson / Evinrude 150 / 175 Hp 6 Cylinder Ficht .020 Over";1245,66
WSM;100-133-23;"WSM 100-133-23 Powerhead Rebuild Kit; Johnson / Evinrude 150 / 175 Hp 6 Cylinder Ficht .030 Over";1245,66
WSM;100-133-24;"WSM 100-133-24 Powerhead Rebuild Kit; Johnson / Evinrude 150 / 175 Hp 6 Cylinder Ficht .040 Over";1245,66
WSM;100-133-20;"WSM 100-133-20 Powerhead Rebuild Kit; Johnson / Evinrude 150 / 175 Hp 6 Cylinder Ficht Standard";1245,66
WSM;100-136-12;"WSM 100-136-12 Powerhead Rebuild Kit; Johnson / Evinrude 200 - 250 Hp 3.3L E-Tec 04-14 .020 Over";1259,48
WSM;100-136-13;"WSM 100-136-13 Powerhead Rebuild Kit; Johnson / Evinrude 200 - 250 Hp 3.3L E-Tec 04-14 .030 Over";1259,48
WSM;100-136-14;"WSM 100-136-14 Powerhead Rebuild Kit; Johnson / Evinrude 200 - 250 Hp 3.3L E-Tec 04-14 .040 Over";1259,48
WSM;100-136-10;"WSM 100-136-10 Powerhead Rebuild Kit; Johnson / Evinrude 200 - 250 Hp 3.3L E-Tec 04-14 Standard";1259,48
WSM;100-47-115;"WSM 100-47-115 Powerhead Rebuild Kit; Mercury / Mariner 200 - 250 Hp 3L Optimax .015 Over";1259,7
WSM;100-47-12;"WSM 100-47-12 Powerhead Rebuild Kit; Mercury / Mariner 200 - 250 Hp 3L Optimax .020 Over";1259,7
WSM;100-47-13;"WSM 100-47-13 Powerhead Rebuild Kit; Mercury / Mariner 200 - 250 Hp 3L Optimax .030 Over";1259,7
WSM;100-47-14;"WSM 100-47-14 Powerhead Rebuild Kit; Mercury / Mariner 200 - 250 Hp 3L Optimax .040 Over";1259,7
WSM;100-47-10;"WSM 100-47-10 Powerhead Rebuild Kit; Mercury / Mariner 200 - 250 Hp 3L Optimax Standard";1259,7
WSM;100-48-10;"WSM 100-48-10 Powerhead Rebuild Kit; Mercury / Mariner 200 / 225 Hp 3L Optimax 03-04 Standard";1259,7
WSM;010-5007;"WSM 010-5007 Cylinder Head; Kawasaki 1500 09-26";1259,94
WSM;100-131-22;"WSM 100-131-22 Powerhead Rebuild Kit; Johnson / Evinrude 150 - 200 Hp V6 E-Tec 07-14 .020 Over";1279,01
WSM;100-131-23;"WSM 100-131-23 Powerhead Rebuild Kit; Johnson / Evinrude 150 - 200 Hp V6 E-Tec 07-14 .030 Over";1279,01
WSM;100-131-24;"WSM 100-131-24 Powerhead Rebuild Kit; Johnson / Evinrude 150 - 200 Hp V6 E-Tec 07-14 .040 Over";1279,01
WSM;100-131-20;"WSM 100-131-20 Powerhead Rebuild Kit; Johnson / Evinrude 150 - 200 Hp V6 E-Tec 07-14 Standard";1279,01
WSM;100-45-10;"WSM 100-45-10 Powerhead Rebuild Kit; Mercury / Mariner 225 Hp 3L 94-01 Standard";1280,14
WSM;100-51-11;"WSM 100-51-11 Powerhead Rebuild Kit; Mercury / Mariner 200 - 300 Hp XS DFI .010 Over";1306,4
WSM;100-51-115;"WSM 100-51-115 Powerhead Rebuild Kit; Mercury / Mariner 200 - 300 Hp XS DFI .015 Over";1306,4
WSM;100-51-12;"WSM 100-51-12 Powerhead Rebuild Kit; Mercury / Mariner 200 - 300 Hp XS DFI .020 Over";1306,4
WSM;100-51-13;"WSM 100-51-13 Powerhead Rebuild Kit; Mercury / Mariner 200 - 300 Hp XS DFI .030 Over";1306,4
WSM;100-51-14;"WSM 100-51-14 Powerhead Rebuild Kit; Mercury / Mariner 200 - 300 Hp XS DFI .040 Over";1306,4
WSM;100-51-10;"WSM 100-51-10 Powerhead Rebuild Kit; Mercury / Mariner 225 - 300 Hp XS DFI Standard";1315,8
WSM;100-48-215;"WSM 100-48-215 Powerhead Rebuild Kit; Mercury / Mariner 200 / 225 Hp 3L Optimax 98-02 .015 Over";1322,69
WSM;100-48-22;"WSM 100-48-22 Powerhead Rebuild Kit; Mercury / Mariner 200 / 225 Hp 3L Optimax 98-02 .020 Over";1322,69
WSM;100-48-23;"WSM 100-48-23 Powerhead Rebuild Kit; Mercury / Mariner 200 / 225 Hp 3L Optimax 98-02 .030 Over";1322,69
WSM;100-48-24;"WSM 100-48-24 Powerhead Rebuild Kit; Mercury / Mariner 200 / 225 Hp 3L Optimax 98-02 .040 Over";1322,69
WSM;100-48-20;"WSM 100-48-20 Powerhead Rebuild Kit; Mercury / Mariner 200 / 225 Hp 3L Optimax 98-02 Standard";1327,61
WSM;100-137-12;"WSM 100-137-12 Powerhead Rebuild Kit; Johnson / Evinrude 200 - 300 Hp 3.4L E-Tec 07-17 .020 Over";1336,62
WSM;100-137-13;"WSM 100-137-13 Powerhead Rebuild Kit; Johnson / Evinrude 200 - 300 Hp 3.4L E-Tec 07-17 .030 Over";1336,62
WSM;100-137-14;"WSM 100-137-14 Powerhead Rebuild Kit; Johnson / Evinrude 200 - 300 Hp 3.4L E-Tec 07-17 .040 Over";1336,62
WSM;100-137-10;"WSM 100-137-10 Powerhead Rebuild Kit; Johnson / Evinrude 200 - 300 Hp 3.4L E-Tec 07-17 Standard";1336,62
WSM;100-290-11;"WSM 100-290-11 Powerhead Rebuild Kit; Yamaha 150 - 200 Hp HPDI .010 Over";1464,37
WSM;100-290-12;"WSM 100-290-12 Powerhead Rebuild Kit; Yamaha 150 - 200 Hp HPDI .020 Over";1464,37
WSM;100-290-13;"WSM 100-290-13 Powerhead Rebuild Kit; Yamaha 150 - 200 Hp HPDI .030 Over";1464,37
WSM;100-290-14;"WSM 100-290-14 Powerhead Rebuild Kit; Yamaha 150 - 200 Hp HPDI .040 Over";1464,37
WSM;100-290-10;"WSM 100-290-10 Powerhead Rebuild Kit; Yamaha 150 - 200 Hp HPDI Standard";1464,37
WSM;100-290-11P;"WSM 100-290-11P Powerhead Rebuild Kit; Yamaha 150 - 200 Hp HPDI .010 Over Platinum";1499,39
WSM;100-290-12P;"WSM 100-290-12P Powerhead Rebuild Kit; Yamaha 150 - 200 Hp HPDI .020 Over Platinum";1499,39
WSM;100-290-13P;"WSM 100-290-13P Powerhead Rebuild Kit; Yamaha 150 - 200 Hp HPDI .030 Over Platinum";1499,39
WSM;100-290-14P;"WSM 100-290-14P Powerhead Rebuild Kit; Yamaha 150 - 200 Hp HPDI .040 Over Platinum";1499,39
WSM;100-290-10P;"WSM 100-290-10P Powerhead Rebuild Kit; Yamaha 150 - 200 Hp HPDI Standard Platinum";1499,39
WSM;100-295-12;"WSM 100-295-12 Powerhead Rebuild Kit; Yamaha 200 - 300 Hp 3.3L HPDI .020 Over";1564,2
WSM;100-295-13;"WSM 100-295-13 Powerhead Rebuild Kit; Yamaha 200 - 300 Hp 3.3L HPDI .030 Over";1564,2
WSM;100-295-14;"WSM 100-295-14 Powerhead Rebuild Kit; Yamaha 200 - 300 Hp 3.3L HPDI .040 Over";1564,2
WSM;100-295-10;"WSM 100-295-10 Powerhead Rebuild Kit; Yamaha 200 - 300 Hp 3.3L HPDI Standard";1564,2
WSM;010-5006;"WSM 010-5006 Cylinder Head; Yamaha 1800 08-26";1581,89
WSM;010-5006K;"WSM 010-5006K Cylinder Head; Complete; Yamaha 1800 16-21";2570,34
